unit_id,name,state,act_med,adm_rate,comp_rate,cost_net,cost_sticker,death_pct,debt,earnings_med,earnings_sd,faculty_full_time,faculty_salary_mean,female,first_gen,instruct_exp,locale,median_hh_inc,open_admissions,pbi,pell_pct,retention_rate,sat_mean,test_policy,type,veteran,women_only
100654,Alabama A & M University,AL,18,0.6622,0.2874,14559,23751,,16600,27851,25637,0.7146,77490,0.5640301318,0.3658280922,6298,City,49720,No,No,0.6441,0.6387,947,Considered but not required,Public,0.003138732,No
100663,University of Alabama at Birmingham,AL,27,0.8842,0.626,17727,27826,,15832,46572,42095,0.7584,109899,0.6390907397,0.341223671,17179,City,55735,No,No,0.3318,0.8195,1251,Considered but not required,Public,0.0031675051,No
100690,Amridge University,AL,,,0.4,,,,13385,30377,24493,1,45981,0.6486486486,0.5125,5671,City,53683,Yes,No,0.6842,,,,"Private, nonprofit",0.0405405405,No
100706,University of Alabama in Huntsville,AL,28,0.7425,0.6191,19880,27098,,13905,55610,36093,0.6308,93699,0.4763499372,0.3101321586,9461,City,58688,No,No,0.225,0.805,1321,Considered but not required,Public,,No
100724,Alabama State University,AL,18,0.9564,0.3018,13889,22028,,17500,27453,37402,0.6637,72135,0.6134185304,0.3434343434,11082,City,46065,No,No,0.7203,0.6045,977,Considered but not required,Public,,No
100751,The University of Alabama,AL,26,0.7582,0.7369,22150,32024,,17986,52233,59300,0.7836,99810,0.6152524168,0.2257126887,9380,City,57928,No,No,0.1799,0.8609,1287,Considered but not required,Public,0.0039742213,No
100812,Athens State University,AL,,,,,,,14861,46266,32307,0.4783,85068,0.705078125,0.4774964838,9639,Town,50752,,No,0.4238,,,,Public,,No
100830,Auburn University at Montgomery,AL,21,0.9263,0.3568,14596,21873,,13119,38216,28205,0.6955,79407,0.6929480901,0.38189609,7006,City,50723,No,Yes,0.4275,0.658,1090,Considered but not required,Public,0.0048971596,No
100858,Auburn University,AL,,0.5047,0.7921,23897,34402,,17750,54629,46748,0.8587,107163,0.531504671,0.1726471191,10041,City,59005,No,No,0.1226,0.9319,1318,Considered but not required,Public,0.0023852117,No
100937,Birmingham-Southern College,AL,25,0.5194,0.6418,23351,38385,,16000,45229,,0.7455,59274,0.520361991,0.1724941725,10898,City,64789,No,No,0.2256,0.6311,1197,Considered but not required,"Private, nonprofit",,No
101116,South University-Montgomery,AL,,,0.1538,25157,30704,0.003513513514,13000,34115,35235,0.1321,55377,0.7628668652,0.4722883373,7449,City,55764,Yes,No,0.6952,0.2857,,,"Private, for-profit",0.0162342266,No
101189,Faulkner University,AL,20,0.6613,0.3766,21165,36910,,15000,37313,27772,0.5943,59166,0.6387315968,0.4300319489,8310,City,52330,No,Yes,0.4381,0.7039,1016,Considered but not required,"Private, nonprofit",,No
101365,Herzing University-Birmingham,AL,,0.9449,0.25,20957,27195,0.003789792825,11756,35295,31369,0.5185,60696,0.8135465189,0.5209032652,5079,Suburb,60281,No,No,0.6368,,,Neither required nor recommended,"Private, nonprofit",0.0093163792,No
101435,Huntingdon College,AL,22,0.7083,0.4694,21401,39686,,20000,42147,28604,0.8429,69507,0.4704142012,0.3456,7839,City,54037,No,No,0.3879,0.6667,1148,Considered but not required,"Private, nonprofit",,No
101453,Heritage Christian University,AL,,1,0.5,,,,,,,1,49401,,,7714,City,51048,No,No,0.3537,0.6667,,Required,"Private, nonprofit",,No
101480,Jacksonville State University,AL,20,0.7622,0.5112,14850,23422,,14000,40158,37634,0.6534,69966,0.5886792453,0.3637702504,6797,Suburb,48389,No,No,0.4309,0.6442,1055,Considered but not required,Public,,No
101587,University of West Alabama,AL,19,0.8711,0.3804,13832,22402,,13000,37106,,0.3401,68643,0.5577586207,0.403210576,7978,Rural,40238,No,Yes,0.5401,0.6075,1015,Considered but not required,Public,,No
101675,Miles College,AL,,,0.2566,14514,22900,,15691,25822,22234,0.4706,48951,0.4668079096,0.4164588529,3907,Suburb,43157,Yes,No,0.7552,0.5563,,,"Private, nonprofit",,No
101693,University of Mobile,AL,,0.7251,0.5551,19603,38731,,19000,37411,,1,52110,0.6732804233,0.3242857143,8372,Rural,51833,No,No,0.2986,0.7169,1220,Considered but not required,"Private, nonprofit",,No
101709,University of Montevallo,AL,23,0.539,0.4938,17053,26233,,16000,35406,20159,0.6971,76941,0.6827586207,0.3252375924,12968,Town,59047,No,No,0.3904,0.7315,,Neither required nor recommended,Public,,No
101879,University of North Alabama,AL,,0.9648,0.5403,11024,22086,,15781,38295,28613,0.5604,81441,0.6013931889,0.36326024,7641,City,48189,No,No,0.2411,0.7776,,Neither required nor recommended,Public,,No
101912,Oakwood University,AL,,0.5051,0.4891,23384,38592,,21500,30969,29211,0.6047,51822,0.5860805861,0.17623498,8660,City,60906,No,No,0.4735,0.6388,,Neither required nor recommended,"Private, nonprofit",,No
102049,Samford University,AL,26,0.8223,0.7988,30795,53934,,15750,49466,,0.99,88290,0.6588785047,0.1380552221,16196,Suburb,69602,No,No,0.1084,0.8765,1203,Considered but not required,"Private, nonprofit",,No
102058,Selma University,AL,,,0.24,,,,,,,,,0.5220338983,0.6194331984,8074,Town,,Yes,No,0,,,,"Private, nonprofit",,No
102094,University of South Alabama,AL,23,0.6549,0.5257,15142,22070,,17750,41307,30198,0.6575,69876,0.6229367631,0.334257975,10579,City,51919,No,No,0.3713,0.7625,1119,Considered but not required,Public,0.0032154341,No
102234,Spring Hill College,AL,19,0.591,0.5612,19514,37172,,21500,41358,27137,0.6452,50778,0.6452599388,0.2516339869,8919,City,59048,No,No,0.3301,0.6578,1090,Considered but not required,"Private, nonprofit",,No
102270,Stillman College,AL,,0.7422,0.4103,12272,23485,,16000,29790,,0.5476,48735,0.4610051993,0.4105058366,5518,City,46186,No,No,0.682,0.7886,,Neither required nor recommended,"Private, nonprofit",,No
102298,Talladega College,AL,,0.9925,0.6497,13461,23441,,15000,22613,,0.4659,53559,0.4897540984,0.3980582524,2342,Town,44867,No,No,0.7551,0.8142,,Neither required nor recommended,"Private, nonprofit",,No
102368,Troy University,AL,21,0.9261,0.4684,13869,21816,,15985,39392,32087,0.5016,67419,0.6510154346,0.3898457122,8185,Town,49132,No,No,0.423,0.7299,1086,Considered but not required,Public,0.0068237206,No
102377,Tuskegee University,AL,22,0.3143,0.5709,32977,41924,,21250,38332,30443,0.8604,65781,0.6509505703,0.2306438468,15926,Town,54155,No,No,0.4767,0.7298,1121,Considered but not required,"Private, nonprofit",,No
102395,United States Sports Academy,AL,,0.3529,,,,,10976,45521,,0.2444,67068,0.2394366197,,9402,City,59896,No,No,0.3478,0,,Neither required nor recommended,"Private, nonprofit",,No
102553,University of Alaska Anchorage,AK,,0.6652,0.2894,13780,21848,,11231,42313,36746,0.5389,89613,0.5987699877,0.3891938746,16250,City,72116,No,No,0.191,0.7166,,Neither required nor recommended,Public,0.0098400984,No
102580,Alaska Bible College,AK,,,1,14093,22101,,,,,,,,,8702,Suburb,,Yes,No,0.4872,0.3333,,,"Private, nonprofit",,No
102614,University of Alaska Fairbanks,AK,22,,0.3197,9634,21182,,11283,40746,32933,0.6217,91170,0.5940482875,0.3988326848,20352,City,65084,Yes,No,0.2237,0.721,,,Public,0.0145985401,No
102632,University of Alaska Southeast,AK,,0.625,0.3097,7233,16796,,10500,38811,,0.4972,81819,0.6978557505,0.3951434879,18705,Rural,73622,No,No,0.1398,0.7143,,Neither required nor recommended,Public,,No
102669,Alaska Pacific University,AK,,0.8621,0.4688,18976,34964,,12696,47803,32059,0.4775,65673,0.6301369863,,14628,City,70542,No,No,0.3442,0.6818,,Neither required nor recommended,"Private, nonprofit",,No
102845,Charter College,AK,,,0.5753,25225,31188,0.004078605858,11884,35427,25151,0.2821,47682,0.7612694562,0.5540401441,2637,City,75163,Yes,No,0.5579,,,,"Private, for-profit",0.0082878512,No
104090,Brookline College-Phoenix,AZ,,,0.5023,,,,9500,32705,28700,0.4545,65070,0.7960954447,0.5590327169,6859,City,50758,Yes,No,0.5823,0,,,"Private, for-profit",0.0068691251,No
104151,Arizona State University Campus Immersion,AZ,,0.9019,0.6785,13670,28047,0.001611485497,13610,52843,44758,0.7282,111024,0.5568306611,0.3813179205,14362,City,69074,No,No,0.2966,0.8532,,Neither required nor recommended,Public,0.0065341533,No
104179,University of Arizona,AZ,25,0.8566,0.6589,15960,28543,,13750,47665,43995,0.7627,110016,0.5628539071,0.3140729569,15353,City,64708,No,No,0.2624,0.8767,1261,Considered but not required,Public,0.0031361617,No
104586,Embry-Riddle Aeronautical University-Prescott,AZ,26,0.7519,0.6976,39983,60158,,14250,65391,40736,0.752,87021,0.1816434407,0.3554592721,14495,City,66671,No,No,0.174,0.8382,1256,Considered but not required,"Private, nonprofit",0.0195418869,No
104665,The School of Architecture,AZ,,,,,,,,,,,38574,,,49104,City,,,No,,,,,"Private, nonprofit",,No
104717,Grand Canyon University,AZ,,0.6036,0.4304,21931,31493,0.002738614464,12500,47280,46573,0.0925,67311,0.743284234,0.4744080533,2367,City,62877,No,No,0.4308,0.6838,1095,Considered but not required,"Private, for-profit",0.0085903565,No
105297,Dine College,AZ,,,0.0549,10218,13872,,,23195,,1,58527,0.634746922,0.4318936877,6544,Rural,32363,Yes,No,0.3895,0.3333,,,Public,,No
105330,Northern Arizona University,AZ,,0.9095,0.5686,14922,29495,0.001933372992,12916,47308,34890,0.7066,86265,0.6385814497,0.3868625756,7733,City,59985,No,No,0.2983,0.7256,,Neither required nor recommended,Public,0.0053780203,No
105534,Pima Medical Institute-Tucson,AZ,,,0.7264,,,0.00200927357,9500,37302,28415,0.2716,52083,0.8313038083,0.5053929122,3441,City,59572,Yes,No,0.4846,,,,"Private, for-profit",0.0086868844,No
105589,Prescott College,AZ,,0.9857,0.3594,20906,47228,,12500,33539,,0.3534,52317,0.6956521739,0.2319587629,6073,City,62739,No,No,0.4728,0.75,,Neither required nor recommended,"Private, nonprofit",,No
105899,Arizona Christian University,AZ,20,0.7442,0.4145,32383,50950,,6251,39524,69566,0.3736,48888,0.2894736842,0.3825503356,4139,Suburb,65520,No,No,0.3318,0.5525,,Neither required nor recommended,"Private, nonprofit",,No
106245,University of Arkansas at Little Rock,AR,22,0.5774,0.4142,16136,21013,,14500,40040,31058,1,71028,0.6464909992,0.3910404624,9119,City,51732,No,No,0.4105,0.7146,1049,Required,Public,0.0060005218,No
106263,University of Arkansas for Medical Sciences,AR,,,,,,,13000,66491,35184,0.7749,85149,0.8375,0.3950276243,44584,City,49718,,No,0.2694,,,,Public,,No
106306,Arkansas Baptist College,AR,,,0.0798,11139,22626,,8250,22652,,0.4146,44748,0.2502857143,0.4495289367,5169,City,43283,Yes,No,0.4597,0.2143,,,"Private, nonprofit",,No
106342,Lyon College,AR,24,0.6554,0.5591,22670,44943,,10699,37629,,1,54153,0.4325068871,0.3,20419,Town,48616,No,No,0.3596,0.6806,,Neither required nor recommended,"Private, nonprofit",,No
106397,University of Arkansas,AR,25,0.7167,0.6997,17525,26161,,15749,49686,39435,0.8243,94428,0.5588193956,0.2599614872,10999,City,52450,No,No,0.173,0.8646,1174,Considered but not required,Public,0.0029515109,No
106412,University of Arkansas at Pine Bluff,AR,16,0.5754,0.3968,11679,20907,,14328,31161,23686,0.831,54900,0.5960854093,0.3677375256,12988,Town,42634,No,No,0.6687,0.6454,916,Required,Public,,No
106458,Arkansas State University,AR,23,0.6967,0.551,13085,22823,,15000,38944,29271,1,68409,0.6108749161,0.3882667965,5974,City,42159,No,No,0.3679,0.7782,1119,Considered but not required,Public,,No
106467,Arkansas Tech University,AR,,0.9629,0.4866,12171,21536,,11350,37638,28855,1,61812,0.5661364132,0.4574780059,6777,Town,43602,No,No,0.3375,0.7108,1050,Considered but not required,Public,,No
106485,University of Arkansas at Monticello,AR,,,0.4327,14013,20741,,11364,31332,,1,53289,0.537007874,0.4533974744,9944,Town,39642,Yes,No,0.4938,0.689,,,Public,,No
106704,University of Central Arkansas,AR,23,0.9047,0.5335,16775,24265,,13000,36670,30985,0.766,66564,0.6165561287,0.3459589224,8773,City,48705,No,No,0.3734,0.7343,1117,Considered but not required,Public,,No
106713,Central Baptist College,AR,21,0.4636,0.3529,16664,27468,,12876,37681,,0.3906,48267,0.4609929078,0.3455497382,4392,City,50351,No,No,0.422,0.5922,1022,Required,"Private, nonprofit",,No
106810,Crowley's Ridge College,AR,,,0.2609,17236,25817,,13918,33362,,0.4737,50427,0.3921568627,0.3956834532,3345,Rural,43531,Yes,No,0.48,0.7111,,,"Private, nonprofit",,No
107044,Harding University,AR,24,1,0.7094,20579,36385,,21601,43555,,0.7064,70317,0.5682910089,0.2054794521,11289,Town,61757,No,No,0.1922,0.8663,1187,Required,"Private, nonprofit",,No
107071,Henderson State University,AR,21,0.8192,0.3805,16929,25946,,12000,35194,23378,0.9875,60804,0.5543415756,0.3767383059,7540,Town,45548,No,No,0.477,0.5935,,Neither required nor recommended,Public,,No
107080,Hendrix College,AR,28,0.5298,0.6923,23409,52396,,19500,39913,,1,74376,0.505952381,0.1920668058,12366,City,63550,No,No,0.2341,0.7824,1336,Considered but not required,"Private, nonprofit",,No
107141,John Brown University,AR,26,0.6764,0.6677,21144,43260,,17000,46114,51017,0.9558,67257,0.6155844156,0.2888283379,10223,Town,56884,No,No,0.2138,0.8421,1222,Considered but not required,"Private, nonprofit",,No
107512,Ouachita Baptist University,AR,,0.6852,0.703,22355,45132,,15000,41697,,0.9504,62757,0.4945054945,0.2354892206,9962,Town,61306,No,No,0.226,0.827,1212,Considered but not required,"Private, nonprofit",,No
107558,University of the Ozarks,AR,21,0.5814,0.5176,13630,35391,,11000,37651,,0.8226,61749,0.4859550562,0.346875,12285,Town,51329,No,No,0.3597,0.7289,1088,Considered but not required,"Private, nonprofit",,No
107600,Philander Smith University,AR,,,0.3231,15360,26729,,14750,25254,18204,1,55233,0.6232439336,0.4303405573,5274,City,45434,Yes,No,0.7139,0.6728,,,"Private, nonprofit",,No
107877,Williams Baptist University,AR,22,0.5888,0.3592,15875,32222,,9500,38067,,1,49392,0.4346153846,0.3235294118,3828,Rural,42485,No,No,0.4715,0.4965,1018,Considered but not required,"Private, nonprofit",,No
107983,Southern Arkansas University Main Campus,AR,22,0.6659,0.465,15944,24721,,12500,37008,27135,0.59,66339,0.5619419643,0.4209215442,6759,Town,42416,No,No,0.446,0.6913,1050,Required,Public,,No
108092,University of Arkansas-Fort Smith,AR,,0.8147,0.3696,10097,18052,,10750,35925,26390,0.6171,65052,0.5636766334,0.4840221559,9096,City,45327,No,No,0.3914,0.7163,1050,Required,Public,0.0062753784,No
108232,Academy of Art University,CA,,,0.4046,39778,47195,,11000,30452,38422,0.1997,74304,0.5731981982,0.4083701586,15380,City,74015,Yes,No,0.4176,0.6725,,,"Private, for-profit",0.0087837838,No
108269,Academy of Chinese Culture and Health Sciences,CA,,,,,,,,,,,,,,8419,City,,,No,,,,,"Private, nonprofit",,No
108861,Berkeley School of Theology,CA,,0.6296,,,,,,,,0.381,64062,,,28220,City,,No,No,0,,,Neither required nor recommended,"Private, nonprofit",,No
108870,American Film Institute Conservatory,CA,,,,,,,,,,0.1091,91881,,,5704,City,,,No,,,,,"Private, nonprofit",,No
109350,Antelope Valley Community College District,CA,,,0.3061,8263,15158,,8619,28110,28803,0.2503,96372,0.588590057,0.5615699806,8053,Suburb,58643,Yes,No,0.4203,,,,Public,0.0084759576,No
109651,Art Center College of Design,CA,,0.7498,0.8261,50209,71652,,26000,53562,61285,0.2389,78534,0.5523465704,0.2428842505,26122,City,74131,No,No,0.245,0.8221,,Neither required nor recommended,"Private, nonprofit",,No
109785,Azusa Pacific University,CA,22,0.7948,0.6442,19798,54735,,19710,56794,47379,0.349,90864,0.7258883249,0.3798259924,11098,Suburb,73950,No,No,0.3465,0.8373,1155,Considered but not required,"Private, nonprofit",0.0058013053,No
109819,Bakersfield College,CA,,,0.2263,4751,13726,,9500,29867,28354,0.5346,103086,0.5835383858,0.6305084746,6442,City,46274,Yes,No,0.2876,0,,,Public,0.0056594488,No
110060,Bethesda University,CA,,,0.1818,8388,11766,,7648,37397,,0.125,37107,0.34375,0.4939759036,3605,City,73410,Yes,No,0.25,0.5455,,,"Private, nonprofit",,No
110097,Biola University,CA,26,0.6008,0.6881,28101,58430,,19000,45752,47175,1,74826,0.6677920324,0.2355072464,12843,Suburb,75484,No,No,0.2601,0.8526,1258,Considered but not required,"Private, nonprofit",,No
110219,Bryan University,AZ,,,0.24,20948,26688,,13763,32146,,0.1554,50679,0.6715830875,0.535202864,4225,City,60965,Yes,No,0.747,,,,"Private, for-profit",0.058013766,No
110316,California Institute of Integral Studies,CA,,,,,,,18750,56360,,0.3543,88956,0.7764705882,,12002,City,76698,,No,0.5402,,,,"Private, nonprofit",,No
110361,California Baptist University,CA,,0.7357,0.5953,27384,52408,,20500,52336,36376,0.4943,96012,0.6606170599,0.4160798122,9514,City,66849,No,No,0.4096,0.7421,,Neither required nor recommended,"Private, nonprofit",0.0064817215,No
110370,California College of the Arts,CA,,0.734,0.5872,42168,78664,,19500,38308,57560,0.2292,81774,0.6189189189,0.2441860465,22934,City,73343,No,No,0.2474,0.5737,,Neither required nor recommended,"Private, nonprofit",,No
110398,University of California College of the Law-San Francisco,CA,,,,,,,,,,0.2816,163035,,,31906,City,77597,,No,,,,,Public,,No
110404,California Institute of Technology,CA,,0.0314,0.9316,18902,83598,,12000,132140,,0.9304,204858,0.4565217391,,119648,City,81448,No,No,0.1487,0.9777,,Neither required nor recommended,"Private, nonprofit",,No
110413,California Lutheran University,CA,26,0.8888,0.7402,26433,63768,,18970,54981,43665,1,94167,0.6172284644,0.3538587849,11410,City,81648,No,No,0.3016,0.8056,1224,Considered but not required,"Private, nonprofit",,No
110422,California Polytechnic State University-San Luis Obispo,CA,,0.2975,0.8519,15624,29918,,15396,72358,51953,0.6907,103068,0.5029626253,0.2480620155,11005,Suburb,74683,No,No,0.1832,0.9521,,Neither required nor recommended,Public,,No
110468,Alliant International University-San Diego,CA,,0,0.2222,,,,12500,47218,41552,0.9881,73188,0.6993670886,0.3192982456,9001,City,71211,No,No,0.0219,,,Neither required nor recommended,"Private, for-profit",,No
110486,California State University-Bakersfield,CA,,0.8819,0.4931,5825,18815,,11270,44282,33612,0.5383,92466,0.6426605505,0.5817223199,8771,City,53982,No,No,0.612,0.7972,,Neither required nor recommended,Public,0.0027522936,No
110495,California State University-Stanislaus,CA,,0.9747,0.58,5671,18542,,11750,47793,35236,0.5287,95049,0.6771726535,0.5994566858,10258,Suburb,56979,No,No,0.5531,0.8017,,Neither required nor recommended,Public,0.0050984936,No
110510,California State University-San Bernardino,CA,,0.9825,0.5465,5918,16910,,12445,43149,32430,0.4573,97290,0.6247122956,0.5968578162,9008,City,59070,No,No,0.5713,0.7764,,Neither required nor recommended,Public,0.0047244094,No
110529,California State Polytechnic University-Pomona,CA,,0.737,0.6674,11580,22672,,13437,54466,38040,0.4669,104904,0.4947096457,0.4927816639,7947,Suburb,68064,No,No,0.4603,0.8814,,Neither required nor recommended,Public,0.0054133858,No
110538,California State University-Chico,CA,,0.9372,0.6363,14838,25590,,14500,50493,39069,0.5733,93474,0.5745917085,0.4734012975,8993,City,61867,No,No,0.4008,0.8371,,Neither required nor recommended,Public,0.0039258794,No
110547,California State University-Dominguez Hills,CA,,0.9132,0.4685,3659,15449,,11902,46827,36915,0.4635,96687,0.6572807723,0.5905017921,8248,City,54533,No,No,0.6104,0.6562,,Neither required nor recommended,Public,0.0065969429,No
110556,California State University-Fresno,CA,,0.9638,0.5482,6480,18650,,12463,44012,34026,0.5416,92475,0.6211972522,0.5324517404,8429,City,53295,No,No,0.5573,0.7778,,Neither required nor recommended,Public,0.003598299,No
110565,California State University-Fullerton,CA,,0.8674,0.6922,5646,16767,,12000,48558,39752,0.4951,99981,0.5980079371,0.4944552529,7629,Suburb,73036,No,No,0.4714,0.8499,,Neither required nor recommended,Public,0.0041241927,No
110574,California State University-East Bay,CA,,0.9681,0.4551,11276,22803,,12500,55546,49788,0.4487,102870,0.659212283,0.5092975207,8096,Suburb,78750,No,No,0.4357,0.7857,,Neither required nor recommended,Public,0.0063417891,No
110583,California State University-Long Beach,CA,,0.4712,0.6986,8931,20310,,12227,50062,39233,0.4567,100341,0.5901544561,0.4862716763,9081,City,66954,No,No,0.4932,0.853,,Neither required nor recommended,Public,0.0039646486,No
110592,California State University-Los Angeles,CA,,0.9193,0.5257,4113,17153,,11966,45702,34696,0.4162,100773,0.6057798555,0.6153393718,7683,City,52850,No,No,0.6605,0.7287,,Neither required nor recommended,Public,0.0030599235,No
110608,California State University-Northridge,CA,,0.9315,0.5618,7599,20317,,12000,44372,34414,0.4456,99846,0.5794554799,0.5386728094,7702,City,64055,No,No,0.5599,0.744,,Neither required nor recommended,Public,0.0044450618,No
110617,California State University-Sacramento,CA,,0.9362,0.5582,10512,22714,,12500,51074,38259,0.4705,95616,0.5933941764,0.4904833191,8419,City,65686,No,No,0.4863,0.8107,,Neither required nor recommended,Public,0.0053889613,No
110635,University of California-Berkeley,CA,,0.1166,0.9289,14979,42708,,12000,74919,83425,0.7029,181647,0.5464962539,0.3458005249,21970,City,77601,No,No,0.2733,0.9675,,Neither required nor recommended,Public,0.0026443367,No
110644,University of California-Davis,CA,,0.4163,0.8507,15288,38067,,11000,58461,51861,0.8651,159471,0.6267241379,0.4083114282,30954,Suburb,76621,No,No,0.3078,0.9337,,Neither required nor recommended,Public,0.0025862069,No
110653,University of California-Irvine,CA,,0.2557,0.8595,12840,36121,,13820,56210,54091,0.8416,163917,0.5660897365,0.4398111723,28307,City,78085,No,No,0.3729,0.9379,,Neither required nor recommended,Public,0.0013228971,No
110662,University of California-Los Angeles,CA,,0.0873,0.9266,14013,36643,,12983,59063,66846,0.7434,196002,0.6031569586,0.3808913934,68050,City,72896,No,No,0.271,0.9676,,Neither required nor recommended,Public,0.0027790129,No
110671,University of California-Riverside,CA,,0.633,0.7656,13707,34975,,14944,48593,38802,0.8903,146655,0.5768869034,0.4834699068,16077,City,68292,No,No,0.4669,0.8819,,Neither required nor recommended,Public,0.0014107689,No
110680,University of California-San Diego,CA,,0.2452,0.8763,11750,36325,,14778,65669,63611,0.8795,166140,0.5198560768,0.3957082833,25949,City,76397,No,No,0.3289,0.9392,,Neither required nor recommended,Public,0.0026652452,No
110699,University of California-San Francisco,CA,,,,,,,,,,0.6368,132102,0.5217391304,,181997,City,78614,,No,,,,,Public,,No
110705,University of California-Santa Barbara,CA,,0.2778,0.8533,13825,36776,,11875,56852,50527,0.8968,178191,0.5778541309,0.4240058108,15420,Suburb,73046,No,No,0.2799,0.9191,,Neither required nor recommended,Public,,No
110714,University of California-Santa Cruz,CA,,0.6254,0.7445,16607,38649,,14334,49716,49194,0.8415,152559,0.5430579965,0.3674975075,12450,City,78075,No,No,0.3175,0.8967,,Neither required nor recommended,Public,,No
110778,Sofia University,CA,,,,,,,,,,0.4513,60966,,,4594,City,,,No,0.5,,,,"Private, for-profit",,No
111045,Haven University,CA,,,,,,,,,,,13500,,,8372,Suburb,,Yes,No,,,,,"Private, nonprofit",,No
111081,California Institute of the Arts,CA,,0.2595,0.6415,47183,78425,,16994,28018,,0.4675,90450,0.5264900662,0.1573426573,31777,Suburb,74875,No,No,0.2213,0.86240000000000006,,Neither required nor recommended,"Private, nonprofit",,No
111188,California State University Maritime Academy,CA,,0.9873,0.6682,17555,27138,,16889,84676,49423,0.7625,102204,0.1915422886,0.1994750656,25645,City,78248,No,No,0.2871,0.7586,,Neither required nor recommended,Public,,No
111391,California Western School of Law,CA,,,,,,,,,,0.5,113868,,,13654,City,70227,,No,,,,,"Private, nonprofit",,No
111948,Chapman University,CA,29,0.5561,0.8036,47527,81327,,17750,58080,50904,0.9983,118620,0.6474741988,0.1787741203,20788,City,73437,No,No,0.1974,0.8999,1353,Considered but not required,"Private, nonprofit",,No
111966,Charles R Drew University of Medicine and Science,CA,,0.3878,0.5,27789,33973,,14750,60939,,0.2366,85410,0.6774193548,0.4770642202,20559,Suburb,55906,No,No,0.313,0.7857,,Neither required nor recommended,"Private, nonprofit",,No
112075,Concordia University-Irvine,CA,25,0.5986,0.625,28046,56500,,19000,53777,43444,1,70002,0.6727078891,0.2838633687,8839,City,79890,No,No,0.2295,0.7558,,Neither required nor recommended,"Private, nonprofit",,No
112084,San Diego Christian College,CA,,0.6281,0.2353,7871,40057,,13000,39848,,0.1818,76743,0.5431235431,0.4083769634,5296,Suburb,66943,No,No,0.1605,0.127,,Neither required nor recommended,"Private, nonprofit",,No
112127,Church Divinity School of the Pacific,CA,,,,,,,,,,0.5385,116982,,,25310,City,,,No,,,,,"Private, nonprofit",,No
112251,Claremont Graduate University,CA,,,,,,,,,,0.7739,129951,0.6,,28043,Suburb,68303,,No,,,,,"Private, nonprofit",,No
112260,Claremont McKenna College,CA,34,0.1112,0.9517,27384,82127,,11948,87603,72123,0.9118,145899,0.4882629108,,42735,Suburb,82855,No,No,0.1948,0.9627,1514,Considered but not required,"Private, nonprofit",,No
112394,University of Silicon Valley,CA,,0.5131,0.3492,30799,36361,,18334,39802,,0.1385,74871,0.3424657534,0.2790697674,8018,City,90231,No,No,0.4749,0.5833,,Neither required nor recommended,"Private, for-profit",,No
112525,Western University of Health Sciences,CA,,,,,,,,,,0.8746,106623,,,36656,Suburb,68302,,No,,,,,"Private, nonprofit",,No
112570,California College of ASU,CA,,,0.4842,30320,33732,,13167,33350,,0.0617,57654,0.4504504505,0.2953367876,7505,City,66257,Yes,No,0.474,0.3636,,,"Private, nonprofit",,No
113236,Cypress College,CA,,,0.351,4683,15752,,7500,35285,36767,0.3592,120141,0.6001285072,0.5358838313,6844,City,66567,Yes,No,0.3215,,,,Public,0.0081387877,No
113582,Design Institute of San Diego,CA,,0.875,0.5,31293,42093,,24530,46916,,,58941,,,7437,City,71383,No,No,0.5484,0.7143,,Neither required nor recommended,"Private, for-profit",,No
113698,Dominican University of California,CA,23,0.9562,0.7627,50218,68620,,24250,71477,55026,0.3267,84888,0.7291666667,0.306122449,13027,City,79219,No,No,0.2958,0.8837,1194,Considered but not required,"Private, nonprofit",,No
113704,Dominican School of Philosophy & Theology,CA,,,,,,,,,,0.7778,47862,,,22962,City,,,No,,,,,"Private, nonprofit",,No
114114,Emperor's College of Traditional Oriental Medicine,CA,,,,,,,,,,,,,,3585,City,,,No,,,,,"Private, for-profit",,No
114123,Empire College,CA,,,0.6466,,,,12000,45445,,,,0.8388157895,0.5321100917,5775,City,70826,,No,,,,,"Private, for-profit",,No
114354,FIDM-Fashion Institute of Design & Merchandising,CA,,0.415,0.6715,41493,53393,,12000,40974,33137,0.0433,40437,0.8902821317,0.3015873016,5656,City,73476,No,No,0.262,,,Neither required nor recommended,"Private, for-profit",,No
114433,Feather River Community College District,CA,,,0.4688,6520,16502,,7000,33495,,0.3125,111366,0.5331905782,0.4843373494,6891,Rural,54939,Yes,No,0.2031,0.8571,,,Public,,No
114549,Fielding Graduate University,CA,,,,,,,,,,0.3468,61029,,,12217,City,,,No,,,,,"Private, nonprofit",,No
114585,Five Branches University,CA,,,,,,,,,,0.0182,,,,2946,Suburb,83190,,No,,,,,"Private, for-profit",,No
114716,Foothill College,CA,,,0.6,7549,15772,,6795,48920,57161,0.3367,106200,0.6058348852,0.4988575781,7801,Suburb,96950,Yes,No,0.0843,,,,Public,0.0155183116,No
114734,Franciscan School of Theology,CA,,,,,,,,,,,68958,,,26230,City,,,No,,,,,"Private, nonprofit",,No
114813,Fresno Pacific University,CA,21,0.5752,0.5594,14317,42673,,19250,51422,37739,1,73206,0.7451317297,0.4657631954,7304,City,53503,No,No,0.5872,0.8052,,Neither required nor recommended,"Private, nonprofit",0.009163803,No
114840,Fuller Theological Seminary,CA,,,,,,,,,,0.4211,74736,,,10382,City,63146,,No,,,,,"Private, nonprofit",,No
115010,Glendale Career College,CA,,,0.5934,46212,,,9321,38921,30731,,58266,0.7944325482,0.5517241379,7373,City,58741,Yes,No,0.5503,,,,"Private, for-profit",,No
115083,Golden Gate University,CA,,,,,,,18774,81704,83493,1,89928,0.5438596491,0.5273972603,3956,City,77146,Yes,No,0.2196,,,,"Private, nonprofit",,No
115214,Graduate Theological Union,CA,,,,,,,,,,0.7333,72432,,,19890,City,,,No,,,,,"Private, nonprofit",,No
115409,Harvey Mudd College,CA,35,0.1306,0.9375,32492,84896,,19500,115107,150014,0.931,132759,0.4362745098,,35271,Suburb,82806,No,No,0.141,0.9662,1537,Considered but not required,"Private, nonprofit",,No
115746,Pacifica Graduate Institute,CA,,,,,,,,,,0.1498,74673,,,9900,Rural,,,No,,,,,"Private, for-profit",,No
115755,California State Polytechnic University-Humboldt,CA,,0.9883,0.4663,13167,24412,,14500,37382,33969,0.5283,95364,0.5871915719,0.44061178,12911,Town,57400,No,No,0.4571,0.7559,,Neither required nor recommended,Public,0.0055447741,No
115773,Humphreys University-Stockton and Modesto Campuses,CA,,,0.5,11410,20286,,25000,40569,27025,0.1899,55584,0.7753164557,0.5897435897,8377,City,54713,Yes,No,0.5535,1,,,"Private, nonprofit",,No
116226,Interior Designers Institute,CA,,,0.875,,,,17667,51615,,,,,,4984,City,86856,Yes,No,0.3438,,,,"Private, for-profit",,No
116846,American Jewish University,CA,,,0.3077,,,,18667,,,1,111042,0.5833333333,,52550,City,80280,,No,0.119,,,,"Private, nonprofit",,No
117104,Life Pacific University,CA,,0.9395,0.5682,22343,33193,,14000,35814,,0.2833,55593,0.552715655,0.3714285714,7158,Suburb,65850,No,No,0.4861,0.5614,,Neither required nor recommended,"Private, nonprofit",,No
117140,University of La Verne,CA,21,0.4848,0.6545,26925,61564,,21000,53806,43789,0.2809,97380,0.6243868255,0.5062086093,8186,Suburb,67082,No,No,0.4754,0.7634,1116,Considered but not required,"Private, nonprofit",0.0052557814,No
117168,Laguna College of Art and Design,CA,,0.7761,0.6304,42354,56183,,18875,31987,40719,0.1148,69057,0.7198067633,0.219895288,10940,Rural,84064,No,No,0.3141,0.8348,,Neither required nor recommended,"Private, nonprofit",,No
117283,Latin American Bible Institute,CA,,0.6818,0.6,9140,14780,,,,,,,,,11219,Suburb,,No,No,0.5217,,,Neither required nor recommended,"Private, nonprofit",,No
117520,Life Chiropractic College West,CA,,,,,,,,,,0.3469,70578,,,18800,Suburb,,,No,,,,,"Private, nonprofit",,No
117557,Lincoln University,CA,,,0.75,,,,12500,44602,,0.3793,50247,,,6633,City,76284,Yes,No,0,1,,,"Private, nonprofit",,No
117575,Southern California Seminary,CA,,,,,,,12034,43014,,0.3333,53604,,,8250,Suburb,61547,Yes,No,0.3214,,,,"Private, nonprofit",,No
117627,La Sierra University,CA,23,0.933,0.6806,26217,49365,,18500,42617,52377,0.4573,73620,0.633611691,0.3961584634,13181,City,63313,No,No,0.4735,0.8241,,Neither required nor recommended,"Private, nonprofit",,No
117636,Loma Linda University,CA,,,,,,,17014,88185,36668,0.9724,100503,0.7089430894,0.3838951311,28539,Suburb,65234,,No,0.3241,,,,"Private, nonprofit",,No
117672,Southern California University of Health Sciences,CA,,,,45633,50742,,10950,33761,,0.2946,76680,0.7567567568,,12594,Suburb,,Yes,No,0.0922,,,,"Private, nonprofit",,No
117751,The Master's University and Seminary,CA,,0.7589,0.6375,32121,48682,,16327,41665,,0.2657,70731,0.4597457627,0.2282608696,8439,Suburb,71662,No,No,0.1938,0.8514,,Neither required nor recommended,"Private, nonprofit",,No
117946,Loyola Marymount University,CA,30,0.4029,0.7978,45723,75867,,15000,62763,53616,0.5684,119628,0.5991213619,0.2240373396,17715,City,78631,No,No,0.1303,0.8824,,Neither required nor recommended,"Private, nonprofit",,No
118693,Menlo College,CA,,0.6781,0.5133,27032,69879,,13000,60608,72709,0.1782,91008,0.5094936709,0.4006849315,9128,Suburb,80580,No,No,0.2938,0.6968,,Neither required nor recommended,"Private, nonprofit",,No
118912,MiraCosta College,CA,,,0.411,7178,15713,,9488,37965,31233,0.2333,129069,0.6114732725,0.5097139773,8266,Suburb,68755,Yes,No,0.2724,0.8636,,,Public,0.0099956541,No
118976,Modesto Junior College,CA,,,0.261,10176,14769,,3375,34568,32912,0.4687,94023,0.5973788479,0.5986489171,5466,City,55479,Yes,No,0.2617,,,,Public,0.0082291984,No
119058,Middlebury Institute of International Studies at Monterey,CA,,,,,,,11522,57291,60466,0.5614,104823,0.53432282,0.2157258065,17693,Suburb,77169,,No,0.0556,,,,"Private, nonprofit",,No
119173,Mount Saint Mary's University,CA,,0.6872,0.5342,25009,64637,,22167,61335,44279,0.2811,83196,0.9312461633,0.4972592013,13147,City,59943,No,No,0.5515,0.7401,,Neither required nor recommended,"Private, nonprofit",,Yes
119270,Musicians Institute,CA,,0.7129,0.4596,37793,41795,,6334,24962,28490,0.2908,28395,0.2124600639,0.3411552347,6728,City,65487,No,No,0.1769,0.7143,,Neither required nor recommended,"Private, for-profit",0.017571885,No
119605,National University,CA,,,0.5,31058,37116,,18750,64331,45851,0.107,81981,0.6353790614,0.4400887574,5931,City,64760,Yes,No,0.2553,0.5385,,,"Private, nonprofit",0.0443830962,No
119678,Naval Postgraduate School,CA,,,,,,,,,,0.8643,141210,,,,Suburb,,,No,,,,,Public,,No
119775,Newschool of Architecture and Design,CA,,1,0.5094,48616,57642,,23618,57073,,0.1271,63621,0.3509933775,0.3787878788,7195,City,67862,No,No,0.4629,0.5,,Neither required nor recommended,"Private, for-profit",,No
120166,San Francisco Bay University,CA,,0.6939,,,,,,,,0.25,49167,,,12609,City,,No,No,0,0.8125,,Considered but not required,"Private, nonprofit",,No
120184,Notre Dame de Namur University,CA,,,0.3155,,,,16500,57676,47224,0.1304,74799,0.7032136106,0.4584221748,24385,Suburb,89560,,No,,,,,"Private, nonprofit",,No
120254,Occidental College,CA,32,0.3989,0.8511,39329,80636,,19000,52209,,0.7174,108135,0.5845070423,0.1759259259,21864,City,75275,No,No,0.1595,0.8719,1461,Considered but not required,"Private, nonprofit",,No
120403,Otis College of Art and Design,CA,25,0.8398,0.6059,45864,71880,,20000,43654,,0.1545,82305,0.6167664671,0.2419354839,20084,City,73811,No,No,0.3068,0.7293,,Considered but not required,"Private, nonprofit",,No
120537,Hope International University,CA,,0.3539,0.4565,27653,51153,,15738,36030,,0.2836,64674,0.5436893204,0.3863134658,5301,Suburb,71774,No,No,0.4288,0.6818,,Considered but not required,"Private, nonprofit",,No
120698,Palo Alto University,CA,,,,,,,15000,63310,,0.5476,133551,0.6125,0.4705882353,18249,Rural,,,No,0.1923,,,,"Private, nonprofit",,No
120768,Pacific Oaks College,CA,,0.1,,,,,23500,47962,,0.129,57411,0.9341563786,0.5784883721,5475,City,60596,No,No,0.5503,,,Considered but not required,"Private, nonprofit",,No
120795,Pacific School of Religion,CA,,,,,,,,,,0.4,76014,,,35779,City,,,No,,,,,"Private, nonprofit",,No
120838,Pacific States University,CA,,,1,,,,,,,,,,,2114,City,,No,No,,1,,Neither required nor recommended,"Private, nonprofit",,No
120865,Pacific Union College,CA,,0.4248,0.5147,20979,47244,,19500,52713,50490,0.95,58365,0.6164154104,0.2572463768,19200,Rural,69255,No,No,0.3337,0.875,1093,Considered but not required,"Private, nonprofit",,No
120883,University of the Pacific,CA,28,0.9486,0.6782,25926,68173,,17653,62672,45342,0.4983,104328,0.5901386749,0.350177305,22844,City,72621,No,No,0.343,0.8856,1303,Considered but not required,"Private, nonprofit",,No
121150,Pepperdine University,CA,28,0.4985,0.8467,45409,85202,,19500,64934,65336,0.4626,125271,0.587537092,0.1761658031,12364,Suburb,79068,No,No,0.1961,0.8596,1367,Considered but not required,"Private, nonprofit",,No
121257,Pitzer College,CA,,0.1666,0.8321,31663,82832,,13000,51784,37811,0.7681,109647,0.5833333333,0.23,24355,Suburb,75882,No,No,0.1015,0.9417,,Neither required nor recommended,"Private, nonprofit",,No
121309,Point Loma Nazarene University,CA,26,0.8176,0.7379,50168,56664,,19500,54811,40772,1,101529,0.6855018587,0.2931174089,10688,City,71269,No,No,0.2273,0.8607,1278,Considered but not required,"Private, nonprofit",,No
121345,Pomona College,CA,34,0.0676,0.9319,19424,81196,,10000,60850,,0.9409,129465,0.5018867925,0.2991803279,40927,Suburb,76544,No,No,0.1853,0.9587,1520,Considered but not required,"Private, nonprofit",,No
121619,Santa Ana College,CA,,,0.3151,3854,11848,,5500,36845,26989,0.27,118395,0.5407098121,0.6960576515,6947,City,69027,Yes,No,0.1608,1,,,Public,0.0080897704,No
121628,Pardee RAND Graduate School,CA,,,,,,,,,,,,,,13272,City,,,No,,,,,"Private, nonprofit",,No
121691,University of Redlands,CA,29,0.8092,0.7068,22867,70233,,21250,61686,39133,0.9742,96030,0.592654424,0.3523459062,15259,City,68599,No,No,0.3511,0.8146,1231,Considered but not required,"Private, nonprofit",,No
121886,Rio Hondo College,CA,,,0.2713,11903,19308,,4750,35115,29758,0.3648,114849,0.5421940928,0.6826999734,9064,Rural,57521,Yes,No,0.2385,,,,Public,0.0076716532,No
122117,Dongguk University Los Angeles,CA,,,,,,,,,,,35802,,,2879,City,56418,,No,,,,,"Private, nonprofit",,No
122296,Samuel Merritt University,CA,,,,,,,20825,143353,60173,0.4644,100962,0.8061041293,0.3201581028,23277,City,83323,,No,0.1776,,,,"Private, nonprofit",,No
122375,San Diego Mesa College,CA,,,0.3375,-904,12964,,4500,35773,33437,0.4014,95319,0.5331202273,0.48779415,4838,City,61989,Yes,No,0.1556,,,,Public,0.0190019535,No
122409,San Diego State University,CA,,0.3444,0.7827,16174,27357,,12847,52620,44613,0.4922,106758,0.5842020419,0.4119461928,8755,City,68953,No,No,0.3142,0.9032,,Neither required nor recommended,Public,0.0044062332,No
122436,University of San Diego,CA,,0.4675,0.8158,31265,74879,,19019,64995,54654,0.5274,118377,0.5730088496,0.2486231314,18791,City,79883,No,No,0.1935,0.8978,,Neither required nor recommended,"Private, nonprofit",,No
122506,San Francisco Conservatory of Music,CA,,0.5194,0.5246,42448,78209,,22000,23988,,1,135360,0.3728813559,,42014,City,74879,No,No,0.1584,0.7381,,Neither required nor recommended,"Private, nonprofit",,No
122597,San Francisco State University,CA,,0.9615,0.5015,12882,25258,,12923,52650,46223,0.4966,106344,0.5840236686,0.4820712432,9508,City,77495,No,No,0.414,0.8374,,Neither required nor recommended,Public,0.0047337278,No
122612,University of San Francisco,CA,29,0.5077,0.7113,39495,76421,,19000,69951,52917,0.4033,126261,0.6755368814,0.2801204819,19807,City,82472,No,No,0.2722,0.801,1313,Considered but not required,"Private, nonprofit",,No
122649,San Joaquin College of Law,CA,,,,,,,,,,0.2414,90675,,,9361,Suburb,,,No,,,,,"Private, nonprofit",,No
122685,San Joaquin Valley College-Visalia,CA,,,0.339,29092,,0.002378892734,9773,36007,35723,0.3846,63549,0.7232092339,0.5905030559,4348,City,51804,Yes,No,0.4917,,,,"Private, for-profit",0.0105239335,No
122728,William Jessup University,CA,,0.7682,0.6071,25300,52172,,14419,43163,,0.301,71757,0.6221864952,0.3268892794,7893,Suburb,76498,No,No,0.343,0.6883,,Considered but not required,"Private, nonprofit",,No
122755,San Jose State University,CA,,0.8023,0.6465,13741,25695,,12000,62448,50467,0.4358,104985,0.521976626,0.4904813496,8758,City,88589,No,No,0.3545,0.8643,,Neither required nor recommended,Public,0.0040650407,No
122931,Santa Clara University,CA,32,0.4384,0.8845,50959,77768,,16845,91198,59689,0.7155,127134,0.5423387097,0.1650589496,22061,City,93581,No,No,0.1087,0.9359,1417,Considered but not required,"Private, nonprofit",,No
122977,Santa Monica College,CA,,,0.3583,3600,11353,,6500,31977,35704,0.2903,123588,0.5404960943,0.501534573,8907,City,54172,Yes,No,0.2627,0,,,Public,0.0063039605,No
123095,Saybrook University,CA,,,,,,,,,,0.2,68526,,,14029,City,,,No,,,,,"Private, nonprofit",,No
123165,Scripps College,CA,33,0.3394,0.8712,38802,83330,,11853,68027,49962,0.7246,113274,0.9453551913,,30103,Suburb,79153,No,No,0.1147,0.8808,1480,Considered but not required,"Private, nonprofit",,Yes
123280,Shasta Bible College and Graduate School,CA,,1,0.3333,,,,,32327,,,32751,0.5,,8719,City,54363,No,No,0.5417,0,,Neither required nor recommended,"Private, nonprofit",,No
123299,Shasta College,CA,,,0.2913,3743,11881,,9500,32486,28566,0.4154,90990,0.5971267958,0.5265336846,5101,Suburb,46241,Yes,No,0.3662,,,,Public,0.0171767645,No
123448,Trinity Law School,CA,,,,,,,19500,41545,32414,1,78147,0.4308300395,0.2960526316,7884,City,72368,,No,,,,,"Private, nonprofit",,No
123457,Simpson University,CA,,0.9903,0.4167,27923,52366,,13000,51256,46950,1,66969,0.7032374101,0.3757455268,13185,City,55586,No,No,0.4221,0.6239,,Neither required nor recommended,"Private, nonprofit",,No
123509,Skyline College,CA,,,0.4141,-1180,10461,,7500,41261,44632,0.4441,105498,0.5464445868,0.5275526742,5048,Suburb,83628,Yes,No,0.1009,,,,Public,0.0070467649,No
123554,Saint Mary's College of California,CA,,0.8858,0.6899,31198,73655,,19500,60388,55082,0.6182,100152,0.629740519,0.2552083333,13047,Suburb,84232,No,No,0.2381,0.8514,,Neither required nor recommended,"Private, nonprofit",,No
123563,Solano Community College,CA,,,0.3377,3869,11440,,9500,35071,35726,0.4,99972,0.6446023989,0.484508547,9615,Suburb,72436,Yes,No,0.2081,,,,Public,0.009329187,No
123572,Sonoma State University,CA,,0.9473,0.6052,13801,24739,,13000,52179,43596,0.4956,104481,0.6668721109,0.4147465438,10797,Suburb,75511,No,No,0.3615,0.7532,,Neither required nor recommended,Public,,No
123633,South Baylo University,CA,,,,,,,14000,,,0.3056,44118,0.4347826087,,2416,City,75211,,No,,,,,"Private, nonprofit",,No
123651,Vanguard University of Southern California,CA,22,0.647,0.5586,19761,50178,,15000,43464,47033,0.9773,68625,0.6605769231,0.3588362069,8558,City,75891,No,No,0.4288,0.7365,,Neither required nor recommended,"Private, nonprofit",,No
123916,Starr King School for the Ministry,CA,,,,,,,,,,0.6563,45531,,,10718,City,,,No,,,,,"Private, nonprofit",,No
123943,Marshall B Ketchum University,CA,,,,,,,,,,0.6952,98577,,,29690,Suburb,71601,,No,,,,,"Private, nonprofit",,No
123952,Southern California Institute of Architecture,CA,,0.8267,0.7,37535,67014,,33250,53274,,0.6324,83529,0.4193548387,,16440,City,66525,No,No,0.212,0.8214,,Considered but not required,"Private, nonprofit",,No
123961,University of Southern California,CA,34,0.1002,0.9199,31927,84678,,16112,74461,70223,0.5955,157392,0.5540647198,0.2471783296,33916,City,76787,No,No,0.2166,0.965,1501,Considered but not required,"Private, nonprofit",,No
123970,Southwestern Law School,CA,,,,,,,,,,0.9688,148662,,,17776,City,74660,,No,,,,,"Private, nonprofit",,No
124283,Claremont School of Theology,CA,,,,,,,,,,0.4444,48996,,,20717,Suburb,65095,,No,,,,,"Private, nonprofit",,No
124292,Thomas Aquinas College,CA,28,0.7871,0.8202,25032,40000,,18000,40605,,0.9855,83718,0.4868421053,,16417,Rural,67656,No,No,0.1977,0.9209,1277,Required,"Private, nonprofit",,No
124487,Epic Bible College & Graduate School,CA,,,0,,,,16446,33779,,0.55,16668,0.5042016807,0.4680851064,9381,Suburb,63747,Yes,No,0.5513,,,,"Private, nonprofit",,No
125037,The Colleges of Law at Ventura,CA,,,,,,,,,,,69525,,,3094,City,,,No,,,,,"Private, nonprofit",,No
125231,Walden University,MN,,,0,,,0.004672897196,11500,50657,46376,0.0952,67797,0.8128064609,0.5081266039,3183,City,62475,Yes,No,0.5043,,,,"Private, for-profit",0.0188924142,No
125471,West Los Angeles College,CA,,,0.2138,7131,15839,,9500,32538,32950,0.2807,111843,0.6018348624,0.5406326034,9281,Suburb,50356,Yes,No,0.1998,,,,Public,0.0095412844,No
125718,Westminster Theological Seminary in California,CA,,,,,,,,,,0.8571,71370,,,14270,Suburb,,,No,,,,,"Private, nonprofit",,No
125727,Westmont College,CA,29,0.7986,0.7009,32926,68826,,19343,53737,33829,0.6303,96039,0.6036217304,0.16875,21627,Suburb,78788,No,No,0.1858,0.8682,1367,Considered but not required,"Private, nonprofit",,No
125763,Whittier College,CA,26,0.8538,0.6339,29871,63925,,18125,46025,,0.7619,87354,0.5736842105,0.3352517986,19372,Suburb,73825,No,No,0.3185,0.5285,,Neither required nor recommended,"Private, nonprofit",,No
125897,Woodbury University,CA,,0.7287,0.5478,28248,58180,,21500,47665,,0.3189,70515,0.5687830688,0.4097859327,19860,City,60713,No,No,0.4896,0.7965,,Considered but not required,"Private, nonprofit",,No
126012,The Wright Institute,CA,,,,,,,,,,0.2836,102546,,,14523,City,86829,,No,,,,,"Private, nonprofit",,No
126049,Thomas Jefferson School of Law,CA,,,,,,,,,,0.175,105543,,,8374,City,71238,,No,,,,,"Private, nonprofit",,No
126076,Yeshiva Ohr Elchonon Chabad West Coast Talmudical Seminary,CA,,0.6168,0.2,12258,27600,,,17439,,0.75,60399,,,18101,City,66838,No,No,0.5461,0.8971,,Neither required nor recommended,"Private, nonprofit",,No
126182,Adams State University,CO,21,,0.3165,14173,23800,,11750,38338,,0.4472,63675,0.4890829694,0.4151309408,10562,Town,50726,Yes,No,0.3499,0.5548,,,Public,,No
126289,Arapahoe Community College,CO,,,0.2679,10790,16348,,6500,43676,32839,0.2201,79668,0.6350725533,0.3844566713,5496,Suburb,82692,Yes,No,0.1049,,,,Public,0.0074096944,No
126562,University of Colorado Denver/Anschutz Medical Campus,CO,25,0.7781,0.474,19133,23369,,14500,52475,41386,0.6674,105021,0.5792682927,0.3794204883,40525,City,74050,No,No,0.2579,0.7148,1119,Considered but not required,Public,0.006097561,No
126580,University of Colorado Colorado Springs,CO,,0.9657,0.4534,16431,23713,,12965,45766,32079,0.6058,82665,0.5588865096,0.3134053805,10974,City,70639,No,No,0.2625,0.6712,1140,Considered but not required,Public,0.0074946467,No
126614,University of Colorado Boulder,CO,28,0.8328,0.7503,21480,33466,,13000,54939,42039,0.745,117144,0.4815162907,0.2035731847,18458,City,81327,No,No,0.1477,0.8917,1353,Considered but not required,Public,0.0034461153,No
126669,Colorado Christian University,CO,,,0.5532,25458,50206,0.00620475698,14000,41623,34770,0.1936,67626,0.7275913871,0.4485098849,3757,Suburb,70816,Yes,No,0.329,0.789,,,"Private, nonprofit",0.0062593891,No
126678,Colorado College,CO,,0.2003,0.86,31678,83228,,13400,47611,46712,0.8076,110763,0.6200607903,0.1757188498,31657,City,73737,No,No,0.1381,0.9476,1445,Considered but not required,"Private, nonprofit",,No
126711,Colorado Mountain College,CO,,,0.259,6342,13717,,5500,36307,28807,0.2305,80397,0.5096296296,0.374796748,11608,Town,68934,Yes,No,0.1343,0.5641,,,Public,,No
126775,Colorado School of Mines,CO,31,0.5971,0.7944,29240,38556,,17500,82950,44877,0.7604,122850,0.2837489252,0.1544642857,18412,Suburb,74353,No,No,0.1333,0.9298,1403,Considered but not required,Public,,No
126818,Colorado State University-Fort Collins,CO,26,0.8959,0.6691,20332,29696,,14750,49748,34563,0.7525,105462,0.5496754868,0.2421371233,16082,City,73818,No,No,0.1889,0.8483,,Neither required nor recommended,Public,0.0057413879,No
126827,Colorado Technical University-Colorado Springs,CO,,,0.1761,14954,21694,0.006637931034,12166,30406,33220,,62811,0.6500040674,0.5458768873,1388,City,58865,Yes,No,0.6832,0.4399,,,"Private, for-profit",0.0371349549,No
126942,Community College of Denver,CO,,,0.1579,9431,18377,,5500,36412,30277,0.314,73377,0.5895942145,0.4940652819,5534,City,61494,Yes,No,0.3098,,,,Public,0.0078344717,No
126979,Denver Seminary,CO,,,,,,,,,,0.8667,39942,,,13547,Suburb,,,No,,,,,"Private, nonprofit",,No
127060,University of Denver,CO,29,0.7119,0.7795,36037,75020,,18000,57118,41641,0.5336,111690,0.6021798365,0.1903064861,19881,City,78120,No,No,0.1471,0.8772,1344,Considered but not required,"Private, nonprofit",,No
127185,Fort Lewis College,CO,20,0.932,0.4315,17339,25558,,9000,36352,28428,0.7711,69471,0.5287990196,0.3085036256,10728,Town,61685,No,No,0.361,0.6261,1084,Considered but not required,Public,,No
127200,Front Range Community College,CO,,,0.301,10854,18087,,7000,40548,31250,1,71262,0.5958727429,0.4115857874,5739,Suburb,71572,Yes,No,0.1649,,,,Public,0.0132661835,No
127273,Iliff School of Theology,CO,,,,,,,,,,1,71217,,,24240,City,66861,,No,,,,,"Private, nonprofit",,No
127556,Colorado Mesa University,CO,23,0.8139,0.4152,15331,22883,,11000,39223,31367,0.5751,68211,0.5292137533,0.3937549616,10105,City,56304,No,No,0.274,0.7518,1070,Considered but not required,Public,0.0050492907,No
127565,Metropolitan State University of Denver,CO,21,0.9914,0.2989,14294,22825,,12500,45391,31136,1,89325,0.5682625199,0.4046665746,8616,City,71857,No,No,0.3508,0.7037,1014,Considered but not required,Public,0.0062446431,No
127617,Morgan Community College,CO,,,0.4607,7161,15797,,5500,37293,,1,64611,0.6871035941,0.4961439589,9772,Rural,50344,Yes,No,0.212,,,,Public,,No
127653,Naropa University,CO,,0.94,0.4595,28862,52900,,14750,21841,,0.3878,53514,0.6612244898,0.1948051948,13242,City,68743,No,No,0.5656,0.5714,,Neither required nor recommended,"Private, nonprofit",,No
127714,Nazarene Bible College,CO,,,,,,,17106,37119,,1,42561,0.4595959596,0.5147928994,9042,City,57714,Yes,No,0.1449,,,,"Private, nonprofit",,No
127741,University of Northern Colorado,CO,23,0.8643,0.5134,18457,26989,,13805,43756,28956,0.5744,78192,0.6510354677,0.35173132,9865,City,72445,No,No,0.2619,0.7441,1077,Considered but not required,Public,,No
127820,Pikes Peak State College,CO,,,0.23,9682,18345,0.00260213375,4900,35799,27190,0.9487,66627,0.5845230153,0.4259485924,6266,Suburb,64755,Yes,No,0.3078,,,,Public,0.0238825884,No
127884,Pueblo Community College,CO,,,0.3746,11063,19251,,5750,33368,26347,1,63495,0.6294157609,0.4738336714,8925,City,47351,Yes,No,0.2833,,,,Public,0.0166440217,No
127909,Red Rocks Community College,CO,,,0.3737,9356,18048,,4900,41495,33199,1,72684,0.5558259811,0.4531568228,7170,Suburb,72981,Yes,No,0.1931,1,,,Public,0.0088226346,No
127918,Regis University,CO,25,0.8727,0.6111,22689,54889,,19750,64557,50008,0.4257,78903,0.6412294648,0.36,11138,City,74280,No,No,0.2615,0.7523,,Considered but not required,"Private, nonprofit",,No
127945,Rocky Mountain College of Art and Design,CO,,,0.3651,28037,33950,,9500,30280,,0.322,49293,0.6865889213,0.3349514563,4490,Suburb,71949,Yes,No,0.4599,0.5779,,,"Private, for-profit",0.0189504373,No
128106,Colorado State University Pueblo,CO,22,0.9984,0.3798,12948,23891,,14475,43053,31116,0.4745,73026,0.5299771167,0.4086781029,4348,City,54713,No,No,0.2785,0.6501,1005,Considered but not required,Public,,No
128258,Trinidad State College,CO,,,0.5572,11197,21373,,6500,36025,36106,1,53766,0.5051282051,0.5574018127,7272,Town,42852,Yes,No,0.4106,0.6698,,,Public,,No
128328,United States Air Force Academy,CO,32,0.1393,0.8814,,,,,,,1,97200,,,32273,Rural,,No,No,,0.9551,1362,Required,Public,,No
128391,Western Colorado University,CO,24,0.9747,0.5067,16773,25426,,12000,40037,49282,0.6239,67554,0.4164733179,0.2496924969,12988,Town,68547,No,No,0.1347,0.7294,1130,Considered but not required,Public,,No
128498,Albertus Magnus College,CT,,0.6437,0.4609,32681,56268,,25000,47153,,0.4545,74601,0.694684796,0.5338235294,7952,City,65065,No,No,0.4711,0.7469,,Neither required nor recommended,"Private, nonprofit",,No
128744,University of Bridgeport,CT,,0.6431,0.4809,24786,52786,,19500,38575,29310,0.3326,65484,0.7091152815,0.424291498,6573,City,63241,No,No,0.5168,0.6286,985,Considered but not required,"Private, nonprofit",0.0087131367,No
128771,Central Connecticut State University,CT,23,0.7553,0.4933,16435,24112,,16750,49016,,0.4793,95337,0.4913224151,0.3874829932,17329,Suburb,75579,No,No,0.3486,0.7861,1091,Considered but not required,Public,0.0036665852,No
128780,Charter Oak State College,CT,,,,15663,22558,,12422,53779,,,,0.7565698479,0.5453100159,3315,Suburb,63157,Yes,No,0.3771,1,,,Public,0.0138312586,No
128902,Connecticut College,CT,32,0.3828,0.8375,33998,82219,,20000,49165,,0.7474,88425,0.6673427992,0.1404255319,16717,City,83703,No,No,0.1432,0.8698,1412,Considered but not required,"Private, nonprofit",,No
129020,University of Connecticut,CT,30,0.5395,0.838,22886,36572,,18610,63322,40473,0.6735,127422,0.5309655084,0.2664932932,25341,Town,80999,No,No,0.2416,0.9144,1338,Required,Public,0.0020515451,No
129154,Goodwin University,CT,,,0.5833,28544,39745,,14221,40230,,0.3271,58851,0.8310487727,0.5281116712,11832,City,60483,Yes,No,0.4843,,,,"Private, nonprofit",0.0124322601,No
129215,Eastern Connecticut State University,CT,,0.8055,0.5814,20480,30805,,18500,47289,31643,0.616,96984,0.5811784655,0.3446535108,17674,Town,76020,No,No,0.2817,0.8423,1200,Considered but not required,Public,,No
129242,Fairfield University,CT,29,0.4498,0.8379,46274,73371,,23251,73693,,1,116973,0.6457187745,0.1654441728,15573,Suburb,93458,No,No,0.0683,0.8973,1323,Considered but not required,"Private, nonprofit",,No
129428,Rensselaer at Hartford,CT,,,,,,,21995,83054,52632,1,100206,0.3442307692,0.1374501992,40415,City,74851,,No,,,,,"Private, nonprofit",,No
129491,Hartford International University for Religion and Peace,CT,,,,,,,,,,0.3704,78795,,,23921,City,,,No,,,,,"Private, nonprofit",,No
129525,University of Hartford,CT,26,0.8301,0.5828,29558,62273,,19500,42581,37432,0.437,77013,0.5671210244,0.2869217082,16746,City,82221,No,No,0.2976,0.7885,1207,Considered but not required,"Private, nonprofit",,No
129534,Holy Apostles College and Seminary,CT,,,1,16073,20740,,7500,,,0.3333,50193,0.275,,6800,Suburb,,Yes,No,0.1624,0.6667,,,"Private, nonprofit",,No
129774,Mitchell College,CT,,0.7336,0.4414,30841,54089,,15000,35330,21132,1,62343,0.4362416107,0.3516483516,5833,City,79488,No,No,0.3933,0.57,,Neither required nor recommended,"Private, nonprofit",,No
129941,University of New Haven,CT,27,0.8055,0.5925,34089,63970,,20475,49829,31685,0.3561,102384,0.575202386,0.285648785,9751,Suburb,77310,No,No,0.274,0.7716,1190,Considered but not required,"Private, nonprofit",,No
130110,Paier College,CT,,0.6154,0.5714,30982,34980,,8935,,,1,60372,,,8605,City,76142,No,No,0.6636,0.6364,,Neither required nor recommended,"Private, for-profit",,No
130183,Post University,CT,,,0.3534,19196,27202,0.004035129362,8750,31401,31763,0.0517,63603,0.7255289468,0.5676708303,2381,City,67090,Yes,No,0.7298,0.3235,,,"Private, for-profit",0.0138339921,No
130226,Quinnipiac University,CT,,0.77,0.7728,39207,69666,,21500,65744,40059,0.3542,101826,0.6232081911,0.1993603412,13234,Suburb,87986,No,No,0.1551,0.8672,1212,Considered but not required,"Private, nonprofit",,No
130253,Sacred Heart University,CT,,0.6768,0.745,45459,66669,,19860,63925,40932,0.3343,96768,0.6625905797,0.22906641,9593,Suburb,87263,No,No,0.1517,0.8484,,Neither required nor recommended,"Private, nonprofit",,No
130314,University of Saint Joseph,CT,,0.7964,0.697,27375,56786,,24000,52053,,1,74007,0.9681050657,0.4221748401,14657,City,74607,No,No,0.361,0.8571,1100,Considered but not required,"Private, nonprofit",,No
130493,Southern Connecticut State University,CT,,0.8112,0.4782,20877,28592,,15000,45422,30501,0.4862,96678,0.6305379747,0.390459364,18074,City,74581,No,No,0.3727,0.758,,Neither required nor recommended,Public,,No
130590,Trinity College,CT,31,0.3352,0.8276,35009,83090,,21000,67628,62338,0.8726,102123,0.528340081,0.1784946237,28861,City,81265,No,No,0.1518,0.9076,1396,Considered but not required,"Private, nonprofit",,No
130624,United States Coast Guard Academy,CT,27,0.2432,0.8789,,,,,,,0.9398,70704,,,34739,City,,No,No,,0.9862,1290,Considered but not required,Public,,No
130697,Wesleyan University,CT,33,0.171,0.9157,27888,85172,,13824,60385,65626,0.899,123372,0.5581039755,0.196013289,33183,City,82041,No,No,0.1499,0.9542,1513,Considered but not required,"Private, nonprofit",,No
130776,Western Connecticut State University,CT,,0.8136,0.5025,18617,24534,,17002,45997,33800,1,98118,0.5140747577,0.3798052281,18951,City,85742,No,No,0.3464,0.7003,1044,Considered but not required,Public,0.0055376096,No
130794,Yale University,CT,34,0.045,0.9633,27818,85120,,11648,81765,92762,0.7363,199116,0.5006839945,0.25,75416,City,75345,No,No,0.1916,0.9897,1534,Considered but not required,"Private, nonprofit",,No
130907,Delaware Technical Community College-Terry,DE,,,0.1945,8033,13177,,5500,35336,26657,0.3573,72828,0.6438833868,0.4992614476,10133,City,60121,Yes,No,0.3849,,,,Public,0.0069744734,No
130934,Delaware State University,DE,,0.6167,0.3866,15745,27536,,17500,37503,28632,0.5842,74880,0.6654223052,0.3550453817,8950,City,60801,No,No,0.4335,0.7231,984,Considered but not required,Public,,No
130943,University of Delaware,DE,29,0.6511,0.7878,16931,29347,,21000,58846,38059,0.989,127251,0.585467128,0.170937108,20827,Suburb,84189,No,No,0.1565,0.9011,1297,Considered but not required,Public,,No
130989,Goldey-Beacom College,DE,,0.7653,0.5886,16957,24633,,14375,45097,,0.2556,76221,0.587020649,0.4217252396,3936,Suburb,70369,No,No,0.3887,0.7677,,Neither required nor recommended,"Private, nonprofit",,No
131113,Wilmington University,DE,,,0.2257,15355,19326,,14308,49635,41623,0.0659,76050,0.6885463726,0.4708194738,3944,Suburb,66924,Yes,No,0.2631,0.5378,,,"Private, nonprofit",0.01275578,No
131159,American University,DC,31,0.4738,0.7849,41945,71549,,19500,61328,36949,0.5369,119376,0.6609547124,0.156343443,17225,City,81657,No,No,0.1273,0.8618,1392,Considered but not required,"Private, nonprofit",,No
131283,The Catholic University of America,DC,,0.8384,0.8133,32798,73198,,22250,63217,40190,0.4807,98595,0.5798319328,0.1012658228,22207,City,85196,No,No,0.1674,0.8349,,Neither required nor recommended,"Private, nonprofit",,No
131399,University of the District of Columbia,DC,,,0.2626,14693,20911,,14250,36358,43072,0.3711,86202,0.6024464832,0.5079113924,10003,City,51576,Yes,No,0.4282,0.6667,,,Public,0.0079510703,No
131405,Pontifical Faculty of the Immaculate Conception at the Dominican House of Studies,DC,,,,,,,,,,1,47430,,,25746,City,,,No,,,,,"Private, nonprofit",,No
131450,Gallaudet University,DC,17,0.6094,0.4656,14085,39416,,12750,36578,,1,96525,0.5157480315,0.3385650224,31029,City,65746,No,No,0.5427,0.7702,857,Required,"Private, nonprofit",,No
131469,George Washington University,DC,32,0.4354,0.8518,37454,80727,,19500,71607,53521,0.5194,144099,0.6346801347,0.1606580329,23733,City,85677,No,No,0.1483,0.9186,1433,Considered but not required,"Private, nonprofit",,No
131496,Georgetown University,DC,34,0.1308,0.943,39433,84696,,13500,83222,84210,0.471,155754,0.5899705015,0.1606456572,34853,City,82187,No,No,0.1032,0.9714,1494,Required,"Private, nonprofit",,No
131520,Howard University,DC,24,0.3489,0.689,47919,51450,,19200,47379,45421,0.6661,103824,0.7177579365,0.2363936229,18845,City,66680,No,No,0.4053,0.9008,1205,Considered but not required,"Private, nonprofit",,No
131803,Strayer University-District of Columbia,DC,,,0,,,0.003405401125,14000,36582,33784,0.3571,7965,0.7508344853,0.5372940338,2043,City,66472,Yes,No,0.7111,,,,"Private, for-profit",0.0144306956,No
131876,Trinity Washington University,DC,,0.9919,0.444,12233,35061,,19402,38533,30938,0.1948,71082,0.9789964994,0.5321821036,6868,City,60221,No,Yes,0.5131,0.7121,,Neither required nor recommended,"Private, nonprofit",,Yes
131973,Wesley Theological Seminary,DC,,,,,,,,,,1,95301,,,15892,City,,,No,,,,,"Private, nonprofit",,No
132408,Baptist University of Florida,FL,20,0.641,0.6923,8829,20596,,17073,31489,,1,47169,0.4731182796,0.3414634146,10774,Rural,50305,No,No,0.3403,0.8421,1045,Required,"Private, nonprofit",,No
132471,Barry University,FL,,0.5907,0.3659,22978,48300,,15750,47637,47468,0.2524,79056,0.6736222579,0.4355670103,11791,Suburb,58621,No,No,0.4571,0.5772,,Neither required nor recommended,"Private, nonprofit",0.0058855003,No
132602,Bethune-Cookman University,FL,17,0.9985,0.2783,14892,29782,,22500,28282,,0.7136,64764,0.60409699,0.4223088164,9267,City,50783,No,No,0.7694,0.5614,913,Considered but not required,"Private, nonprofit",,No
132657,Lynn University,FL,23,0.7395,0.5269,38222,60817,,10413,41427,39177,0.4518,58518,0.5967016492,0.270096463,7352,City,78627,No,No,0.2272,0.7148,1136,Considered but not required,"Private, nonprofit",,No
132693,Eastern Florida State College,FL,,,0.5122,5939,11174,,8279,32437,26217,0.3548,58383,0.5937711578,0.4004611837,4888,City,55236,Yes,No,0.2788,,,,Public,0.0199729181,No
132709,Broward College,FL,,,0.3611,20077,24948,9.94777419e-4,4500,33772,30626,0.3197,61335,0.5896134839,0.4873697419,4957,City,58006,Yes,No,0.4002,,,,Public,0.0071478998,No
132842,Albizu University-Miami,FL,,1,0.6,36302,48144,,5000,32168,23706,0.9474,80838,0.8042105263,0.2505800464,5201,City,45249,No,No,0.5161,0.6667,,Neither required nor recommended,"Private, nonprofit",,No
132851,College of Central Florida,FL,,,0.4396,12310,17950,,8550,33267,26614,0.4464,55332,0.6081905315,0.4876564085,7436,City,44560,Yes,No,0.4047,,,,Public,0.0095846645,No
132879,Johnson University Florida,FL,20,0.2332,0.2364,22226,29179,,13500,35649,23733,1,54666,0.4321223709,0.2545454545,10310,Suburb,60434,No,No,0.4645,0.4848,940,Considered but not required,"Private, nonprofit",,No
132903,University of Central Florida,FL,28,0.3952,0.7515,10650,22819,0.001359238826,15000,47137,38730,0.9848,103185,0.5891445164,0.3526400468,7977,Suburb,62518,No,No,0.3342,0.9216,1277,Required,Public,0.0054500782,No
133021,Chipola College,FL,,,0.6126,832,8804,,,32129,27932,0.4624,55521,0.6189839572,0.5083969466,6401,Town,43641,Yes,No,0.2689,,,,Public,,No
133386,Daytona State College,FL,,,0.4123,7201,11662,,5500,32933,27741,0.2785,66654,0.6061886792,0.41995441,5286,City,49007,Yes,No,0.3393,,,,Public,0.0110188679,No
133465,South University-West Palm Beach,FL,,,0.2143,20494,28722,0.003513513514,13000,34115,35235,0.5273,69741,0.7628668652,0.4722883373,8795,Suburb,55764,Yes,No,0.5677,0.4286,,,"Private, for-profit",0.0162342266,No
133492,Eckerd College,FL,,0.7869,0.6756,33011,66936,,19500,37505,,0.8265,80109,0.653164557,0.2037533512,16742,City,68211,No,No,0.1621,0.7735,1256,Considered but not required,"Private, nonprofit",,No
133508,Florida SouthWestern State College,FL,,,0.3854,8249,14644,,5000,37028,27144,0.2716,62910,0.6214870724,0.504302926,4408,Suburb,56986,Yes,No,0.3357,,,,Public,0.0088325036,No
133526,Edward Waters University,FL,,0.8481,0.2795,13580,26973,,11000,29809,,1,52506,0.4631147541,0.5041322314,2767,City,47937,No,No,0.7557,0.534,,Neither required nor recommended,"Private, nonprofit",,No
133553,Embry-Riddle Aeronautical University-Daytona Beach,FL,26,0.6628,0.6736,40289,59972,,14250,65391,40736,0.8805,95949,0.1816434407,0.3554592721,13323,City,66671,No,No,0.1507,0.8549,1256,Considered but not required,"Private, nonprofit",0.0195418869,No
133650,Florida Agricultural and Mechanical University,FL,20,0.2112,0.5194,15847,24047,,17855,36153,37349,1,81396,0.6479351803,0.3659409484,11683,City,52786,No,No,0.5557,0.8632,1100,Required,Public,,No
133669,Florida Atlantic University,FL,23,0.7344,0.6433,8001,21054,0.002233676976,12500,45647,40930,0.7496,93429,0.6122837041,0.3877728309,9200,City,63066,No,No,0.3515,0.8416,1119,Required,Public,0.0048488306,No
133702,Florida State College at Jacksonville,FL,,,0.3243,2760,8994,,8750,36362,28964,0.3681,57708,0.6176030763,0.4410528917,4960,City,58396,Yes,No,0.3336,,,,Public,0.0106814783,No
133711,Flagler College,FL,23,0.7809,0.5589,29951,41734,,15000,41963,27361,0.8503,67014,0.6926470588,0.2803738318,9022,Suburb,63843,No,No,0.2831,0.6767,1099,Considered but not required,"Private, nonprofit",,No
133809,Florida College,FL,23,0.6645,0.5064,22527,32188,,10000,42430,27955,0.7857,59481,0.5244755245,0.2350746269,17441,Suburb,63903,No,No,0.209,0.7665,1068,Required,"Private, nonprofit",,No
133872,AdventHealth University,FL,,,0.3562,31885,38194,,18000,63230,38911,0.9626,78858,0.8251057828,0.3902053712,11771,City,60028,Yes,No,0.3739,0.4839,,,"Private, nonprofit",,No
133881,Florida Institute of Technology,FL,27,0.6253,0.6545,35300,60387,,14049,41941,39250,1,100521,0.5243741765,0.4013402829,10775,City,68086,No,No,0.201,0.7704,1213,Required,"Private, nonprofit",0.0194334651,No
133951,Florida International University,FL,24,0.5884,0.7387,9133,20556,0.001049538203,14246,47768,38570,0.9755,101088,0.6069360848,0.4140373893,8049,Suburb,58110,No,No,0.4042,0.9161,1154,Required,Public,0.0045285182,No
133960,The College of the Florida Keys,FL,,,0.408,13818,19965,,8250,40277,30381,0.265,67212,0.5831325301,0.4184782609,10205,Town,58311,Yes,No,0.2999,,,,Public,,No
133979,Florida Memorial University,FL,,0.7431,0.3023,18675,31940,,16475,28943,25268,0.6579,64845,0.6096737908,0.4601889339,4971,Suburb,48349,No,No,0.6621,0.5688,,Neither required nor recommended,"Private, nonprofit",,No
134079,Florida Southern College,FL,28,0.5907,0.6933,29664,57174,,19500,47749,,1,79506,0.6856899489,0.2761989343,11051,City,60789,No,No,0.2602,0.7779,1263,Considered but not required,"Private, nonprofit",,No
134097,Florida State University,FL,28,0.2538,0.8299,10997,23683,,16100,49814,42881,0.8355,115029,0.5844654153,0.2763640404,12550,City,60914,No,No,0.2375,0.9564,1323,Required,Public,0.0020740433,No
134130,University of Florida,FL,31,0.2403,0.9151,6351,21719,,14000,56398,52119,0.8916,115533,0.5937902879,0.3076658251,26245,City,60120,No,No,0.2198,0.9709,1397,Required,Public,0.0020412548,No
134237,Full Sail University,FL,,,0.4959,31759,39814,0.003104477612,14038,31917,30211,0.9266,50769,0.2702686203,0.3934356952,4491,Suburb,66113,Yes,No,0.5669,0.6383,,,"Private, for-profit",0.0278998779,No
134343,Gulf Coast State College,FL,,,0.448,2339,12208,,5500,33651,29052,0.6034,52461,0.6364089776,0.4887218045,6848,City,48565,Yes,No,0.2763,,,,Public,0.0139650873,No
134510,Hobe Sound Bible College,FL,,,0.6071,10888,17545,,,25150,,0.6154,30555,0.5543478261,0.3417721519,14352,Suburb,50360,Yes,No,0.2667,0.7083,,,"Private, nonprofit",,No
134608,Indian River State College,FL,,,0.4248,5202,11764,0.003291639236,5500,33822,25808,0.3622,73755,0.5956900975,0.4801352494,5350,Suburb,51025,Yes,No,0.3302,,,,Public,0.008380366,No
134945,Jacksonville University,FL,23,0.5729,0.5697,26255,61414,,12803,61991,49049,0.5888,74655,0.664921466,0.356017192,10928,City,63671,No,No,0.2993,0.7529,1211,Considered but not required,"Private, nonprofit",0.0085078534,No
135081,Keiser University-Ft Lauderdale,FL,,0.9742,0.4421,34439,45701,0.002621544328,13000,37447,31912,0.6188,54558,0.7434210526,0.4765165664,5312,City,55699,No,No,0.5756,0.7558,,Neither required nor recommended,"Private, nonprofit",0.0226478808,No
135160,Florida Gateway College,FL,,,0.5657,2915,11879,,5500,33237,22848,0.4138,57411,0.6241935484,0.5539906103,6702,Town,43571,Yes,No,0.3755,,,,Public,0.0080645161,No
135188,Lake-Sumter State College,FL,,,0.4466,5742,12292,,4500,33193,27403,0.4085,58365,0.6335927367,0.4565217391,3934,Suburb,51345,Yes,No,0.3002,,,,Public,,No
135364,Luther Rice College & Seminary,GA,,0.3429,0,3935,11544,,16094,39300,,0.5833,36369,0.3430232558,0.5436241611,5065,Suburb,65125,No,No,0.4953,0.6,,Neither required nor recommended,"Private, nonprofit",,No
135391,State College of Florida-Manatee-Sarasota,FL,,,0.3487,21433,28277,,5720,35254,26262,0.3863,61110,0.6173197871,0.4584276018,6995,Suburb,54747,Yes,No,0.3606,,,,Public,0.007740687,No
135610,Trinity International University-Florida,FL,,,,5455,22540,,19500,41545,32414,,60750,0.4308300395,0.2960526316,4898,Suburb,72368,Yes,No,0.5738,1,,,"Private, nonprofit",,No
135717,Miami Dade College,FL,,,0.4469,5929,12535,,7500,33107,30036,0.202,70884,0.581049681,0.4858954041,4879,City,49446,Yes,No,0.4504,,,,Public,0.0048685133,No
135726,University of Miami,FL,32,0.1851,0.8423,36803,77708,,15250,61508,67179,0.721,132012,0.5744101633,0.2009592326,35149,Suburb,71124,No,No,0.154,0.9215,1416,Considered but not required,"Private, nonprofit",,No
136145,North Florida College,FL,,,0.6348,1799,8897,,,32723,,0.4308,49869,0.6878402904,0.5452586207,6670,Rural,40336,Yes,No,0.3878,,,,Public,,No
136172,University of North Florida,FL,23,0.6227,0.6818,10353,20229,,11750,46546,30907,0.9686,82386,0.6145483297,0.31708351,7984,City,62628,No,No,0.3075,0.8118,1115,Required,Public,0.0053370231,No
136215,Nova Southeastern University,FL,25,0.7267,0.6434,31303,55647,,16985,58153,50120,0.4334,101088,0.7459016393,0.373340143,18073,Suburb,62876,No,No,0.3685,0.7642,1182,Considered but not required,"Private, nonprofit",0.0077413479,No
136233,Northwest Florida State College,FL,,,0.4288,5554,12217,,5500,33606,26357,0.29,52875,0.6088583905,0.4357734807,6447,Suburb,54201,Yes,No,0.2187,,,,Public,0.0205864005,No
136330,Palm Beach Atlantic University,FL,23,0.8832,0.5895,32751,55576,,13816,42366,36385,1,79461,0.6783216783,0.2200374532,11353,City,64221,No,No,0.251,0.6695,1101,Considered but not required,"Private, nonprofit",,No
136358,Palm Beach State College,FL,,,0.4122,9832,16741,,5061,33729,28313,0.3636,61308,0.5921297078,0.4944391484,4549,Suburb,58951,Yes,No,0.3811,,,,Public,0.0061644992,No
136400,Pasco-Hernando State College,FL,,,0.4293,5154,11152,,7000,34724,28121,0.4656,59382,0.6106362773,0.431160221,3848,Suburb,46234,Yes,No,0.2963,,,,Public,0.0077872745,No
136473,Pensacola State College,FL,,,0.4198,2254,9718,,5500,32495,30877,0.3927,51102,0.6295828066,0.4935842601,4866,City,50380,Yes,No,0.3496,,,,Public,0.008596713,No
136516,Polk State College,FL,,,0.3396,9027,12709,,6500,35602,28219,0.3833,64890,0.6191240541,0.5143329658,7848,City,50786,Yes,No,0.3256,,,,Public,0.008942903,No
136701,Saint Vincent de Paul Regional Seminary,FL,,,,,,,,,,0.6857,61002,,,19845,Suburb,,,No,,,,,"Private, nonprofit",,No
136774,Ringling College of Art and Design,FL,,0.6737,0.708,55390,75726,,27000,39650,,0.6095,85779,0.6837121212,0.1683168317,20368,City,70285,No,No,0.2111,0.8434,,Neither required nor recommended,"Private, nonprofit",,No
136950,Rollins College,FL,,0.4056,0.7689,33847,72790,,21385,48239,39018,0.7939,88947,0.6425,0.2375328084,13685,Suburb,69363,No,No,0.221,0.8465,1304,Considered but not required,"Private, nonprofit",,No
137032,Saint Leo University,FL,22,0.721,0.4878,18467,41727,,14250,41619,30839,0.225,78228,0.6721270161,0.4910432034,4703,Town,58178,No,No,0.3682,0.578,,Considered but not required,"Private, nonprofit",0.0173891129,No
137078,St Petersburg College,FL,,,0.3747,-52,10634,0.003722887666,11000,36498,31179,0.2578,61200,0.6171915782,0.4442639594,5029,City,50755,Yes,No,0.3309,,,,Public,0.0089611971,No
137096,Santa Fe College,FL,,,0.5209,11154,14353,,7125,34919,29441,0.4133,61227,0.5685126582,0.4184346586,5488,Suburb,50017,Yes,No,0.275,,,,Public,0.007278481,No
137209,Seminole State College of Florida,FL,,,0.4195,3119,9152,,7704,35589,31260,0.3582,61839,0.607828089,0.4066587396,5235,City,61419,Yes,No,0.2695,,,,Public,0.0098490663,No
137272,St. John Vianney College Seminary,FL,,1,1,,,,,,,0.4516,32274,,,23256,Suburb,,No,No,0,1,,Neither required nor recommended,"Private, nonprofit",,No
137281,Saint Johns River State College,FL,,,0.4573,5808,12215,,8323,35537,29190,0.9521,52011,0.6574257426,0.4292929293,5352,Town,56485,Yes,No,0.1916,,,,Public,0.0079207921,No
137315,South Florida State College,FL,,,0.5113,4443,9865,,5387,32974,26097,0.3395,57438,0.6499215071,0.5544354839,9891,Suburb,42197,Yes,No,0.4374,,,,Public,0.0102040816,No
137351,University of South Florida,FL,27,0.4096,0.7458,10043,22301,,14976,48328,39736,0.724,100791,0.605735746,0.3575418994,11721,City,58397,No,No,0.2988,0.9144,1235,Required,Public,0.0046432229,No
137476,St. Thomas University,FL,19,0.994,0.4342,24275,49762,,9500,44435,,1,73728,0.5425742574,0.4127358491,5119,Suburb,56846,No,No,0.2498,0.5487,,Neither required nor recommended,"Private, nonprofit",,No
137546,Stetson University,FL,26,0.8643,0.628,21318,69807,,15000,44792,,0.6699,95211,0.6157817109,0.2672482157,13525,City,64417,No,No,0.3542,0.7278,1208,Considered but not required,"Private, nonprofit",,No
137564,Southeastern University,FL,22,0.7429,0.433,30209,43803,,12000,36314,,1,68724,0.5587135378,0.3458522493,3584,City,60101,No,No,0.2214,0.7222,,Neither required nor recommended,"Private, nonprofit",,No
137759,Tallahassee Community College,FL,,,0.3692,8478,13188,,5350,31904,28045,0.2493,51048,0.5381648722,0.4186651794,5902,City,51023,Yes,No,0.3699,,,,Public,0.006427768,No
137777,Talmudic College of Florida,FL,,,0.5882,23529,33000,,,,,0.8182,31500,,,49135,City,57307,Yes,No,0.3939,0.75,,,"Private, nonprofit",,No
137847,The University of Tampa,FL,26,0.4093,0.6192,35634,49841,,18750,48397,36537,1,94248,0.6351435705,0.2523762701,8446,City,71934,No,No,0.1561,0.8009,,Neither required nor recommended,"Private, nonprofit",0.0043695381,No
137953,Trinity Baptist College,FL,19,0.625,0.4423,19273,25662,,11500,33640,,0.2,42039,0.4015444015,0.3406113537,2464,City,58249,No,No,0.4647,0.5227,1007,Considered but not required,"Private, nonprofit",,No
137962,Trinity College of Florida,FL,21,0.963,0,21283,25585,,12000,29914,,0.3548,45639,0.4227642276,0.4112149533,5502,Suburb,55309,No,No,0.5637,0.15,905,Required,"Private, nonprofit",,No
138187,Valencia College,FL,,,0.4352,10399,16577,0.001905124786,5840,32638,28101,0.3135,66843,0.5756013746,0.4214585852,4074,City,58543,Yes,No,0.3892,,,,Public,0.0071183112,No
138275,Warner University,FL,19,0.4779,0.3492,21007,41556,,13000,39589,,0.3204,50688,0.4591549296,0.4251207729,5253,Rural,52491,No,No,0.5348,0.4519,937,Considered but not required,"Private, nonprofit",,No
138293,Webber International University,FL,,0.7756,0.2601,29932,48464,,8750,37691,29140,0.3333,44856,0.3461988304,0.3668341709,3721,Rural,55372,No,No,0.5435,0.5529,,Neither required nor recommended,"Private, nonprofit",,No
138309,Rasmussen University-Florida,FL,,,0.5103,19113,24746,0.002715030408,13000,41436,33857,0.2,63774,0.814446146,0.4757427831,2674,City,66941,Yes,No,0.5503,0.6667,,,"Private, for-profit",0.0124042879,No
138354,University of West Florida,FL,24,0.5687,0.6176,8155,18504,,13000,42204,30243,1,91503,0.5969785575,0.3610013175,6657,Rural,54753,No,No,0.3255,0.8764,1137,Required,Public,0.0073099415,No
138558,Abraham Baldwin Agricultural College,GA,19,0.7716,0.2912,6061,13103,,8750,35495,27301,0.7566,66312,0.5739705135,0.3443449048,8725,Town,46480,No,No,0.3412,0.6923,994,Considered but not required,Public,,No
138600,Agnes Scott College,GA,,0.6731,0.7052,24224,60585,,17750,41382,,0.7239,82341,,0.2119565217,19444,Suburb,69580,No,No,0.3613,0.8007,1296,Considered but not required,"Private, nonprofit",,Yes
138716,Albany State University,GA,,,0.2279,14251,20574,,12000,35579,31531,0.7077,69327,0.6648385131,0.3351686167,6726,City,52181,Yes,No,0.6498,0.7841,,,Public,,No
138761,Andrew College,GA,20,0.5115,0.2696,21934,35996,,9500,30337,23035,0.9259,47295,0.4902597403,0.3296296296,9714,Rural,58509,No,No,0.6235,0.375,,Neither required nor recommended,"Private, nonprofit",,No
138868,Point University,GA,19,0.6751,0.4044,20752,34418,,14502,36410,,1,53721,0.4329461457,0.3634259259,4103,Town,69033,No,No,0.3217,0.7095,1059,Considered but not required,"Private, nonprofit",,No
138901,Atlanta Metropolitan State College,GA,,,0.1429,5090,11528,,6606,26849,24587,0.4648,69705,0.6287037037,0.3948094975,3724,City,53064,Yes,Yes,0.5382,0.3704,,,Public,0.0060185185,No
138929,Atlanta's John Marshall Law School,GA,,,,,,,,,,0.7083,78165,,,7828,City,,,No,,,,,"Private, for-profit",,No
138947,Clark Atlanta University,GA,19,0.6463,0.478,35115,40924,,19500,28097,23511,0.633,74205,0.762973352,0.3224773091,9647,City,60451,No,No,0.691,0.692,,Considered but not required,"Private, nonprofit",,No
139144,Berry College,GA,27,0.6185,0.7391,21568,55714,,18900,45014,,0.7739,82467,0.61936339520000006,0.1687413555,15287,Suburb,70464,No,No,0.2434,0.8297,1223,Considered but not required,"Private, nonprofit",,No
139153,Beulah Heights University,GA,,,0.1667,5970,9992,,38980,21108,31822,0.1296,52101,0.4802259887,0.4573643411,5882,City,63599,Yes,No,0.2238,0.6,,,"Private, nonprofit",,No
139199,Brenau University,GA,23,0.8696,0.3536,20786,45931,,18425,41664,,0.5058,70164,0.8980099502,0.4032411821,10102,City,67048,No,No,0.4671,0.6198,1087,Considered but not required,"Private, nonprofit",,Yes
139205,Brewton-Parker College,GA,21,0.8635,0.2349,21983,35557,,8250,35732,,0.9111,52308,0.3719008264,0.376146789,5784,Rural,50168,No,No,0.461,0.3756,,Neither required nor recommended,"Private, nonprofit",,No
139250,College of Coastal Georgia,GA,19,0.9851,0.2556,12905,18975,,8250,35382,,0.72,74628,0.6828644501,0.3782559456,7243,City,50342,No,No,0.4051,0.5251,1001,Considered but not required,Public,0.0066496164,No
139311,Clayton  State University,GA,,0.7059,0.3539,10145,17940,,16750,41633,37007,0.7129,78039,0.7063328424,0.3792387543,7842,Suburb,65444,No,Yes,0.5191,0.7321,973,Considered but not required,Public,0.0055964654,No
139348,Columbia Theological Seminary,GA,,,,,,,,,,1,62352,,,40865,Suburb,,,No,,,,,"Private, nonprofit",,No
139366,Columbus State University,GA,21,0.9924,0.4174,11889,19953,,15000,39190,33174,0.5866,77328,0.631778058,0.3295178633,8062,City,55979,No,No,0.444,0.7273,994,Considered but not required,Public,0.0059899117,No
139393,Covenant College,GA,26,0.8176,0.7186,24832,53368,,19000,39570,,0.9861,76122,0.4861538462,,11018,Suburb,63670,No,No,0.1845,0.8734,1254,Considered but not required,"Private, nonprofit",,No
139463,Dalton State College,GA,,,0.2959,4694,11292,,7361,37491,,0.6711,75033,0.5985334555,0.5118196811,4782,City,52781,Yes,No,0.4977,0.5951,,,Public,,No
139579,South University-Savannah,GA,,,0.2273,24116,31163,0.003513513514,13000,34115,35235,0.6269,80478,0.7628668652,0.4722883373,8444,City,55764,Yes,No,0.7231,0.5,,,"Private, for-profit",0.0162342266,No
139621,East Georgia State College,GA,,,0.1376,9380,15472,,6374,30593,21584,0.6456,62172,0.5818441744,0.3310702875,5132,Town,43205,Yes,Yes,0.4958,,,,Public,0.0053609721,No
139630,Emmanuel University,GA,21,0.5336,0.346,19297,35188,,12000,37595,,0.4074,44901,0.4519427403,0.3561946903,5239,Rural,50422,No,No,0.2976,0.5745,,Neither required nor recommended,"Private, nonprofit",,No
139658,Emory University,GA,33,0.111,0.9176,23911,78814,,16750,74980,53199,0.7412,145422,0.6606479023,0.1638702461,48968,City,80509,No,No,0.1818,0.9617,1507,Considered but not required,"Private, nonprofit",,No
139700,Georgia Highlands College,GA,,,0.2079,6588,12829,,6750,37516,29661,0.5296,63018,0.6437583893,0.4076452599,4576,Suburb,60570,Yes,No,0.3936,0.6731,,,Public,0.0037583893,No
139719,Fort Valley State University,GA,18,0.628,0.4519,11609,20342,,19000,28649,,0.7128,70038,0.5739848589,0.3423493045,5739,Town,53364,No,No,0.7195,0.7256,864,Required,Public,,No
139755,Georgia Institute of Technology-Main Campus,GA,32,0.1646,0.9228,13289,27797,,20000,89432,70361,0.8922,137016,0.3774373259,0.1491513182,12045,City,77933,No,No,0.1367,0.9774,1447,Required,Public,,No
139764,Georgia Southwestern State University,GA,21,0.7716,0.3191,12052,19234,,11000,42047,,0.701,73746,0.6595441595,0.3452012384,7588,Town,49591,No,No,0.4066,0.6393,998,Considered but not required,Public,,No
139861,Georgia College & State University,GA,24,0.8777,0.6157,18809,27781,,16018,50644,32709,0.8026,77805,0.6411530815,0.199066874,8261,Town,68382,No,No,0.1637,0.8447,1150,Required,Public,,No
139931,Georgia Southern University,GA,21,0.8963,0.5205,16531,24563,0.002330584439,15250,44423,37441,0.841,81720,0.5293563156,0.2510034404,5543,Town,62772,No,No,0.3549,0.7719,1057,Considered but not required,Public,0.002423916,No
139940,Georgia State University,GA,23,0.6228,0.5372,15931,26535,0.001989869754,11750,37844,35733,0.7386,91062,0.6300794494,0.3232381391,6240,City,72190,No,Yes,0.5011,0.7835,1149,Considered but not required,Public,0.0049592632,No
139959,University of Georgia,GA,31,0.372,0.8716,13816,27436,,16666,57565,54593,0.897,113859,0.5743758213,0.1815059082,10485,City,71225,No,No,0.1722,0.9454,1301,Required,Public,,No
139968,Gordon State College,GA,20,0.8678,0.1731,8918,14944,,8750,33163,25569,0.5029,68985,0.6329896907,0.3781278962,4435,Town,63654,No,No,0.4723,0.483,950,Considered but not required,Public,,No
140146,Interdenominational Theological Center,GA,,,,,,,,,,0.8182,64476,,,14201,City,55256,,No,,,,,"Private, nonprofit",,No
140234,LaGrange College,GA,,0.6321,0.4176,17805,47370,,15750,46599,29618,1,62217,0.4323873122,0.2545126354,14642,Town,61341,No,No,0.4366,0.6045,,Neither required nor recommended,"Private, nonprofit",,No
140252,Life University,GA,19,0.9381,0.3214,30257,41192,,9500,37368,,0.5421,67437,0.5776031434,0.2921108742,6879,City,67303,No,No,0.3923,0.6258,994,Considered but not required,"Private, nonprofit",,No
140340,Herzing University-Atlanta,GA,,0.9412,0.2917,21757,27195,0.003789792825,11756,35295,31369,0.2564,65754,0.8135465189,0.5209032652,3732,City,60281,No,No,0.6829,0.3,,Neither required nor recommended,"Private, nonprofit",0.0093163792,No
140447,Mercer University,GA,30,0.6646,0.7339,22350,56494,,17655,50231,37079,0.9734,84519,0.6638943249,0.2819956616,13760,City,67164,No,No,0.333,0.8272,1280,Considered but not required,"Private, nonprofit",,No
140553,Morehouse College,GA,23,0.5139,0.5267,35949,47347,,18500,38267,32419,0.5528,75141,,0.1971698113,12547,City,61675,No,No,0.4438,0.8584,1050,Considered but not required,"Private, nonprofit",,No
140562,Morehouse School of Medicine,GA,,,,,,,,,,,,,,89504,City,66408,,No,,,,,"Private, nonprofit",,No
140571,Morris Brown College,GA,,,1,18898,26005,,,,,0.0167,28602,,,1149,City,,Yes,No,0.6245,0.6364,,,"Private, nonprofit",,No
140696,Oglethorpe University,GA,27,0.6006,0.5392,21735,59320,,14750,42691,,0.6977,68517,0.6014109347,0.1992409867,6905,Suburb,73815,No,No,0.3374,0.7506,1230,Considered but not required,"Private, nonprofit",,No
140720,Paine College,GA,,0.8336,0.2169,15074,27310,,11000,25240,,0.6216,30537,0.5548387097,0.3785714286,10949,City,51038,No,No,0.7129,0.5357,,Neither required nor recommended,"Private, nonprofit",,No
140818,Piedmont University,GA,23,0.9284,0.4146,20893,45359,,18108,43761,30834,0.586,66033,0.6679197995,0.3148648649,8722,Town,58219,No,No,0.4145,0.7708,1074,Considered but not required,"Private, nonprofit",,No
140872,Reinhardt University,GA,,0.5516,0.3562,27769,45689,,13156,40411,29636,0.5591,53838,0.4279176201,0.365456821,8933,Rural,75577,No,No,0.3909,0.5667,,Considered but not required,"Private, nonprofit",,No
140951,Savannah College of Art and Design,GA,,0.8368,0.7048,45450,59670,,15500,34110,32730,0.8812,94203,0.690795353,0.1763042112,8355,City,71588,No,No,0.1854,0.8683,1178,Considered but not required,"Private, nonprofit",,No
140960,Savannah State University,GA,,,0.2517,8683,17185,,16500,27494,,0.6813,75024,0.6047865459,0.3279648609,7765,City,54220,Yes,No,0.6485,0.7002,,,Public,,No
140988,Shorter University,GA,21,0.9693,0.3708,16286,34985,,12500,41860,31234,0.6111,44127,0.5464320626,0.3538461538,4897,City,65365,No,No,0.3744,0.6716,1075,Considered but not required,"Private, nonprofit",,No
141060,Spelman College,GA,,0.3409,0.761,36828,49349,,21750,45676,,0.6457,84006,,0.2070874862,15495,City,63157,No,No,0.2937,0.9376,1184,Considered but not required,"Private, nonprofit",,Yes
141167,Thomas University,GA,20,0.4316,0.2778,19313,26189,,15000,45305,30318,0.2448,57069,0.5724907063,0.4551148225,9956,Town,45124,No,No,0.4678,0.6364,1037,Required,"Private, nonprofit",,No
141185,Toccoa Falls College,GA,22,0.6381,0.4601,20133,35666,,11067,33131,46287,0.2692,50778,0.5070707071,0.2995689655,4670,Town,59357,No,No,0.1972,0.5727,1155,Considered but not required,"Private, nonprofit",,No
141237,Truett McConnell University,GA,21,0.9068,0.4115,22328,37692,,12000,39193,,1,43713,0.561247216,0.2894736842,4108,Rural,62186,No,No,0.1037,0.5926,,Neither required nor recommended,"Private, nonprofit",,No
141264,Valdosta State University,GA,20,0.8349,0.4174,11298,20202,,13750,39416,32561,0.6879,75690,0.6277355962,0.3075430512,6492,City,57353,No,No,0.5086,0.6747,1037,Required,Public,0.0044662796,No
141325,Wesleyan College,GA,24,0.6207,0.6056,14528,40591,,15000,35630,,1,54801,,0.3515625,11312,City,57826,No,No,0.4446,0.7524,905,Considered but not required,"Private, nonprofit",,Yes
141334,University of West Georgia,GA,21,0.49370000000000003,0.4272,15450,23504,,15000,41000,30098,0.6484,78354,0.6435541859,0.318805185,9498,Town,66454,No,No,0.418,0.7602,1044,Required,Public,0.0017120356,No
141361,Young Harris College,GA,,0.6402,0.4566,11008,45389,,12000,36389,,0.3939,50868,0.5918367347,0.282,8344,Rural,65588,No,No,0.2106,0.668,,Neither required nor recommended,"Private, nonprofit",,No
141486,Chaminade University of Honolulu,HI,,0.9263,0.5814,28061,43637,,17932,48660,34456,1,81567,0.7130977131,0.4233825199,11140,City,72476,No,No,0.422,0.7397,1155,Considered but not required,"Private, nonprofit",,No
141565,University of Hawaii at Hilo,HI,19,0.8977,0.4163,12063,20914,,12500,37204,30711,0.7295,104589,0.6892285298,0.3655063291,19934,Town,59308,No,No,0.3953,0.6977,1025,Considered but not required,Public,,No
141574,University of Hawaii at Manoa,HI,24,0.6969,0.6257,13181,23832,,13099,45701,39771,0.7832,125370,0.5987996307,0.3384306844,23140,City,71646,No,No,0.2451,0.7478,1157,Considered but not required,Public,0.0039242844,No
141644,Hawaii Pacific University,HI,25,0.8448,0.4121,30557,49980,,12000,48773,,0.5808,81738,0.6944190302,0.3583756345,6359,City,72804,No,No,0.2,0.5724,1180,Considered but not required,"Private, nonprofit",,No
141839,University of Hawaii Maui College,HI,,,0.2734,9421,16225,,9500,28263,29159,0.4943,87255,0.6027272727,0.4984552008,24470,City,67245,Yes,No,0.218,0.5,,,Public,,No
141981,University of Hawaii-West Oahu,HI,19,0.956,0.4684,10666,18190,,11848,44352,33482,0.5789,99693,0.7033492823,0.4253597122,14950,Suburb,74812,No,No,0.2966,0.6898,973,Considered but not required,Public,0.0175438596,No
142090,Boise Bible College,ID,21,0.9643,0.4815,16884,22045,,12749,32662,,0.8824,55521,0.4533333333,,13407,Suburb,55318,No,No,0.4688,0.6429,1080,Considered but not required,"Private, nonprofit",,No
142115,Boise State University,ID,,0.8396,0.6187,19182,25387,,14000,45251,41414,0.5703,84825,0.56921797,0.3347085202,8859,City,58298,No,No,0.1794,0.7786,,Neither required nor recommended,Public,0.0039933444,No
142276,Idaho State University,ID,,,0.383,17324,21084,,12500,41377,34415,0.9447,78237,0.5705947749,0.360585723,15101,City,52463,Yes,No,0.2684,0.7363,,,Public,0.0036131184,No
142285,University of Idaho,ID,24,0.7909,0.609,13782,22669,,15784,42602,41067,0.8515,92223,0.5058158857,0.3178761062,12627,Town,54125,No,No,0.2276,0.7513,1088,Considered but not required,Public,0.0043203722,No
142294,The College of Idaho,ID,26,0.4722,0.6412,20566,48451,,17000,42097,,0.6316,69309,0.4819944598,0.2680722892,9851,Suburb,57741,No,No,0.2405,0.7649,1166,Considered but not required,"Private, nonprofit",,No
142328,Lewis-Clark State College,ID,,0.8978,0.4472,12832,18646,,10989,42133,40606,0.9739,66600,0.6354226567,0.4047013977,9649,City,49266,No,No,0.2401,0.6414,,Neither required nor recommended,Public,,No
142461,Northwest Nazarene University,ID,23,0.6295,0.5993,25537,50275,,16826,45488,41532,1,58410,0.625577812,0.3388429752,7256,Suburb,59470,No,No,0.2947,0.7872,1184,Considered but not required,"Private, nonprofit",,No
142522,Brigham Young University-Idaho,ID,23,0.9695,0.5508,7131,13357,,8750,40447,37292,,84582,0.5382646064,0.2434898308,4918,Town,58959,No,No,0.2487,0.6963,1123,Considered but not required,"Private, nonprofit",0.0040230411,No
142559,College of Southern Idaho,ID,,,0.3509,7005,12115,,5500,35642,25919,1,59517,0.6050724638,0.4159021407,5851,City,48219,Yes,No,0.1871,,,,Public,,No
142832,Adler University,IL,,,,,,,,,,0.9608,66411,,,11699,City,,,No,,,,,"Private, nonprofit",,No
142887,American Academy of Art College,IL,,,0.45,34298,45145,,27000,25368,,0.7647,34299,0.6887417219,0.375,8372,City,70029,Yes,No,0.6306,0.5,,,"Private, for-profit",,No
142957,American Islamic College,IL,,1,,,,,,,,,82134,,,88973,City,,No,No,0,0,,Considered but not required,"Private, nonprofit",,No
143048,School of the Art Institute of Chicago,IL,,0.7642,0.6402,49822,74138,,19000,26742,31356,0.1991,104670,0.7221584386,0.212636695,17689,City,72806,No,No,0.1911,0.824,,Neither required nor recommended,"Private, nonprofit",,No
143084,Augustana College,IL,,0.6765,0.7918,12437,60798,,26000,49849,30620,0.7739,72522,0.5883977901,0.2224352828,11360,City,77348,No,No,0.2192,0.828,1133,Considered but not required,"Private, nonprofit",,No
143118,Aurora University,IL,22,0.8514,0.5832,18992,39232,,15500,51237,31579,0.2348,80910,0.6651312759,0.4569466455,5291,Suburb,77796,No,No,0.4345,0.7784,1072,Considered but not required,"Private, nonprofit",0.0078304929,No
143233,Bethany Theological Seminary,IN,,,,,,,,,,0.6875,58392,,,40271,Town,,,No,,,,,"Private, nonprofit",,No
143288,Blackburn College,IL,20,0.8014,0.5241,21814,36962,,14770,36665,,0.7451,64116,0.5603864734,0.4395604396,11135,Town,56165,No,No,0.544,0.5769,,Neither required nor recommended,"Private, nonprofit",,No
143297,Blessing Rieman College of Nursing and Health Sciences,IL,,,,,,,11250,67602,,0.9459,61020,0.8510638298,0.3700787402,29136,Town,51344,,No,0.366,,,,"Private, nonprofit",,No
143358,Bradley University,IL,27,0.7666,0.7214,23572,52730,,23250,59114,,0.5743,85356,0.5298850575,0.2360436893,15616,City,74072,No,No,0.2942,0.8446,1237,Considered but not required,"Private, nonprofit",,No
143659,Catholic Theological Union at Chicago,IL,,,,,,,,,,1,69183,,,36574,City,,,No,,,,,"Private, nonprofit",,No
143853,Midwestern University-Downers Grove,IL,,,,,,,,,,0.989,112050,,,26067,City,74224,,No,,,,,"Private, nonprofit",,No
143978,The Chicago School at Chicago,IL,,0.3333,,,,,10250,51817,43786,1,78903,0.8325123153,0.4642857143,8510,City,,No,No,0.4706,,,Considered but not required,"Private, nonprofit",,No
144005,Chicago State University,IL,,0.4052,0.1695,10133,30454,,21500,33805,,0.9819,78732,0.7038191738,0.4202453988,27305,City,51518,No,Yes,0.5497,0.4675,,Neither required nor recommended,Public,0.0265003897,No
144014,Chicago Theological Seminary,IL,,,,,,,,,,0.55,96894,,,29033,City,,,No,,,,,"Private, nonprofit",,No
144050,University of Chicago,IL,34,0.0479,0.9491,18967,86856,,13368,80870,96654,0.8501,170910,0.5190615836,0.202435312,87390,City,74573,No,No,0.1447,0.9942,1554,Considered but not required,"Private, nonprofit",,No
144281,Columbia College Chicago,IL,,0.9117,0.4846,26788,49799,,16500,32596,26708,0.3025,84159,0.6115146624,0.2494863516,10612,City,72555,No,No,0.4318,0.6397,,Neither required nor recommended,"Private, nonprofit",0.0029593758,No
144351,Concordia University-Chicago,IL,,0.9336,0.474,16774,44252,,14000,44405,34324,0.716,60435,0.5723905724,0.3850063532,6250,Suburb,68556,No,No,0.4458,0.6255,,Neither required nor recommended,"Private, nonprofit",,No
144740,DePaul University,IL,,0.7353,0.7,29141,59467,0.003262158956,19383,54695,44645,0.5012,106263,0.550042337,0.3023514164,13968,City,76598,No,No,0.3066,0.8669,1254,Considered but not required,"Private, nonprofit",0.0062658764,No
144883,East-West University,IL,,,0.2295,21055,30062,,7334,21236,,1,68166,0.5229357798,0.5393939394,6672,City,47283,Yes,No,0.8015,0.3651,,,"Private, nonprofit",,No
144892,Eastern Illinois University,IL,20,0.6775,0.4517,14093,26164,,15722,42694,28458,0.7836,83574,0.6065640194,0.3421643467,10176,Town,66452,No,No,0.3087,0.7003,1010,Considered but not required,Public,,No
144962,Elmhurst University,IL,26,0.7574,0.6519,21063,51829,,15000,52803,37014,0.3705,78390,0.6074289876,0.351910828,7522,Suburb,80672,No,No,0.368,0.7585,1116,Considered but not required,"Private, nonprofit",0.0080116533,No
144971,Eureka College,IL,20,0.8847,0.4057,22048,38518,,15000,42968,,0.74,51039,0.4811083123,0.3415977961,6669,Town,63161,No,No,0.2272,0.6309,,Neither required nor recommended,"Private, nonprofit",,No
145275,Garrett-Evangelical Theological Seminary,IL,,,,,,,,,,1,93861,,,24935,City,58245,,No,,,,,"Private, nonprofit",,No
145336,Governors State University,IL,19,,0.196,9477,23076,,14000,45435,35157,0.2769,77373,0.6763241286,0.4261943103,11923,Suburb,67479,Yes,Yes,0.524,0.5944,,,Public,0.0095065641,No
145372,Greenville University,IL,18,0.9537,0.5136,21270,43713,,15000,40307,27218,1,55917,0.4470989761,0.3112701252,7088,Town,58941,No,No,0.3766,0.7018,1034,Considered but not required,"Private, nonprofit",,No
145497,Hebrew Theological College,IL,,0.92,0.7308,11197,21742,,9924,32793,62849,0.4063,36909,0.6060606061,,16810,City,62643,No,No,0.1188,1,,Considered but not required,"Private, nonprofit",,No
145558,Rosalind Franklin University of Medicine and Science,IL,,,,,,,,,,0.6837,105786,0.6212121212,,20076,Suburb,75021,,No,,,,,"Private, nonprofit",,No
145600,University of Illinois Chicago,IL,27,0.785,0.603,12313,26998,,13657,53218,36703,0.7105,127602,0.5284502121,0.4439779965,25464,City,71955,No,No,0.4957,0.7837,1242,Considered but not required,Public,0.0034938857,No
145619,Benedictine University,IL,24,0.7722,0.5095,23529,46548,,17500,50222,35065,0.3531,82521,0.5761067314,0.3431952663,8585,Suburb,80587,No,No,0.3918,0.6916,,Considered but not required,"Private, nonprofit",,No
145628,Illinois College of Optometry,IL,,,,,,,,,,0.6389,96588,,,21938,City,72760,,No,,,,,"Private, nonprofit",,No
145637,University of Illinois Urbana-Champaign,IL,32,0.4369,0.8489,15201,32134,,16500,64802,56260,0.7291,126738,0.4948371724,0.2493020998,13341,City,77278,No,No,0.2381,0.9432,1418,Considered but not required,Public,0.0014750936,No
145646,Illinois Wesleyan University,IL,27,0.4517,0.8254,29550,68399,,23221,56082,,0.5594,78678,0.5227272727,0.1772575251,19122,City,81071,No,No,0.2318,0.8455,1242,Considered but not required,"Private, nonprofit",,No
145691,Illinois College,IL,21,0.7467,0.6109,17945,47337,,14746,40110,,0.77,69129,0.5559772296,0.3109756098,9641,Town,59338,No,No,0.3512,0.6996,1082,Considered but not required,"Private, nonprofit",,No
145725,Illinois Institute of Technology,IL,29,0.5542,0.7244,19353,67720,,20687,70803,,0.592,123624,0.3001132503,0.3223767383,12366,City,74075,No,No,0.2906,0.8692,1296,Considered but not required,"Private, nonprofit",,No
145813,Illinois State University,IL,24,0.8901,0.6632,18996,32458,,15750,50599,32239,0.7452,80154,0.5624349636,0.2964350118,8906,Suburb,74746,No,No,0.3005,0.8133,1127,Considered but not required,Public,0.0037721124,No
145886,Institute for Clinical Social Work,IL,,,,,,,,,,,,,,7657,City,,,No,,,,,"Private, nonprofit",,No
146339,Judson University,IL,22,0.6312,0.5325,25027,43951,,14000,45374,28497,0.2663,60192,0.6131907308,0.3562753036,10295,City,75944,No,No,0.3972,0.7375,985,Considered but not required,"Private, nonprofit",,No
146427,Knox College,IL,28,0.7113,0.6751,24875,65796,,23852,37757,28285,0.7152,60129,0.605313093,0.2784552846,18814,Town,71884,No,No,0.2972,0.7992,1250,Considered but not required,"Private, nonprofit",,No
146481,Lake Forest College,IL,29,0.5941,0.7042,27499,68191,,21500,51324,,0.5959,80424,0.6030405405,0.2458715596,11804,Suburb,84677,No,No,0.3515,0.8629,1309,Considered but not required,"Private, nonprofit",,No
146490,Lake Forest Graduate School of Management,IL,,,,,,,,,,0.0159,92619,,,4879,Suburb,,,No,,,,,"Private, nonprofit",,No
146533,Lakeview College of Nursing,IL,,,,,,,15000,74789,29948,0.6,60066,0.8390804598,,15933,Town,59600,,No,0.4828,,,,"Private, nonprofit",,No
146612,Lewis University,IL,23,0.7273,0.6256,18370,45843,,18750,56095,32757,0.4675,90513,0.5491803279,0.3940031562,10876,Suburb,79812,No,No,0.3089,0.8364,1117,Considered but not required,"Private, nonprofit",0.0081967213,No
146667,Lincoln Christian University,IL,,,0.5823,17610,28671,,15000,35416,18959,0.8333,46368,0.4279661017,0.3122171946,6985,Town,60672,Yes,No,0.3908,0,,,"Private, nonprofit",,No
146719,Loyola University Chicago,IL,30,0.8139,0.7692,35196,64167,,20500,58411,34390,0.5139,101493,0.6853006682,0.2768674699,13165,City,76055,No,No,0.2324,0.8421,1283,Considered but not required,"Private, nonprofit",0.0035634744,No
146728,Lutheran School of Theology at Chicago,IL,,,,,,,,,,0.5238,79839,,,44486,City,,,No,,,,,"Private, nonprofit",,No
146755,Trinity College of Nursing & Health Sciences,IL,,,,,,,22500,62487,,0.8462,63153,0.8895705521,0.4105960265,15012,City,57598,,No,0.5432,,,,"Private, nonprofit",,No
146977,McCormick Theological Seminary,IL,,,,,,,,,,0.3333,71145,,,33782,City,,,No,,,,,"Private, nonprofit",,No
147013,McKendree University,IL,,0.6388,0.5954,24190,47121,,16240,49439,,1,64422,0.5425631431,0.3255813953,5291,Suburb,58622,No,No,0.2909,0.6816,,Neither required nor recommended,"Private, nonprofit",,No
147031,Meadville Theological School of Lombard College,IL,,,,,,,,,,0.5294,87840,,,30413,City,,,No,,,,,"Private, nonprofit",,No
147129,Methodist College,IL,,0.3111,0.75,14867,26280,,27000,64709,34198,0.4783,46629,0.8957746479,0.347826087,14637,City,,No,No,0.5589,0,,Considered but not required,"Private, nonprofit",,No
147244,Millikin University,IL,23,0.5405,0.5907,8837,41297,,19000,43100,24878,0.713,57726,0.5449041372,0.3184782609,12324,City,63904,No,No,0.3472,0.7376,1050,Considered but not required,"Private, nonprofit",,No
147341,Monmouth College,IL,26,0.8662,0.6014,18034,55529,,20000,43158,22802,0.6842,61551,0.4598825832,0.3224400871,17765,Town,66145,No,No,0.3091,0.6957,1128,Considered but not required,"Private, nonprofit",,No
147369,Moody Bible Institute,IL,,0.9754,0.6199,25007,34510,,12000,40210,34639,0.3167,81342,0.450229709,0.2808988764,10904,City,,No,No,0.3272,0.8978,,Neither required nor recommended,"Private, nonprofit",,No
147536,National Louis University,IL,,0.9312,0.36870000000000003,16157,25350,,12500,43562,30238,0.9906,60453,0.7513850416,0.5044483986,5700,City,67361,No,No,0.5728,0.5643,,Neither required nor recommended,"Private, nonprofit",0.0207756233,No
147590,National University of Health Sciences,IL,,,,,,,12289,44332,34781,1,49968,0.6991150442,,15703,Suburb,74633,,No,0.1818,,,,"Private, nonprofit",,No
147660,North Central College,IL,25,0.5831,0.7114,23033,54803,,18750,51762,31570,0.5629,82629,0.5386363636,0.2659660469,11907,City,86906,No,No,0.247,0.817,1165,Considered but not required,"Private, nonprofit",,No
147679,North Park University,IL,23,0.7284,0.5596,18191,42040,,19875,49326,33918,1,72369,0.6128078818,0.3698324022,7652,City,70754,No,No,0.432,0.6878,,Neither required nor recommended,"Private, nonprofit",,No
147697,Northern Baptist Theological Seminary,IL,,,,,,,,,,,65709,,,7596,Suburb,,,No,,,,,"Private, nonprofit",,No
147703,Northern Illinois University,IL,,0.7045,0.4965,12909,27214,,16250,46113,37284,0.7568,94779,0.534562212,0.3832968636,13260,Suburb,75712,No,No,0.4555,0.7038,,Neither required nor recommended,Public,0.0049374589,No
147767,Northwestern University,IL,35,0.0715,0.9589,27143,87804,,14000,76844,80313,0.8177,177336,0.5243467933,0.1515711645,45401,City,81811,No,No,0.187,0.9744,1526,Considered but not required,"Private, nonprofit",,No
147776,Northeastern Illinois University,IL,,0.704,0.1679,13550,27208,,11969,43801,33874,0.5807,83817,0.6059467919,0.5086887836,16588,City,61978,No,No,0.5377,0.6104,,Neither required nor recommended,Public,0.0090766823,No
147828,Olivet Nazarene University,IL,23,0.669,0.6027,21539,50557,,19313,49278,33006,0.4028,65385,0.6257142857,0.2768395657,9179,Suburb,66225,No,No,0.3533,0.6814,1103,Considered but not required,"Private, nonprofit",,No
148016,Principia College,IL,25,0.444,0.7619,,,,,,,1,80046,,,34010,Rural,,No,No,0,0.7541,1096,Considered but not required,"Private, nonprofit",,No
148131,Quincy University,IL,24,0.4989,0.4274,17324,45102,,13000,43331,,0.4955,57456,0.5386996904,0.3300492611,6689,Town,58100,No,No,0.2964,0.6403,1157,Considered but not required,"Private, nonprofit",,No
148405,Rockford University,IL,21,0.5723,0.3826,23066,47033,,15000,45847,28977,0.4601,58500,0.5699658703,0.4183864916,8779,City,64497,No,No,0.4175,0.7006,984,Considered but not required,"Private, nonprofit",,No
148487,Roosevelt University,IL,24,0.9427,0.4099,20152,48426,,14667,42896,31981,0.2883,78723,0.6615276804,0.3683794466,12172,City,70632,No,No,0.4642,0.6173,1000,Considered but not required,"Private, nonprofit",0.009110021,No
148496,Dominican University,IL,25,0.798,0.6236,15113,44414,,18750,47907,30355,0.3837,69786,0.6973578863,0.5074626866,11667,Suburb,69994,No,No,0.4934,0.7926,1022,Considered but not required,"Private, nonprofit",,No
148511,Rush University,IL,,,,,,,19273,86865,,0.5822,118494,0.7303370787,0.472972973,17223,City,76900,,No,0.3565,,,,"Private, nonprofit",,No
148575,Saint Francis Medical Center College of Nursing,IL,,,,,,,15000,69519,,0.7292,70020,0.8972972973,0.3684210526,17049,City,61006,,No,0.3238,,,,"Private, nonprofit",,No
148584,University of St Francis,IL,23,0.6393,0.6463,16284,45375,,16500,56648,36238,0.8866,71865,0.6448467967,0.4237804878,6511,Suburb,76865,No,No,0.3706,0.7336,1055,Considered but not required,"Private, nonprofit",,No
148593,St. John's College-Department of Nursing,IL,,,,,,,15000,68248,,0.8889,61227,0.8255813953,,27484,City,63132,,No,0.3171,,,,"Private, nonprofit",,No
148627,Saint Xavier University,IL,,0.8575,0.59,12093,42237,,16699,50784,32827,0.3442,72450,0.6649061033,0.493877551,7359,City,69054,No,No,0.5599,0.7439,,Neither required nor recommended,"Private, nonprofit",,No
148654,University of Illinois Springfield,IL,24,0.8437,0.6137,8916,23643,,14000,47432,40629,0.6023,85941,0.5704697987,0.3624382208,8638,City,58971,No,No,0.3585,0.8066,1118,Considered but not required,Public,0.0126771066,No
148876,St. Augustine College,IL,,,0.2775,17082,23056,,4136,31348,,0.1579,56016,0.7386759582,0.6834733894,6826,City,53401,Yes,No,0.7338,0.623,,,"Private, nonprofit",,No
148885,University of Saint Mary of the Lake,IL,,,,,,,,,,1,67050,,,38682,Suburb,,,No,,,,,"Private, nonprofit",,No
148982,Spertus College,IL,,,,,,,,,,0.087,88110,,,27713,City,,,No,,,,,"Private, nonprofit",,No
149028,Saint Anthony College of Nursing,IL,,1,,,,,18750,76111,,0.5106,71559,0.8524590164,0.4375,17061,City,71060,No,No,0.3481,,,Neither required nor recommended,"Private, nonprofit",,No
149222,Southern Illinois University-Carbondale,IL,24,0.9044,0.563,16177,29268,,17750,43087,31925,0.784,74061,0.4896289248,0.3525195024,16657,Town,59313,No,No,0.3665,0.6869,1060,Considered but not required,Public,0.0064700285,No
149231,Southern Illinois University-Edwardsville,IL,23,0.9721,0.5497,13696,25302,,15500,46384,31868,0.7173,83187,0.5792239289,0.3068748645,13028,Suburb,59952,No,No,0.3157,0.7222,1063,Considered but not required,Public,0.0060630558,No
149329,Telshe Yeshiva-Chicago,IL,,1,0.0769,6182,20000,,,,,0.8889,36171,,,27712,City,55675,No,No,0.3797,0.8788,,Neither required nor recommended,"Private, nonprofit",,No
149505,Trinity Christian College,IL,24,0.8865,0.6387,16381,47066,,21358,48107,,0.5194,67644,0.6888168558,0.3290909091,11686,Suburb,74534,No,No,0.3329,0.792,1154,Considered but not required,"Private, nonprofit",,No
149514,Trinity International University-Illinois,IL,18,0.9318,0.4565,21386,47751,,19500,41545,32414,0.2183,66159,0.4308300395,0.2960526316,10563,Suburb,72368,No,No,0.3288,0.0465,,Neither required nor recommended,"Private, nonprofit",,No
149639,VanderCook College of Music,IL,,0.973,0.4667,17094,38850,,27000,45704,,0.10780000000000001,61083,0.4255319149,,11159,City,65913,No,No,0.2766,0.6667,,Considered but not required,"Private, nonprofit",,No
149772,Western Illinois University,IL,,0.7496,0.4477,11592,27828,,19762,43057,30772,0.8362,83268,0.5614960441,0.3770755222,11025,Town,67698,No,No,0.2812,0.5873,,Neither required nor recommended,Public,0.0043155119,No
149781,Wheaton College,IL,30,0.8998,0.8655,26984,56447,,20000,50270,37749,0.6263,91926,0.527700831,,17639,Suburb,81885,No,No,0.202,0.9384,1363,Considered but not required,"Private, nonprofit",,No
150066,Anderson University,IN,22,0.5342,0.4942,22144,49098,,19500,44396,28080,1,59598,0.5635179153,0.2316513761,11188,City,64040,No,No,0.3587,0.6966,1054,Considered but not required,"Private, nonprofit",,No
150136,Ball State University,IN,24,0.716,0.6327,15898,25134,,16904,44394,27642,0.7813,73629,0.5982266556,0.2772175946,10908,City,62817,No,No,0.3358,0.7719,1172,Considered but not required,Public,0.0015239679,No
150145,Bethel University,IN,,0.9868,0.5721,19726,42276,,19293,44271,,1,56988,0.6631989597,0.3245125348,8904,City,61051,No,No,0.3522,0.7004,1073,Considered but not required,"Private, nonprofit",,No
150163,Butler University,IN,28,0.8587,0.8015,38472,64503,,22238,61627,49643,1,84042,0.6011042098,0.1295116773,14610,City,71968,No,No,0.1378,0.8807,1282,Considered but not required,"Private, nonprofit",,No
150172,Calumet College of Saint Joseph,IN,,,0.299,20739,31758,,9500,39342,,0.359,54639,0.5025906736,0.5182926829,7539,Suburb,57573,Yes,No,0.4849,0.3962,,,"Private, nonprofit",,No
150215,Christian Theological Seminary,IN,,,,,,,,,,1,64188,,,24662,City,,,No,,,,,"Private, nonprofit",,No
150288,Concordia Theological Seminary,IN,,,,,,,,,,0.7778,60390,,,13529,City,,,No,,,,,"Private, nonprofit",,No
150400,DePauw University,IN,28,0.5406,0.8,24546,72560,,24733,58476,41635,0.8542,91539,0.5024469821,0.1635111876,25713,Town,72050,No,No,0.1575,0.8916,1287,Considered but not required,"Private, nonprofit",,No
150455,Earlham College,IN,28,0.7422,0.6794,24516,64237,,19500,35430,,0.9231,72090,0.5752688172,0.2262569832,39828,Town,66410,No,No,0.25,0.7977,1250,Considered but not required,"Private, nonprofit",,No
150534,University of Evansville,IN,26,0.7765,0.7127,20230,56068,,19000,46734,31971,0.9172,81990,0.6136071887,0.2745901639,14408,City,61532,No,No,0.2296,0.7745,,Neither required nor recommended,"Private, nonprofit",,No
150604,Franklin College,IN,23,0.7058,0.634,22762,50708,,18998,45635,,0.7476,62037,0.4662813102,0.2937625755,10370,Suburb,61682,No,No,0.385,0.7102,1119,Considered but not required,"Private, nonprofit",,No
150668,Goshen College,IN,27,0.8894,0.6047,15725,47206,,13750,43218,31052,0.5818,57294,0.6706730769,0.3689839572,14207,City,61693,No,No,0.3738,0.7818,1049,Considered but not required,"Private, nonprofit",,No
150677,Grace College and Theological Seminary,IN,23,0.8078,0.6991,18406,40539,,16750,41463,34438,0.9839,70614,0.6288659794,0.2814009662,6803,Town,63627,No,No,0.2873,0.8038,1088,Considered but not required,"Private, nonprofit",,No
150756,Hanover College,IN,28,0.8397,0.6356,21826,55798,,19500,42876,,1,71910,0.5308641975,0.2532188841,19635,Town,64885,No,No,0.26,0.8321,1197,Considered but not required,"Private, nonprofit",,No
150774,Holy Cross College,IN,31,0.7371,0.2947,26470,48808,,11904,41335,33930,0.4,59598,0.4013157895,0.2881944444,7972,Suburb,72725,No,No,0.2897,0.7928,1229,Considered but not required,"Private, nonprofit",,No
150941,Huntington University,IN,22,0.7115,0.682,13710,40088,,18127,40702,22878,1,65664,0.6627078385,0.3109452736,11808,Town,63046,No,No,0.2937,0.7698,1124,Considered but not required,"Private, nonprofit",,No
151102,Purdue University Fort Wayne,IN,23,0.8566,0.3247,11513,19714,,10556,42873,26851,0.9648,76905,0.5872044506,0.3519736842,9508,City,61940,No,No,0.2305,0.6425,1078,Considered but not required,Public,0.0044506259,No
151111,Indiana University-Indianapolis,IN,25,0.8139,0.5387,11408,22216,,13337,47173,33269,0.5079,84069,0.609940853,0.3508614903,22861,City,64749,No,No,0.3627,0.7248,1146,Considered but not required,Public,0.0039431358,No
151263,University of Indianapolis,IN,,0.7276,0.5581,18748,48674,,18714,46452,,1,72765,0.6753185465,0.3181126332,11691,City,63891,No,No,0.3596,0.6816,,Neither required nor recommended,"Private, nonprofit",,No
151290,Indiana Institute of Technology,IN,,0.5689,0.3139,21318,43490,0.005105513955,12564,29717,32091,1,82530,0.6610447028,0.5330149502,2768,City,60972,No,No,0.3383,0.6583,,Neither required nor recommended,"Private, nonprofit",0.0135909612,No
151306,University of Southern Indiana,IN,24,0.9465,0.5195,12621,20749,,13236,42323,27465,1,71541,0.6409277745,0.354708798,9214,Suburb,57279,No,No,0.2228,0.6948,1131,Considered but not required,Public,,No
151324,Indiana State University,IN,,0.915,0.4107,12188,23475,,14574,41047,27838,0.7213,71856,0.5856593682,0.3619030325,11407,City,56049,No,No,0.3905,0.6864,,Neither required nor recommended,Public,0.0036770851,No
151333,Indiana University-Kokomo,IN,23,0.8469,0.4475,6276,13351,,10000,42134,33398,0.569,62253,0.6779769526,0.4026243094,7278,City,60071,No,No,0.3469,0.6688,1063,Considered but not required,Public,0.0070422535,No
151342,Indiana University-South Bend,IN,21,0.8599,0.3574,8364,15984,,12000,41388,25984,0.5973,61767,0.6282157676,0.4102216192,8285,City,59249,No,No,0.4117,0.6682,1072,Considered but not required,Public,0.0058091286,No
151351,Indiana University-Bloomington,IN,29,0.8037,0.8117,15342,27361,,15519,53417,42014,0.8449,104391,0.5315707274,0.2211493718,15997,City,70094,No,No,0.1669,0.9055,1308,Considered but not required,Public,0.0012271307,No
151360,Indiana University-Northwest,IN,22,0.767,0.3685,5970,13371,,12478,39714,33610,0.4716,66528,0.7057842047,0.4537660747,8925,Suburb,61713,No,No,0.4255,0.6872,1067,Considered but not required,Public,0.0111234705,No
151379,Indiana University-Southeast,IN,23,0.8312,0.3341,8257,15313,,11650,42290,30047,0.4888,68508,0.6458863444,0.4091116173,9649,Suburb,57669,No,No,0.3381,0.6979,1097,Considered but not required,Public,,No
151388,Indiana University-East,IN,22,0.7124,0.4536,9082,16756,,12000,44827,33325,0.4471,68859,0.6784677887,0.4462962963,7960,Town,51277,No,No,0.3378,0.6314,1135,Considered but not required,Public,,No
151777,Manchester University,IN,,0.913,0.4484,19268,48321,,12250,43024,25254,0.7259,71514,0.5366847826,0.3366906475,12981,Town,60877,No,No,0.4374,0.716,,Neither required nor recommended,"Private, nonprofit",,No
151786,Marian University,IN,,0.9534,0.6095,23594,52691,,20000,55704,36109,0.3074,70236,0.6651949963,0.2917647059,12511,City,65206,No,No,0.2305,0.7745,,Neither required nor recommended,"Private, nonprofit",,No
151801,Indiana Wesleyan University-Marion,IN,23,0.8221,0.6633,23069,42951,0.004907621247,14335,51329,38899,1,71001,0.7298892989,0.4741139964,12709,Town,62930,No,No,0.2549,0.7879,1074,Considered but not required,"Private, nonprofit",0.0156457565,No
151810,Martin University,IN,,,0.3333,13879,25074,,24332,25539,,0.6667,52659,0.6976744186,0.5341614907,2778,City,51133,Yes,No,0.6554,0.75,,,"Private, nonprofit",,No
151865,Anabaptist Mennonite Biblical Seminary,IN,,,,,,,,,,0.7273,61245,,,16455,City,,,No,,,,,"Private, nonprofit",,No
151962,Mid-America College of Funeral Service,IN,,,0.5574,25456,30379,,11625,42193,,0.3333,63855,0.6947368421,,3385,Suburb,53904,Yes,No,0.559,1,,,"Private, nonprofit",,No
152080,University of Notre Dame,IN,34,0.1238,0.9683,27823,80211,,19000,86210,68758,0.8696,149490,0.4604402142,0.1023765996,36120,Suburb,76710,No,No,0.1247,0.9818,1510,Considered but not required,"Private, nonprofit",,No
152099,Oakland City University,IN,19,0.6821,0.7,12820,39307,,12174,43190,34042,0.1859,57618,0.5695364238,0.4416058394,7839,Rural,52931,No,No,0.3185,0.68,,Neither required nor recommended,"Private, nonprofit",,No
152318,Rose-Hulman Institute of Technology,IN,31,0.7281,0.8169,40665,74226,,21751,85935,43480,0.9423,105192,0.2859450727,0.1438016529,19767,City,67724,No,No,0.1171,0.9064,1389,Considered but not required,"Private, nonprofit",,No
152336,University of Saint Francis-Fort Wayne,IN,22,0.9756,0.6067,20361,45228,,18750,47944,34105,1,63576,0.7222715173,0.3594339623,9936,City,63802,No,No,0.427,0.6568,1040,Considered but not required,"Private, nonprofit",,No
152381,Saint Mary-of-the-Woods College,IN,20,0.7614,0.5227,43465,47143,,13600,41863,27541,0.2804,48006,0.9131455399,0.3964646465,11023,Rural,56558,No,No,0.5055,0.6734,966,Considered but not required,"Private, nonprofit",,No
152390,Saint Mary's College,IN,26,0.8111,0.7652,28552,65706,,23199,53470,35379,0.6883,69894,,0.1979865772,19216,Suburb,72879,No,No,0.239,0.8363,1233,Considered but not required,"Private, nonprofit",,Yes
152451,Saint Meinrad School of Theology,IN,,,,,,,,,,1,84582,,,13720,Rural,,,No,,,,,"Private, nonprofit",,No
152530,Taylor University,IN,,0.7611,0.7656,24327,51879,,15500,45142,29835,0.6087,67473,0.6016371078,0.1456582633,10952,Rural,68822,No,No,0.1312,0.9126,1232,Considered but not required,"Private, nonprofit",,No
152567,Trine University,IN,25,0.8469,0.6761,25580,50004,,18500,53010,,0.2397,72585,0.3919510061,0.3215613383,6600,Town,60275,No,No,0.1555,0.8536,,Neither required nor recommended,"Private, nonprofit",,No
152600,Valparaiso University,IN,,0.9222,0.6704,21583,57393,,22133,55216,33697,0.6982,72162,0.571043771,0.2881355932,11232,Suburb,72576,No,No,0.2593,0.7877,1226,Considered but not required,"Private, nonprofit",,No
152637,Vincennes University,IN,,,0.3473,10215,19446,,9227,35834,25881,0.2175,55692,0.4518243391,0.4161235819,7272,Town,53574,Yes,No,0.0935,0.5172,,,Public,0.0052436094,No
152673,Wabash College,IN,26,0.6278,0.7706,21906,62750,,24855,52667,,0.9504,83862,,,19045,Town,66824,No,No,0.2251,0.856,1210,Considered but not required,"Private, nonprofit",,No
152798,Allen College,IA,,,,,,,15000,65078,,0.5696,70974,0.8846153846,,13150,City,55286,No,No,0.2662,,,Neither required nor recommended,"Private, nonprofit",,No
152992,Briar Cliff University,IA,,,0.49370000000000003,21590,49693,,15506,48338,29506,0.6344,63621,0.570754717,0.3641207815,10275,City,55366,Yes,No,0.295,0.6034,,,"Private, nonprofit",,No
153001,Buena Vista University,IA,22,0.7176,0.4729,18321,52490,,17500,43572,,0.3302,61056,0.6892911011,0.352553542,7716,Town,51579,No,No,0.4254,0.7627,1090,Considered but not required,"Private, nonprofit",,No
153108,Central College,IA,22,0.7897,0.6916,22353,35177,,20815,49115,,0.8598,69255,0.4896193772,0.214801444,12673,Town,59591,No,No,0.2139,0.7265,1115,Considered but not required,"Private, nonprofit",,No
153126,Clarke University,IA,21,0.6816,0.5494,20068,52899,,19500,49157,24024,0.7,59841,0.6086956522,0.2935064935,10662,City,57836,No,No,0.3592,0.6736,1060,Considered but not required,"Private, nonprofit",,No
153144,Coe College,IA,,0.7067,0.59,19155,64682,,20496,47136,,1,62892,0.5747800587,0.2352024922,10931,City,61192,No,No,0.3568,0.7652,1206,Considered but not required,"Private, nonprofit",,No
153162,Cornell College,IA,27,0.8066,0.7167,25079,64336,,21500,39299,,1,71442,0.4674157303,0.195754717,12613,Town,67428,No,No,0.2896,0.7416,1246,Considered but not required,"Private, nonprofit",,No
153241,Divine Word College,IA,,,1,,,,,,,0.7308,62352,,,30542,Rural,62828,Yes,No,0.1176,,,,"Private, nonprofit",,No
153250,Dordt University,IA,25,0.7116,0.6533,25383,49722,,17500,50551,,0.5833,63900,0.482078853,0.1224862888,11610,Town,61155,No,No,0.1827,0.8516,1175,Considered but not required,"Private, nonprofit",,No
153269,Drake University,IA,28,0.6413,0.7731,30042,62407,,19500,58233,34702,0.6813,91809,0.6097560976,0.1530054645,13252,City,70375,No,No,0.2095,0.8392,1288,Considered but not required,"Private, nonprofit",,No
153278,University of Dubuque,IA,,0.8692,0.4105,23250,51060,,17070,44960,31839,1,73737,0.4245960503,0.3612204724,13342,City,58943,No,No,0.4037,0.7143,1119,Considered but not required,"Private, nonprofit",0.0107719928,No
153302,Emmaus Bible College,IA,22,0.977,0.8167,12904,30198,,9350,34653,,0.6316,46134,0.5593220339,,8184,City,63394,No,No,0.4029,0.7027,1109,Considered but not required,"Private, nonprofit",,No
153320,Faith Baptist Bible College and Theological Seminary,IA,24,0.4968,0.6105,17819,30354,,8750,33372,,0.4167,51048,0.5714285714,,6342,Suburb,57604,No,No,0.374,0.8,1088,Required,"Private, nonprofit",,No
153366,Graceland University-Lamoni,IA,20,0.8322,0.3834,15975,46850,,14209,40792,30721,1,61605,0.5477629988,0.3758212878,11079,Rural,56137,No,No,0.4516,0.6436,,Neither required nor recommended,"Private, nonprofit",,No
153375,Grand View University,IA,20,0.9838,0.5579,21616,46188,,15097,47582,26955,0.4973,77562,0.5456238361,0.3602040816,7321,City,62140,No,No,0.3811,0.7295,,Neither required nor recommended,"Private, nonprofit",,No
153384,Grinnell College,IA,32,0.1268,0.8747,15608,79228,,14151,49004,78268,0.8,109593,0.5348837209,0.1756097561,31318,Town,70311,No,No,0.1688,0.931,1486,Considered but not required,"Private, nonprofit",,No
153427,Orion Technical College,IA,,,0.8049,20489,26127,,9500,35488,,,30141,0.6030150754,0.4748603352,5116,City,55761,Yes,No,0.5733,,,,"Private, for-profit",,No
153603,Iowa State University,IA,25,0.8913,0.7547,18165,23309,0.001806684734,18750,53873,38091,0.8504,111627,0.4624236966,0.1991840151,11904,City,61269,No,No,0.1846,0.8756,1199,Considered but not required,Public,0.0018012609,No
153658,University of Iowa,IA,26,0.8467,0.7306,21398,26883,,18207,52696,39113,0.8747,116604,0.5623043206,0.2231285357,15155,City,63769,No,No,0.1775,0.893,1220,Considered but not required,Public,0.0017532874,No
153825,Loras College,IA,,0.9183,0.6985,21057,48380,,19500,46069,,0.7273,61605,0.4635258359,0.1727416799,8117,City,66273,No,No,0.2527,0.8287,,Neither required nor recommended,"Private, nonprofit",,No
153834,Luther College,IA,26,0.7327,0.75,25635,62845,,22200,49541,26462,0.8034,73440,0.5242718447,0.1284634761,16256,Town,65739,No,No,0.1925,0.7925,1238,Considered but not required,"Private, nonprofit",,No
153861,Maharishi International University,IA,,0.969,0.1765,18225,28730,,11558,26468,,0.9367,33417,0.5287356322,0.3376623377,7541,Town,60879,No,No,0.5521,0.65,,Neither required nor recommended,"Private, nonprofit",,No
153977,Mercy College of Health Sciences,IA,20,0.9878,0.4857,23417,30844,,12500,53375,26485,0.4085,53118,0.863084922,0.3460803059,9180,City,62864,No,No,0.3388,0.5263,,Considered but not required,"Private, nonprofit",,No
154004,Morningside University,IA,,0.7057,0.5284,23169,50429,,15750,47687,,1,65592,0.5776699029,0.2346153846,7816,City,54990,No,No,0.3153,0.6936,910,Considered but not required,"Private, nonprofit",,No
154013,Mount Mercy University,IA,,0.7876,0.5588,23435,52436,,18500,52871,,1,58878,0.7172413793,0.2881987578,7745,City,61693,No,No,0.2589,0.7014,1120,Considered but not required,"Private, nonprofit",,No
154022,Ashford University,CA,,,0.0877,25321,30866,0.004912907548,9500,33397,31265,0.0492,69039,0.7799183785,0.5429005315,1661,City,62011,Yes,No,0.3114,0.3065,,,"Private, for-profit",0.0189690158,No
154095,University of Northern Iowa,IA,23,0.944,0.6894,14609,21627,,16486,47222,25470,0.7512,77472,0.5950834879,0.2248966691,11206,City,56117,No,No,0.238,0.846,1120,Considered but not required,Public,,No
154101,Northwestern College,IA,24,0.8701,0.6357,23519,48447,,16791,46731,23731,1,67950,0.5496828753,0.1347826087,8280,Town,58600,No,No,0.2274,0.7986,,Neither required nor recommended,"Private, nonprofit",,No
154156,Des Moines University-Osteopathic Medical Center,IA,,,,,,,,,,0.64,94653,,,13876,Rural,61294,,No,,,,,"Private, nonprofit",,No
154174,Palmer College of Chiropractic,IA,,,0,,,,7500,40025,,0.8112,57933,0.5072463768,,11855,City,59646,,No,0.375,,,,"Private, nonprofit",,No
154235,Saint Ambrose University,IA,24,0.7332,0.6285,22750,50018,,19500,51616,29190,1,69525,0.595194085,0.284457478,8791,City,63314,No,No,0.279,0.8362,,Neither required nor recommended,"Private, nonprofit",,No
154262,St Luke's College,IA,,0.4444,0.3333,13021,27391,,13000,54850,,0.6098,59877,0.9248120301,0.3603603604,11612,City,54778,No,No,0.4643,,980,Considered but not required,"Private, nonprofit",,No
154350,Simpson College,IA,24,0.8888,0.6566,22231,58937,,20262,49946,,0.5064,62109,0.552,0.2335664336,13019,Town,60274,No,No,0.3265,0.76,1410,Considered but not required,"Private, nonprofit",,No
154493,Upper Iowa University,IA,21,0.9338,0.4147,23172,48422,,18000,48776,35942,1,56781,0.6772853186,0.4507973551,4010,Rural,57565,No,No,0.3252,0.5936,929,Considered but not required,"Private, nonprofit",0.0221606648,No
154518,Waldorf University,IA,,0.726,0.2897,21683,38035,,12025,50515,35823,0.3358,50571,0.4436987323,0.4625735913,1819,Rural,57010,No,No,0.339,0.5175,,Neither required nor recommended,"Private, for-profit",,No
154527,Wartburg College,IA,23,0.9941,0.6682,22604,61832,,19500,48795,28085,1,63999,0.5414110429,0.1735015773,10922,Town,58222,No,No,0.2147,0.8029,1136,Considered but not required,"Private, nonprofit",,No
154536,Wartburg Theological Seminary,IA,,,,,,,,,,1,61317,,,7756,City,52068,,No,,,,,"Private, nonprofit",,No
154590,William Penn University,IA,19,0.5701,0.2924,22115,40749,,12000,40189,31059,1,57447,0.4115646259,0.3829516539,5393,Town,58579,No,No,0.4558,0.5623,996,Considered but not required,"Private, nonprofit",,No
154688,Baker University,KS,21,0.921,0.5938,22500,48117,,18530,54747,33366,0.2327,61542,0.5992462312,0.3628922237,8387,Rural,67758,No,No,0.2386,0.7424,950,Considered but not required,"Private, nonprofit",,No
154712,Benedictine College,KS,26,0.7645,0.6507,27477,50820,,18570,45000,,0.9855,72288,0.4980988593,0.1496062992,8004,Town,64485,No,No,0.1621,0.8044,1244,Considered but not required,"Private, nonprofit",,No
154721,Bethany College,KS,20,0.786,0.2867,29203,52396,,9500,40805,46804,1,41580,0.3402922756,0.3325842697,7741,Rural,57710,No,No,0.4328,0.4903,,Considered but not required,"Private, nonprofit",,No
154749,Bethel College-North Newton,KS,22,0.957,0.4309,24392,47672,,12000,40808,23375,0.5902,54342,0.4728915663,0.3440514469,7282,Town,58345,No,No,0.3879,0.6036,,Considered but not required,"Private, nonprofit",,No
154855,Central Christian College of Kansas,KS,,,0.2303,12473,32495,,15750,37685,29691,0.2133,37512,0.4773413897,0.4761029412,3588,Town,55393,Yes,No,0.4311,0.5946,,,"Private, nonprofit",,No
155007,Donnelly College,KS,,,0.38,15025,22227,,8747,34791,23140,0.4615,48762,0.8080357143,0.60625,5874,City,46706,Yes,No,0.6313,0.7561,,,"Private, nonprofit",,No
155025,Emporia State University,KS,,0.9774,0.543,15702,20527,,14000,41389,23353,0.9005,63801,0.6277056277,0.3396099529,8472,Town,56675,No,No,0.3401,0.6742,1090,Considered but not required,Public,,No
155061,Fort Hays State University,KS,,0.9177,0.4785,13493,19114,,14250,44428,34856,0.4993,70947,0.6360037261,0.385026738,6273,Town,50801,No,No,0.2227,0.7684,1118,Considered but not required,Public,0.0093153237,No
155070,Barclay College,KS,,0.5449,0.5517,28827,40190,,24320,35820,,0.5122,48024,0.4444444444,0.4031007752,10296,Rural,57474,No,No,0.6513,0.4762,,Neither required nor recommended,"Private, nonprofit",,No
155089,Friends University,KS,21,0.5564,0.6149,25752,44401,,17413,42960,29430,0.3296,61542,0.5522620905,0.3576271186,5004,City,60343,No,No,0.3365,0.6962,1014,Considered but not required,"Private, nonprofit",,No
155140,Haskell Indian Nations University,KS,,0.8832,0.4259,3031,10134,,,28425,,,62964,0.5275779376,0.4005449591,8362,City,43179,No,No,0.619,,,Neither required nor recommended,Public,,No
155177,Hesston College,KS,,,0.5741,21458,44939,,12000,46707,27126,0.6863,48150,0.578313253,0.2491909385,13098,Rural,56658,Yes,No,0.3025,0.8333,,,"Private, nonprofit",,No
155283,Concorde Career College-Kansas City,MO,,0.9883,0.5693,28094,,,9500,33845,,0.4867,68382,0.8729828214,0.5297580118,12475,City,52050,No,No,0.5393,,,Neither required nor recommended,"Private, for-profit",0.0093701197,No
155308,Kansas Christian College,KS,,,0.2857,15686,21889,,7859,,,0.5455,25236,0.3474576271,0.4693877551,7088,City,,Yes,No,0.5798,0.4815,,,"Private, nonprofit",,No
155317,University of Kansas,KS,25,0.882,0.6879,17365,25215,,15500,51217,46435,0.7799,99729,0.547597184,0.2222402072,22848,City,70891,No,No,0.1953,0.8513,1186,Considered but not required,Public,0.004285277,No
155335,Newman University,KS,21,0.4761,0.5377,19045,44081,,15240,47051,,1,58473,0.7261261261,0.394,6358,City,62008,No,No,0.124,0.7073,,Neither required nor recommended,"Private, nonprofit",,No
155399,Kansas State University,KS,,0.7936,0.7047,17883,25441,,17294,49330,33697,0.9,95589,0.5208711434,0.2247913769,14631,City,59909,No,No,0.1934,0.8716,1149,Considered but not required,Public,0.0052796568,No
155414,Kansas Wesleyan University,KS,,0.8498,0.3846,23369,45683,,15000,44811,,1,55197,0.4240631164,0.3304904051,5801,Town,54592,No,No,0.4083,0.5983,,Neither required nor recommended,"Private, nonprofit",,No
155496,Manhattan Christian College,KS,22,1,0.5479,23608,34318,,13000,40023,,0.36,47763,0.4258064516,0.2689655172,5934,City,58385,No,No,0.4483,0.6786,1020,Considered but not required,"Private, nonprofit",,No
155511,McPherson College,KS,,0.8379,0.52,24837,48404,,13833,41446,28879,0.9464,66231,0.3681818182,0.3056234719,9136,Town,59250,No,No,0.3362,0.6466,1068,Considered but not required,"Private, nonprofit",,No
155520,MidAmerica Nazarene University,KS,20,0.7346,0.4615,29520,53495,,12912,57433,,0.214,60813,0.5806831567,0.322496749,7637,Suburb,69737,No,No,0.2847,0.6137,1016,Considered but not required,"Private, nonprofit",,No
155627,Ottawa University-Ottawa,KS,18,0.8003,0.2872,28083,51340,,12500,49139,42315,0.9211,58707,0.6274509804,0.4008683068,2618,Town,65346,No,No,0.3529,0.5761,1011,Considered but not required,"Private, nonprofit",0.0130718954,No
155636,Ottawa University-Kansas City,KS,,,,,,,12500,49139,42315,1,37593,0.6274509804,0.4008683068,1601,City,65346,,No,0.4618,,,,"Private, nonprofit",0.0130718954,No
155681,Pittsburg State University,KS,21,0.8817,0.5758,18889,22426,,14000,43793,26979,0.6667,69615,0.5119899032,0.3232231779,9012,Town,50242,No,No,0.3226,0.7784,1090,Considered but not required,Public,0.0050483803,No
155812,University of Saint Mary,KS,,0.8984,0.4406,23335,45313,,14817,54827,38835,0.5115,61209,0.5247524752,0.3571428571,9123,Town,62613,No,No,0.3688,0.6429,1047,Considered but not required,"Private, nonprofit",,No
155900,Southwestern College,KS,19,0.6497,0.3351,27310,53677,,12500,48034,32146,1,57213,0.4626436782,0.3984251969,7970,Town,58156,No,No,0.3946,0.5306,,Neither required nor recommended,"Private, nonprofit",0.0158045977,No
155937,Sterling College,KS,22,0.5303,0.2903,22403,44836,,12000,40722,28052,0.4653,45774,0.3733333333,0.340974212,6798,Rural,58015,No,No,0.3167,0.5894,,Considered but not required,"Private, nonprofit",,No
155973,Tabor College,KS,,0.6462,0.3289,19868,48360,,14000,42896,,0.6458,54135,0.4516908213,0.3139841689,7982,Rural,57538,No,No,0.3783,0.6556,1049,Considered but not required,"Private, nonprofit",,No
156082,Washburn University,KS,,,0.5263,13046,20949,,12500,42881,34393,0.6101,76563,0.5912248629,0.3781033781,11192,City,57541,Yes,No,0.3052,0.6924,,,Public,0.0073126143,No
156125,Wichita State University,KS,23,0.9494,0.5143,13776,21064,,14700,44043,,0.6312,80811,0.5934139785,0.3633893281,8755,City,60078,No,No,0.2973,0.6759,1118,Considered but not required,Public,0.0078405018,No
156189,Alice Lloyd College,KY,20,0.8557,0.2636,17839,30294,,7990,35174,21445,1,48096,0.5726495726,0.4678899083,5788,Rural,31403,No,No,0.5565,0.5824,980,Considered but not required,"Private, nonprofit",,No
156213,Asbury University,KY,,0.6406,0.65,20428,46209,,17500,35563,21090,0.4703,63108,0.6154910097,0.2362318841,11704,Town,61842,No,No,0.2631,0.8427,,Neither required nor recommended,"Private, nonprofit",,No
156222,Asbury Theological Seminary,KY,,,,,,,,,,1,82503,0.5135135135,,10054,Town,56966,,No,,,,,"Private, nonprofit",,No
156286,Bellarmine University,KY,24,0.9359,0.6775,23587,60247,,20000,49819,29249,0.4914,76599,0.6793703397,0.2726480836,11101,City,65601,No,No,0.2501,0.7509,1208,Considered but not required,"Private, nonprofit",,No
156295,Berea College,KY,26,0.3271,0.6204,4483,56068,,3516,35676,30569,0.8173,80046,0.5585798817,0.4057771664,20821,Town,47532,No,No,0.8101,0.8778,1248,Considered but not required,"Private, nonprofit",,No
156356,Brescia University,KY,22,0.3461,0.4597,14626,41865,,20185,39897,26236,0.6286,51714,0.7409948542,0.4521072797,10039,City,50402,No,No,0.4283,0.5684,,Neither required nor recommended,"Private, nonprofit",,No
156365,Campbellsville University,KY,,0.9833,0.4713,18246,40924,,9500,34639,33625,0.4176,56961,0.6151012891,0.4664842681,5074,Town,47586,No,No,0.2154,0.5979,,Neither required nor recommended,"Private, nonprofit",,No
156408,Centre College,KY,30,0.5434,0.8529,21497,63354,,25125,50073,,0.9091,83664,0.4708737864,0.2025641026,23614,Town,64052,No,No,0.2122,0.875,1345,Considered but not required,"Private, nonprofit",,No
156417,Clear Creek Baptist Bible College,KY,,,0.3333,10255,20151,,,35559,,0.7857,41724,0.21875,,6490,Rural,39097,Yes,No,0.4436,0.625,,,"Private, nonprofit",,No
156471,Galen College of Nursing-Louisville,KY,,,0.6316,,,,16500,58951,37907,0.4857,60129,0.8711656442,0.4930104843,3738,City,54499,Yes,No,0.2591,0.6739,,,"Private, for-profit",0.0105170903,No
156541,University of the Cumberlands,KY,21,0.7139,0.4624,11286,24654,,8592,39046,31966,0.217,57231,0.5649847095,0.3976608187,2569,Town,44968,No,No,0.4848,0.8113,,Neither required nor recommended,"Private, nonprofit",,No
156620,Eastern Kentucky University,KY,21,0.7809,0.4974,9962,22265,0.002903600465,14929,38611,27755,0.5663,68814,0.5814347291,0.3995334888,9508,Town,47617,No,No,0.3861,0.7962,1089,Considered but not required,Public,0.0030788177,No
156727,Frontier Nursing University,KY,,,,,,,,,,0.9,74142,,,12983,Rural,,,No,,,,,"Private, nonprofit",,No
156745,Georgetown College,KY,,0.7388,0.4754,13485,56297,,13000,40393,23906,0.5188,59625,0.5257548845,0.3308550186,4648,Town,56937,No,No,0.3439,0.677,1149,Required,"Private, nonprofit",,No
157021,American National University-Pikeville,KY,,,0.5,16238,21504,,10814,26172,,,42075,0.8573155985,0.5985507246,7415,Town,46461,Yes,No,0.8017,0,,,"Private, for-profit",,No
157030,Kentucky Mountain Bible College,KY,23,0.3571,0.3571,9904,16490,,5500,21778,,1,7047,0.4186046512,,7222,Rural,44446,No,No,0.5513,0.8182,980,Required,"Private, nonprofit",,No
157058,Kentucky State University,KY,,0.9255,0.2714,8900,21023,,12250,29640,28468,0.6149,62019,0.5764375877,0.4003215434,6215,Town,51636,No,No,0.5652,0.6079,910,Considered but not required,Public,,No
157076,Kentucky Wesleyan College,KY,22,0.67,0.526,36431,43981,,11000,35895,,0.4421,53775,0.4551886792,0.3781094527,6725,City,52095,No,No,0.4157,0.6486,1043,Considered but not required,"Private, nonprofit",,No
157085,University of Kentucky,KY,26,0.9238,0.6993,17218,32291,,16750,47266,38187,0.8267,105237,0.5687747036,0.2336008857,12578,City,59287,No,No,0.215,0.8667,1213,Considered but not required,Public,0.0023715415,No
157100,Kentucky Christian University,KY,19,0.6238,0.3377,22139,38893,,8510,39921,,0.4328,44199,0.4346405229,0.2957746479,6184,Town,53919,No,No,0.3704,0.4528,1044,Considered but not required,"Private, nonprofit",,No
157207,Lexington Theological Seminary,KY,,,,,,,,,,0.175,56088,,,48723,City,,,No,,,,,"Private, nonprofit",,No
157216,Lindsey Wilson College,KY,,,0.3808,13811,39568,,11514,34861,23602,0.6545,56034,0.6268221574,0.4585365854,4328,Town,38952,Yes,No,0.4988,0.6275,,,"Private, nonprofit",,No
157289,University of Louisville,KY,24,0.8054,0.6068,17634,30843,,13750,46571,40421,0.5639,83286,0.5513169846,0.3043478261,16848,City,59042,No,No,0.288,0.8058,1147,Considered but not required,Public,0.0018165304,No
157298,Louisville Presbyterian Theological Seminary,KY,,,,,,,,,,1,62523,,,32733,City,,,No,,,,,"Private, nonprofit",,No
157377,Midway University,KY,22,0.9518,0.4638,23863,41400,,12470,40738,34132,0.2708,65574,0.7833594976,0.4345637584,5385,Rural,50374,No,No,0.4613,0.6883,1145,Considered but not required,"Private, nonprofit",,No
157386,Morehead State University,KY,,0.8212,0.4769,10089,22758,,14705,37131,26781,0.7217,68202,0.6175595238,0.4141706924,9539,Town,42103,No,No,0.2873,0.6948,,Considered but not required,Public,,No
157401,Murray State University,KY,24,0.8617,0.5953,9121,21475,,15000,38473,27582,0.7845,67824,0.6265372168,0.3395573997,9998,Town,48948,No,No,0.3135,0.7614,1110,Considered but not required,Public,0.0048543689,No
157447,Northern Kentucky University,KY,23,0.9603,0.4828,7168,19471,,15159,42105,29444,0.9701,77976,0.585591133,0.3813186813,9875,Suburb,63568,No,No,0.2355,0.7782,1114,Considered but not required,Public,0.00636289,No
157535,University of Pikeville,KY,,,0.3907,13591,33271,,12467,34508,31859,0.561,62550,0.4920440636,0.4481830417,10697,Town,35782,Yes,No,0.397,0.645,,,"Private, nonprofit",,No
157748,The Southern Baptist Theological Seminary,KY,23,0.9689,0.4386,,,,,,,1,74214,,,4569,City,,No,No,0,0.8069,1118,Considered but not required,"Private, nonprofit",,No
157757,Spalding University,KY,20,0.9864,0.5732,24264,43474,,20500,42870,29151,0.642,74682,0.7409638554,0.3500837521,11341,City,55916,No,No,0.3559,0.697,1014,Considered but not required,"Private, nonprofit",,No
157793,Sullivan University,KY,,,0.3018,25785,31100,,10688,34516,27570,0.4185,59688,0.662571977,0.4940607127,7148,City,55475,Yes,No,0.1133,,,,"Private, for-profit",,No
157809,Thomas More University,KY,,0.9703,0.4011,20701,46342,,14376,47148,37588,0.54,59409,0.4798154556,0.368221942,6817,Suburb,64733,No,No,0.2247,0.6702,1140,Considered but not required,"Private, nonprofit",,No
157818,Transylvania University,KY,27,0.8499,0.6975,23560,58863,,20000,40447,,0.6614,92196,0.595959596,0.1636363636,12189,City,57136,No,No,0.2405,0.8345,1285,Considered but not required,"Private, nonprofit",,No
157863,Union College,KY,19,0.5504,0.3603,23906,44375,,14250,36529,22928,1,45261,0.4579124579,0.4072727273,5694,Town,38949,No,No,0.5062,0.575,965,Considered but not required,"Private, nonprofit",,No
157951,Western Kentucky University,KY,,0.9705,0.5367,10916,23520,,14702,38156,32601,0.6886,72099,0.6025347381,0.3570372803,9539,City,50387,No,No,0.2871,0.7797,977,Considered but not required,Public,,No
158477,Centenary College of Louisiana,LA,25,0.5442,0.593,25159,57929,,15250,42821,,0.434,68319,0.5142857143,0.2183406114,12151,City,58549,No,No,0.3891,0.7514,1171,Considered but not required,"Private, nonprofit",,No
158802,Dillard University,LA,21,0.4051,0.451,18553,36057,,23048,28507,25995,0.626,65619,0.7324840764,0.3528528529,7528,City,51069,No,No,0.6781,0.696,1089,Considered but not required,"Private, nonprofit",,No
159009,Grambling State University,LA,17,0.2368,0.3234,19125,25100,,24500,25589,,0.8629,57366,0.5489778535,0.3945178659,4729,Town,44602,No,No,0.7217,0.7619,955,Considered but not required,Public,,No
159373,Louisiana State University Health Sciences Center-New Orleans,LA,,,,,,,18500,74290,39952,0.7135,85941,0.8409638554,0.3626666667,84176,City,54579,,No,0.2193,,,,Public,,No
159382,Louisiana State University-Alexandria,LA,20,0.9263,0.3552,8365,15540,,10500,37284,27305,0.6205,65142,0.6816655473,0.4488721805,5866,Rural,39416,No,No,0.3563,0.6783,1048,Required,Public,,No
159391,Louisiana State University and Agricultural & Mechanical College,LA,26,0.74,0.7096,20015,34328,,12956,49218,53094,0.889,101106,0.5727889193,0.2664919852,15006,City,57504,No,No,0.2565,0.8401,1248,Considered but not required,Public,0.0037512624,No
159416,Louisiana State University-Shreveport,LA,23,0.8272,0.3321,8130,19233,,15000,38467,29698,0.6827,84015,0.6644897959,0.4027149321,7438,City,47946,No,No,0.3781,0.625,1119,Considered but not required,Public,,No
159568,Louisiana Christian University,LA,21,0.8379,0.4128,16874,30564,,11000,40615,29513,0.64,55809,0.4404145078,0.3684210526,8949,Suburb,46322,No,No,0.4075,0.6082,,Neither required nor recommended,"Private, nonprofit",,No
159647,Louisiana Tech University,LA,25,0.7257,0.5762,12209,24405,,15000,44903,40712,0.633,79983,0.4864058355,0.3118584071,7697,Town,46738,No,No,0.205,0.8399,1190,Considered but not required,Public,,No
159656,Loyola University New Orleans,LA,,0.8772,0.6742,22762,61837,,18500,34092,,0.5956,79938,0.6433239963,0.1928071928,11193,City,67759,No,No,0.3721,0.7737,,Neither required nor recommended,"Private, nonprofit",,No
159717,McNeese State University,LA,22,0.6755,0.5201,11257,21168,,13000,38713,30776,1,68373,0.6371179039,0.3848015489,5120,City,47295,No,No,0.3112,0.7075,1080,Required,Public,,No
159939,University of New Orleans,LA,21,0.6677,0.4251,11147,22605,,11000,38410,26732,0.6452,82296,0.5788849348,0.406360424,6962,City,51940,No,No,0.4044,0.7021,1056,Considered but not required,Public,,No
159948,New Orleans Baptist Theological Seminary,LA,,,0.4074,,,,,,,1,58113,,,13603,City,,Yes,No,0,0.8125,,,"Private, nonprofit",,No
159966,Nicholls State University,LA,23,0.9602,0.5429,12091,21519,,13156,38829,31140,1,62865,0.6346546792,0.4583710407,6464,City,49304,No,No,0.3498,0.7664,1088,Required,Public,0.0040866367,No
159993,University of Louisiana at Monroe,LA,22,0.7456,0.506,11633,23552,,15000,40430,28322,0.7864,71982,0.6975505857,0.3800852383,7610,City,43063,No,No,0.3341,0.7227,1102,Required,Public,,No
160038,Northwestern State University of Louisiana,LA,19,0.9374,0.4463,13809,24496,,15000,39485,30958,0.6903,64674,0.7343553657,0.424301676,6892,Town,43125,No,No,0.3488,0.7042,1090,Considered but not required,Public,0.0027645137,No
160065,University of Holy Cross,LA,19,0.9901,0.3582,16780,28380,,19500,46296,32264,0.4037,69300,0.8932806324,0.4898876404,10141,City,52742,No,No,0.2842,0.6905,,Neither required nor recommended,"Private, nonprofit",,No
160074,Franciscan Missionaries of Our Lady University,LA,21,0.8294,0.5132,17797,27314,,16669,55851,36860,1,72045,0.8931082982,0.4736024845,13015,City,54007,No,No,0.3575,0.6,,Neither required nor recommended,"Private, nonprofit",,No
160409,Saint Joseph Seminary College,LA,,,0.4,39513,43395,,,24003,,1,33192,,,33075,Rural,50129,Yes,No,0.0748,0.875,,,"Private, nonprofit",,No
160612,Southeastern Louisiana University,LA,,0.9428,0.448,12174,22647,,11077,37124,27469,0.8386,66276,0.6394316163,0.3990835697,6787,City,53084,No,No,0.33,0.7624,1090,Considered but not required,Public,,No
160621,Southern University and A & M College,LA,17,0.4987,0.2845,19740,26076,,15455,33033,36511,0.9907,67815,0.6367601246,0.3966005666,5475,City,45854,No,No,0.6458,0.6035,938,Required,Public,,No
160630,Southern University at New Orleans,LA,,0.6021,0.1786,15260,20893,,19500,29148,,1,63369,0.7254716981,0.496009122,6831,City,43920,No,No,0.4458,0.4839,910,Considered but not required,Public,,No
160658,University of Louisiana at Lafayette,LA,22,0.8883,0.52,14118,24631,,14991,42668,35485,0.7488,80235,0.6164128596,0.3848580442,9198,City,47090,No,No,0.3877,0.7601,1219,Considered but not required,Public,0.0021996616,No
160755,Tulane University of Louisiana,LA,32,0.1459,0.8891,43939,83761,,19250,50220,47704,0.6987,116172,0.6045479756,0.1800116891,34542,City,69803,No,No,0.0928,0.9441,1443,Considered but not required,"Private, nonprofit",,No
160904,Xavier University of Louisiana,LA,23,0.7448,0.5021,18285,39183,,14000,40643,45316,0.7885,87543,0.7478510029,0.2657232704,9875,City,55657,No,No,0.5171,0.7078,1077,Considered but not required,"Private, nonprofit",,No
160959,College of the Atlantic,ME,,0.6502,0.6923,24028,56334,,17723,,,1,80748,0.7826086957,,16734,Rural,66849,No,No,0.2653,0.8316,,Neither required nor recommended,"Private, nonprofit",,No
160977,Bates College,ME,,0.1302,0.9059,30703,80440,,12442,59202,,0.9526,106353,0.491638796,0.150877193,25710,City,77753,No,No,0.1022,0.9402,1446,Considered but not required,"Private, nonprofit",,No
160995,Beal University,ME,,,0.3415,33857,,,11261,40158,,,47520,0.6280701754,0.5411764706,4928,City,46806,Yes,No,0.6365,0.5,,,"Private, for-profit",0.0701754386,No
161004,Bowdoin College,ME,,0.0802,0.956,20786,80390,,12000,61692,,0.8755,126531,0.5064102564,0.1883561644,39065,Town,75490,No,No,0.1614,0.9763,1514,Considered but not required,"Private, nonprofit",,No
161022,Maine College of Health Professions,ME,,0.3333,0.8333,20438,20438,,12000,,,0.8182,55053,0.9189189189,0.4927536232,7939,City,51663,No,No,0.5148,,910,Considered but not required,"Private, nonprofit",,No
161086,Colby College,ME,33,0.0683,0.9022,23939,81550,,15000,60052,,0.9464,113418,0.5679758308,0.108974359,26017,Town,80130,No,No,0.1318,0.9064,1500,Considered but not required,"Private, nonprofit",,No
161217,University of Maine at Augusta,ME,,,0.2328,11353,18813,,13215,36467,,0.3815,70830,0.7263212977,0.5086009174,9603,Town,48750,Yes,No,0.3196,0.6265,,,Public,0.0230245945,No
161226,University of Maine at Farmington,ME,,0.9763,0.5275,14873,24103,,16722,31513,,0.7265,74754,0.6762589928,0.3243823845,12934,Rural,55400,No,No,0.3248,0.7871,1040,Considered but not required,Public,,No
161235,University of Maine at Fort Kent,ME,,0.9907,0.3984,10865,18532,,12778,61217,,0.549,70479,0.7434094903,0.4291187739,8941,Rural,44056,No,No,0.139,0.6531,,Neither required nor recommended,Public,,No
161253,University of Maine,ME,26,0.9571,0.5643,18045,26418,,16750,43124,31915,0.6955,100359,0.482962963,0.2340534979,12488,Suburb,54908,No,No,0.2196,0.7701,,Neither required nor recommended,Public,0.002962963,No
161299,Maine Maritime Academy,ME,,0.614,0.6141,21185,30166,,26812,93944,,0.7755,,0.1750547046,0.206741573,11805,Rural,56725,No,No,0.2472,0.8203,1185,Considered but not required,Public,,No
161341,University of Maine at Presque Isle,ME,,0.9709,0.3766,10028,18663,,8275,33793,,0.4103,70245,0.6387755102,0.3671171171,6505,Rural,42576,No,No,0.2559,0.7282,,Neither required nor recommended,Public,,No
161457,University of New England,ME,,0.8884,0.6083,37109,60706,,20000,48957,,0.5098,81738,0.7390681004,0.2207307979,12177,Suburb,64934,No,No,0.1189,0.7462,,Neither required nor recommended,"Private, nonprofit",,No
161509,Maine College of Art & Design,ME,,0.7755,0.4874,36443,57027,,19000,24333,,0.2857,62235,0.7307692308,0.2388059701,15293,City,67354,No,No,0.2658,0.7789,,Neither required nor recommended,"Private, nonprofit",,No
161518,Saint Joseph's College of Maine,ME,,0.8172,0.6855,24666,58452,,19576,52884,,1,57582,0.6390041494,0.3053097345,7375,Rural,63952,No,No,0.201,0.801,1030,Considered but not required,"Private, nonprofit",,No
161554,University of Southern Maine,ME,22,0.7931,0.4634,11729,21381,,12887,47107,,0.4018,96390,0.6078147612,0.328369906,10292,City,58065,No,No,0.2628,0.7558,1130,Required,Public,0.009406657,No
161563,Thomas College,ME,,0.9707,0.5136,19223,43757,,20000,40495,,0.4783,67878,0.5017123288,0.3786764706,4453,Town,52667,No,No,0.1534,0.7906,,Neither required nor recommended,"Private, nonprofit",,No
161572,Unity Environmental University,ME,,0.818,0.5698,18217,20915,,4752,31698,,0.0684,48636,0.5086206897,0.3211009174,1939,Rural,64564,No,No,0.5925,0.4203,,Neither required nor recommended,"Private, nonprofit",,No
161873,University of Baltimore,MD,19,0.8555,0.4673,17546,27477,,18972,48197,33000,0.5599,118710,0.6104815864,0.3990024938,17600,City,65721,No,Yes,0.4317,0.6538,1060,Considered but not required,Public,0.0092067989,No
162007,Bowie State University,MD,19,0.8354,0.3814,19335,24302,,12861,43877,35244,0.4429,97470,0.6363636364,0.3552006905,8890,Suburb,77046,No,No,0.439,0.6991,935,Considered but not required,Public,,No
162061,Capitol Technology University,MD,,0.7794,0.4667,24678,40900,,12000,76545,,0.1242,46737,0.1528384279,0.356097561,6700,Suburb,73053,No,No,0.3523,0.7317,,Neither required nor recommended,"Private, nonprofit",,No
162210,Washington Adventist University,MD,,0.4536,0.4,15026,34570,,22750,40114,33700,0.247,54288,0.7209302326,0.3518518519,19229,Suburb,69837,No,No,0.4605,0.8214,920,Considered but not required,"Private, nonprofit",,No
162283,Coppin State University,MD,,0.4956,0.2559,6007,20152,,15606,42243,38016,0.5766,85374,0.7749453751,0.472,16912,City,54222,No,No,0.5304,0.7349,,Considered but not required,Public,0.0072833212,No
162584,Frostburg State University,MD,21,0.8944,0.5207,15323,26500,,14867,43638,32744,0.6809,79632,0.5270209915,0.3599803825,11403,Town,70221,No,No,0.3285,0.6613,,Considered but not required,Public,,No
162654,Goucher College,MD,28,0.729,0.6,23774,68893,,17882,40563,,0.5789,73098,0.6826923077,0.1759729272,15642,City,82700,No,No,0.3123,0.7658,1225,Considered but not required,"Private, nonprofit",,No
162760,Hood College,MD,,0.7813,0.5529,23707,59174,,18185,48415,30059,0.405,73629,0.6358974359,0.3111111111,10790,City,78949,No,No,0.3627,0.8027,,Neither required nor recommended,"Private, nonprofit",,No
162928,Johns Hopkins University,MD,,0.0756,0.9463,18161,81300,,9000,86306,80170,0.965,165357,0.517218543,0.1312714777,91301,City,81539,No,No,0.1976,0.9786,1553,Considered but not required,"Private, nonprofit",,No
163046,Loyola University Maryland,MD,,0.7633,0.8049,29633,71606,,23882,64453,50641,1,85599,0.602739726,0.1349453978,12143,City,92129,No,No,0.177,0.8589,1292,Considered but not required,"Private, nonprofit",,No
163204,University of Maryland Global Campus,MD,,,0.2958,14514,19790,,10500,58051,45713,0.0451,82746,0.5443589096,0.4647196604,2728,Suburb,73191,Yes,No,0.2844,0.528,,,Public,0.016468955100000002,No
163259,University of Maryland Baltimore,MD,,,,,,,15000,82754,39059,0.381,123903,0.8587962963,0.3789473684,33134,City,76216,,No,0.2534,,,,Public,,No
163268,University of Maryland-Baltimore County,MD,28,0.7424,0.7055,18328,27935,,15750,55137,39444,0.6672,113571,0.4939527213,0.2740181269,14495,Suburb,83010,No,No,0.296,0.8714,1299,Considered but not required,Public,0.0041231446,No
163286,University of Maryland-College Park,MD,32,0.4484,0.8862,15590,28073,,17000,67785,58747,0.8169,147519,0.508934661,0.2242705763,19532,Suburb,90010,No,No,0.1859,0.9566,1463,Considered but not required,Public,0.0020461056,No
163295,Maryland Institute College of Art,MD,,0.7729,0.7133,38429,71366,,16250,33451,29981,0.1556,86175,0.7222222222,0.1738197425,18957,City,80395,No,No,0.2081,0.8502,1207,Considered but not required,"Private, nonprofit",,No
163338,University of Maryland Eastern Shore,MD,,0.9036,0.3464,14035,27799,,18500,34624,,0.7125,95031,0.5885969816,0.3575063613,21282,Town,66039,No,No,0.5261,0.6626,,Considered but not required,Public,,No
163453,Morgan State University,MD,18,0.8296,0.4161,15015,24778,,19500,40065,27824,0.6207,99495,0.5864635011,0.3310118804,9410,City,63566,No,No,0.5445,0.7082,984,Considered but not required,Public,,No
163462,Mount St. Mary's University,MD,,0.7186,0.5802,24987,62078,,15000,48915,,1,72900,0.5489949749,0.232712766,10040,Rural,81781,No,No,0.269,0.7083,1141,Considered but not required,"Private, nonprofit",,No
163532,Ner Israel Rabbinical College,MD,,0.7941,0.439,5548,25650,,,,,1,67752,,,12064,Suburb,59120,No,No,0.2073,0.9474,,Neither required nor recommended,"Private, nonprofit",,No
163578,Notre Dame of Maryland University,MD,,0.8649,0.5195,24536,60362,,17990,63918,46648,0.3509,71334,0.938215103,0.4094292804,15555,City,70799,No,No,0.3227,0.7679,,Neither required nor recommended,"Private, nonprofit",,Yes
163851,Salisbury University,MD,,0.8863,0.6745,16456,26134,,15750,51926,35238,0.6977,91305,0.5956829897,0.2917236662,10854,Suburb,77177,No,No,0.2405,0.8031,1250,Considered but not required,Public,,No
163912,St. Mary's College of Maryland,MD,29,0.7539,0.6804,18362,31319,,17000,52286,,0.7302,79191,0.5970961887,0.2328244275,17853,Rural,85886,No,No,0.2017,0.8137,1232,Considered but not required,Public,,No
163976,St. John's College,MD,29,0.4429,0.6741,27934,52683,,19500,34483,,0.9306,80892,0.4099378882,,14954,Suburb,72041,No,No,0.2208,0.8846,1381,Considered but not required,"Private, nonprofit",,No
164076,Towson University,MD,24,0.828,0.6762,16791,26621,,15362,54302,32247,0.5591,85617,0.6269697392,0.2895995218,9092,City,80470,No,No,0.3346,0.8321,1166,Considered but not required,Public,0.0018128573,No
164085,Maryland University of Integrative Health,MD,,,,,,,,,,0.0559,48852,,,6795,Suburb,,,No,,,,,"Private, nonprofit",,No
164155,United States Naval Academy,MD,29,0.0936,0.9185,,,,,,,0.9741,125109,,,45479,Suburb,,No,No,,0.9614,1308,Considered but not required,Public,,No
164173,Stevenson University,MD,,0.832,0.6642,26806,57322,,21500,54574,33979,0.301,78291,0.6609058403,0.3069435432,10313,Suburb,74334,No,No,0.2894,0.7779,,Neither required nor recommended,"Private, nonprofit",,No
164216,Washington College,MD,,0.6554,0.7411,29095,70191,,21000,48763,27282,0.7895,57897,0.6089285714,0.1603773585,24211,Town,83448,No,No,0.2052,0.8658,1274,Considered but not required,"Private, nonprofit",,No
164270,McDaniel College,MD,,0.8358,0.6376,20923,62974,,15000,47879,30001,0.2357,72873,0.5169014085,0.2636363636,9886,Town,83552,No,No,0.3381,0.7888,,Neither required nor recommended,"Private, nonprofit",,No
164368,Hult International Business School,MA,,0.5335,0.6582,42402,74875,,11000,,,0.3429,97425,,,8072,City,,No,No,0.0836,0.7278,,Neither required nor recommended,"Private, nonprofit",,No
164447,American International College,MA,,0.969,0.4228,25299,55463,,21063,41451,,0.1573,71496,0.5941520468,0.4057377049,6746,City,62232,No,No,0.5004,0.6778,,Neither required nor recommended,"Private, nonprofit",,No
164465,Amherst College,MA,33,0.0982,0.9342,18246,83650,,12000,62537,103110,0.9559,130860,0.5439093484,0.2084592145,36125,City,82187,No,No,0.216,0.9679,1494,Considered but not required,"Private, nonprofit",,No
164492,Anna Maria College,MA,,0.8956,0.4044,29396,61106,,17500,63110,,0.2805,64728,0.6302652106,0.3969335605,7749,Rural,69542,No,No,0.3424,0.6169,,Considered but not required,"Private, nonprofit",,No
164562,Assumption University,MA,,0.8654,0.7459,28853,61777,,24250,46029,,0.5125,85878,0.597,0.1752903907,12772,City,80096,No,No,0.1937,0.8347,,Neither required nor recommended,"Private, nonprofit",,No
164580,Babson College,MA,32,0.1974,0.9236,38876,77248,,19000,91354,,1,175419,0.4822134387,0.1487603306,15202,Suburb,82978,No,No,0.1423,0.9421,1435,Considered but not required,"Private, nonprofit",,No
164614,Boston Baptist College,MA,,1,0.4444,16321,26691,,,,,,20997,0.4285714286,,3035,City,68167,No,No,0.575,0.8,,Considered but not required,"Private, nonprofit",,No
164632,Bay Path University,MA,,0.735,0.5694,14590,47064,,19100,51548,,0.1413,83682,,0.4970662196,8322,Suburb,64235,No,No,0.6616,0.6906,,Considered but not required,"Private, nonprofit",0.0120311394,Yes
164739,Bentley University,MA,30,0.4844,0.8821,38787,77082,,24007,86679,51055,0.6613,141165,0.3995137763,0.1555367709,15476,City,82419,No,No,0.1508,0.929,1340,Considered but not required,"Private, nonprofit",,No
164748,Berklee College of Music,MA,,0.4991,0.6635,50404,69874,,15750,26462,30793,0.34,95085,0.3608673206,0.2123362445,19733,City,77216,No,No,0.1536,0.8544,,Neither required nor recommended,"Private, nonprofit",,No
164872,Boston Architectural College,MA,,,0.3846,37891,47152,,24750,58619,,0.1154,61092,0.4285714286,,6734,City,68891,Yes,No,0.202,0.6111,,,"Private, nonprofit",,No
164915,Boston Graduate School of Psychoanalysis Inc,MA,,,,,,,,,,,38835,,,3575,Suburb,,,No,,,,,"Private, nonprofit",,No
164924,Boston College,MA,34,0.1565,0.9099,39866,83683,,17962,85717,78266,0.5993,156969,0.5189448441,0.1318956871,26033,City,83893,No,No,0.1273,0.9537,1501,Considered but not required,"Private, nonprofit",,No
164988,Boston University,MA,33,0.1085,0.8997,26996,82694,,21500,65655,52027,0.6934,145116,0.6546625328,0.169382716,33815,City,83140,No,No,0.1797,0.9451,1473,Considered but not required,"Private, nonprofit",,No
165015,Brandeis University,MA,33,0.3531,0.8611,33885,82123,,23250,52967,44356,0.7261,130293,0.6027088036,0.1630695444,20729,City,85221,No,No,0.144,0.9026,1473,Considered but not required,"Private, nonprofit",,No
165024,Bridgewater State University,MA,24,0.8919,0.5461,17970,25164,,18746,46673,,1,93762,0.5927823569,0.3414215686,11167,Suburb,75059,No,No,0.3031,0.7687,1127,Considered but not required,Public,0.004678102,No
165167,Cambridge College,MA,,,0.125,,,,14917,49215,,1,79479,0.7427385892,0.509383378,6549,City,59111,Yes,No,0.331,,,,"Private, nonprofit",0.0394190871,No
165264,Laboure College of Healthcare,MA,,0.4054,,,,,15998,64815,,0.1667,67626,0.9053876478,0.4510779436,15697,Suburb,67066,No,No,0.3664,,,Neither required nor recommended,"Private, nonprofit",0.0157687254,No
165334,Clark University,MA,29,0.4167,0.7712,27711,64426,,22141,49022,,0.9961,109440,0.6560846561,0.1629526462,20018,City,76163,No,No,0.2126,0.8791,1339,Considered but not required,"Private, nonprofit",,No
165495,Conway School of Landscape Design,MA,,,,,,,,,,,46845,,,26051,City,,,No,,,,,"Private, nonprofit",,No
165529,Curry College,MA,,0.9205,0.4825,29504,61556,,18320,46746,,0.3881,97668,0.6135371179,0.3001567398,15141,Suburb,77762,No,No,0.2831,0.6756,1130,Considered but not required,"Private, nonprofit",,No
165574,Dean College,MA,,0.7371,0.4317,30236,62802,,12000,30046,,0.2444,66168,0.4042056075,0.3168187744,7832,Suburb,79806,No,No,0.296,0.7555,,Neither required nor recommended,"Private, nonprofit",,No
165644,Eastern Nazarene College,MA,22,0.5896,0.3529,17733,41948,,19500,43488,29432,0.3186,58725,0.5643835616,0.3009404389,6739,Suburb,69305,No,No,0.3496,0.6164,1035,Considered but not required,"Private, nonprofit",,No
165662,Emerson College,MA,30,0.4748,0.7927,46766,77153,,19000,42799,30937,0.325,95895,0.6143079316,0.1315577078,10966,City,80699,No,No,0.1499,0.8782,1359,Considered but not required,"Private, nonprofit",,No
165671,Emmanuel College,MA,29,0.806,0.6582,31569,63864,,22969,50180,,0.5533,92844,0.7566502463,0.2073684211,11428,City,75156,No,No,0.2034,0.7905,1263,Considered but not required,"Private, nonprofit",,No
165699,Endicott College,MA,,0.7229,0.7543,39324,57533,,23250,57286,39359,0.266,100782,0.6322008863,0.1894818252,11580,Suburb,81307,No,No,0.1313,0.8764,1263,Considered but not required,"Private, nonprofit",,No
165802,Fisher College,MA,20,0.7075,0.2844,25702,52723,,12500,44366,35199,0.2538,68508,0.6935840708,0.4677419355,7739,City,64964,No,No,0.42,0.5444,,Neither required nor recommended,"Private, nonprofit",0.0110619469,No
165820,Fitchburg State University,MA,22,0.8994,0.5273,15432,24517,,18220,41999,,0.4975,90225,0.534308779,0.3591470258,9973,Suburb,71253,No,No,0.3101,0.7277,1114,Considered but not required,Public,,No
165866,Framingham State University,MA,29,0.8487,0.4954,16698,26539,,17224,46611,,0.5784,93024,0.5988700565,0.3225071225,8154,City,80769,No,No,0.3448,0.7152,1150,Considered but not required,Public,0.0051361068,No
165884,Benjamin Franklin Cummings Institute of Technology,MA,,,0.4716,16172,27631,,9500,50583,,0.5424,68832,0.1107142857,0.487804878,7350,City,63760,Yes,No,0.4023,1,,,"Private, nonprofit",,No
165936,Gordon College,MA,27,0.5878,0.6763,24817,41160,,23250,45839,,0.497,68895,0.6497622821,0.1691542289,10434,Rural,80002,No,No,0.2102,0.829,1268,Considered but not required,"Private, nonprofit",,No
165945,Gordon-Conwell Theological Seminary,MA,,,,,,,,,,0.8846,61920,,,10744,Suburb,75574,,No,,,,,"Private, nonprofit",,No
166018,Hampshire College,MA,,0.7035,0.5723,25810,71224,,25000,22195,,0.746,86949,0.6678082192,0.1390374332,16180,Rural,76753,No,No,0.376,0.75,,Neither required nor recommended,"Private, nonprofit",,No
166027,Harvard University,MA,35,0.0345,0.9733,16816,82842,,12500,99572,86098,0.871,214047,0.5015384615,0.25708061,46842,City,76879,No,No,0.1579,0.986,1553,Considered but not required,"Private, nonprofit",,No
166045,Hebrew College,MA,,,,,,,,,,0.2368,71838,,,37345,City,,,No,,,,,"Private, nonprofit",,No
166054,Hellenic College-Holy Cross Greek Orthodox School of Theology,MA,,0.9048,0.4444,14334,41282,,13521,30988,,0.4545,64935,0.2962962963,,29569,Suburb,86162,No,No,0.1795,1,,Neither required nor recommended,"Private, nonprofit",,No
166124,College of the Holy Cross,MA,30,0.211,0.8961,36868,76510,,25879,69984,40313,0.9101,106308,0.526439483,0.1662531017,23980,City,82332,No,No,0.1473,0.9302,1354,Considered but not required,"Private, nonprofit",,No
166391,Lasell University,MA,27,0.8225,0.5317,24944,63387,,21500,45468,,0.3587,78093,0.6674008811,0.2880952381,10206,City,77012,No,No,0.3224,0.707,1159,Considered but not required,"Private, nonprofit",,No
166452,Lesley University,MA,,0.9442,0.6174,31805,49226,,15000,40150,47326,0.3375,80379,0.7928571429,0.2874251497,14935,City,73324,No,No,0.2825,0.7689,,Neither required nor recommended,"Private, nonprofit",,No
166489,Longy School of Music of Bard College,MA,,0.844,0.4444,43291,67675,,19000,31072,,0.0608,51570,0.6197183099,0.1217105263,8755,City,78301,No,No,0.1026,0.875,,Neither required nor recommended,"Private, nonprofit",,No
166513,University of Massachusetts-Lowell,MA,29,0.8524,0.701,18627,29521,,18250,61467,58598,0.5983,118530,0.4343958488,0.3176614881,13730,Suburb,76546,No,No,0.2739,0.819,1253,Considered but not required,Public,0.0070422535,No
166629,University of Massachusetts-Amherst,MA,31,0.5777,0.8316,23691,33389,,20000,60347,50710,0.8043,122004,0.515474436,0.2155418251,19397,City,78424,No,No,0.2029,0.91,1393,Considered but not required,Public,0.0035143408,No
166638,University of Massachusetts-Boston,MA,27,0.8296,0.5115,18282,29698,,15000,53521,43282,0.6208,104778,0.5690204158,0.4305429864,16714,City,68463,No,No,0.4269,0.7285,1188,Considered but not required,Public,0.0084285447,No
166656,MCPHS University,MA,27,0.8521,0.6332,35084,58975,,25000,77171,,0.3024,102285,0.7708222812,0.3048780488,12589,City,72630,No,No,0.2822,0.7865,1216,Considered but not required,"Private, nonprofit",,No
166674,Massachusetts College of Art and Design,MA,,0.7747,0.6919,23764,32256,,19500,27090,,0.9917,91494,0.7187039764,0.2251552795,15450,City,75629,No,No,0.2761,0.8399,,Neither required nor recommended,Public,,No
166683,Massachusetts Institute of Technology,MA,,0.0474,0.9608,19813,79850,,12462,131633,127656,0.9906,208593,0.3718887262,0.2585139319,93449,City,77426,No,No,0.1896,0.9903,1553,Required,"Private, nonprofit",,No
166692,Massachusetts Maritime Academy,MA,,0.9455,0.7912,26661,37721,,20500,80424,,0.6615,84555,0.1281690141,0.211062591,15015,Suburb,77684,No,No,0.1697,0.7886,,Neither required nor recommended,Public,,No
166708,University of Massachusetts Chan Medical School,MA,,,,,,,,,,0.299,102231,,,71431,City,79791,,No,,,,,Public,,No
166717,William James College,MA,,,,,,,,,,0.5833,81117,,,18031,City,,,No,0.35,,,,"Private, nonprofit",,No
166850,Merrimack College,MA,,0.7361,0.7213,37899,68089,,23750,54316,35502,0.4411,101232,0.5302297461,0.2067881835,9175,Suburb,83052,No,No,0.1518,0.8426,,Neither required nor recommended,"Private, nonprofit",,No
166869,MGH Institute of Health Professions,MA,,,,,,,24700,93187,,0.7673,91674,0.8689956332,0.2829268293,22625,City,75726,,No,0,,,,"Private, nonprofit",,No
166911,Montserrat College of Art,MA,,,0.6154,34725,56284,,23707,24780,,0.375,59283,0.7248677249,0.3275862069,10726,Suburb,76309,Yes,No,0.3277,0.7547,,,"Private, nonprofit",,No
166939,Mount Holyoke College,MA,33,0.3829,0.8504,29562,77545,,18258,48590,,0.8902,101151,,0.1895652174,26286,Suburb,79267,No,No,0.2029,0.8971,1422,Considered but not required,"Private, nonprofit",,Yes
167057,The New England Conservatory of Music,MA,,0.4275,0.7778,42556,77870,,19500,18830,,0.2772,65502,0.4235294118,,37426,City,79026,No,No,0.0752,0.9362,,Neither required nor recommended,"Private, nonprofit",,No
167093,New England College of Optometry,MA,,,,,,,,,,0.4592,98595,,,25140,City,71736,,No,,,,,"Private, nonprofit",,No
167215,New England Law-Boston,MA,,,,,,,,,,0.2231,105759,,,6779,City,75755,,No,,,,,"Private, nonprofit",,No
167260,Nichols College,MA,23,0.8814,0.6364,31065,55871,,19500,47830,,0.3451,92880,0.3776223776,0.3157099698,7136,Suburb,74980,No,No,0.3041,0.7184,1110,Considered but not required,"Private, nonprofit",,No
167288,Massachusetts College of Liberal Arts,MA,,0.9235,0.4913,18707,27705,,15750,36803,,0.656,84213,0.6369426752,0.3300699301,21113,Town,64342,No,No,0.4045,0.6893,,Neither required nor recommended,Public,,No
167358,Northeastern University,MA,34,0.0565,0.9038,32116,81353,,22000,78413,54239,0.7164,132975,0.541089566,0.1851581509,18271,City,80190,No,No,0.1234,0.9752,1505,Considered but not required,"Private, nonprofit",0.0039242844,No
167394,College of Our Lady of the Elms,MA,,0.8766,0.6474,21436,53145,,20500,54087,,0.36870000000000003,66258,0.7723156533,0.3516642547,9878,Suburb,59687,No,No,0.4184,0.7622,1240,Considered but not required,"Private, nonprofit",,No
167464,Pope St John XXIII National Seminary,MA,,,,,,,,,,0.2414,27963,,,19438,Suburb,,,No,,,,,"Private, nonprofit",,No
167525,Quincy College,MA,,,0.1663,14317,19527,,8300,43642,,0.8889,80199,0.6995305164,0.480050399,5448,Suburb,67749,Yes,No,0.3378,0.875,,,Public,0.0254862508,No
167598,Regis College,MA,,0.8928,0.6949,28346,64315,,23750,56223,,0.3495,81567,0.7896341463,0.3487972509,11629,Suburb,71565,No,No,0.2774,0.8119,,Neither required nor recommended,"Private, nonprofit",,No
167677,Saint John's Seminary,MA,,,,,,,,,,1,43821,,,29450,City,,,No,0,,,,"Private, nonprofit",,No
167729,Salem State University,MA,,0.9557,0.54990000000000006,18441,27615,,19500,48209,,0.9935,90999,0.6470921986,0.4025974026,9347,Suburb,71187,No,No,0.3531,0.7366,1090,Considered but not required,Public,0.0076595745,No
167783,Simmons University,MA,29,0.66,0.7125,27313,63512,,21780,61420,42118,0.2708,76167,,0.20393974510000001,17005,City,77652,No,No,0.2984,0.8177,1332,Considered but not required,"Private, nonprofit",,Yes
167792,Bard College at Simon's Rock,MA,,0.9721,0.5417,36684,82465,,19000,31072,,0.6984,73458,0.6197183099,0.1217105263,23052,Rural,78301,No,No,0.2349,0.766,,Neither required nor recommended,"Private, nonprofit",,No
167835,Smith College,MA,33,0.1973,0.8966,26181,82134,,13500,45731,,0.8159,115083,,0.1850828729,28962,City,74581,No,No,0.1815,0.9257,1480,Considered but not required,"Private, nonprofit",,Yes
167899,Springfield College,MA,27,0.7023,0.6763,29187,57942,,23000,43692,26186,1,72000,0.5983240223,0.3138871275,13744,City,64281,No,No,0.2166,0.8362,1120,Considered but not required,"Private, nonprofit",,No
167987,University of Massachusetts-Dartmouth,MA,23,0.9216,0.4897,20605,31677,,18133,51475,,0.675,107676,0.5080886759,0.3518893387,16168,Suburb,72067,No,No,0.3564,0.6373,1152,Considered but not required,Public,0.0053924506,No
167996,Stonehill College,MA,,0.7256,0.8081,29969,68412,,23472,63285,,0.5248,94455,0.6086086086,0.1639004149,15060,Suburb,81416,No,No,0.1479,0.8524,,Neither required nor recommended,"Private, nonprofit",,No
168005,Suffolk University,MA,26,0.8474,0.5985,30031,62822,,20500,55856,58855,0.5668,117036,0.6008383791,0.2965027876,11904,City,76214,No,No,0.2741,0.7552,1197,Considered but not required,"Private, nonprofit",,No
168148,Tufts University,MA,34,0.1013,0.9333,35435,84600,,15043,68337,54300,0.6349,123633,0.4582417582,0.1529548088,26255,Suburb,82793,No,No,0.1158,0.9592,1513,Considered but not required,"Private, nonprofit",,No
168218,Wellesley College,MA,33,0.1391,0.9121,25008,83050,,8700,65961,77537,0.8053,120636,,0.1717791411,37532,Suburb,81018,No,No,0.2056,0.9625,1513,Considered but not required,"Private, nonprofit",,Yes
168227,Wentworth Institute of Technology,MA,28,0.8537,0.6863,34170,55030,,18500,71868,,1,93204,0.2059347181,0.24718398,14210,City,76699,No,No,0.2257,0.8627,1226,Considered but not required,"Private, nonprofit",,No
168254,Western New England University,MA,28,0.8326,0.6389,31170,58933,,19500,51771,,0.6181,95994,0.3827247191,0.2454954955,12348,City,76363,No,No,0.2502,0.7487,1231,Considered but not required,"Private, nonprofit",,No
168263,Westfield State University,MA,20,0.8074,0.5486,18561,26435,,15250,46861,,0.6741,71388,0.5586770982,0.3050716221,11637,Suburb,72419,No,No,0.3336,0.7071,,Considered but not required,Public,0.0035561878,No
168281,Wheaton College (Massachusetts),MA,30,0.7133,0.757,30934,76819,,23000,51607,,0.7151,79740,0.6357927786,0.147107438,17099,Suburb,79554,No,No,0.1962,0.8583,1321,Considered but not required,"Private, nonprofit",,No
168342,Williams College,MA,,0.0999,0.9655,14852,81164,,11667,71754,,0.8495,134037,0.5123595506,0.215496368,50561,Town,77966,No,No,0.1715,0.9653,1527,Considered but not required,"Private, nonprofit",,No
168421,Worcester Polytechnic Institute,MA,,0.585,0.8843,43273,75678,,26978,85038,,0.8391,118026,0.3649222065,0.1337719298,21980,City,76076,No,No,0.1029,0.9372,,Neither required nor recommended,"Private, nonprofit",,No
168430,Worcester State University,MA,24,0.8986,0.5551,14738,21586,,13916,50233,32945,0.4916,85284,0.5930918281,0.3564493759,9187,City,68531,No,No,0.289,0.7652,1145,Considered but not required,Public,0.0054759899,No
168528,Adrian College,MI,22,0.6837,0.5595,21504,54950,,16000,42805,,0.494,57240,0.4221105528,0.3100529101,8167,Town,66915,No,No,0.3114,0.6008,1030,Considered but not required,"Private, nonprofit",,No
168546,Albion College,MI,,0.8316,0.5709,16882,68794,,19500,48203,,0.8451,66402,0.4957627119,0.2797619048,15244,Town,71425,No,No,0.4526,0.689,,Neither required nor recommended,"Private, nonprofit",,No
168591,Alma College,MI,,0.6566,0.6373,24663,61380,,23250,45720,,0.6794,64332,0.5534682081,0.2410714286,13819,Town,61676,No,No,0.2092,0.7635,,Neither required nor recommended,"Private, nonprofit",,No
168607,Alpena Community College,MI,,,0.502,4067,11320,,5500,35275,,0.4891,87336,0.4714475432,0.4283646889,8567,Town,46499,Yes,No,0.2077,0.7513,,,Public,,No
168740,Andrews University,MI,24,0.874,0.6593,18597,43670,,19716,43254,32293,0.6464,62280,0.580270793,0.1721311475,13621,Town,63096,No,No,0.22,0.8326,1177,Considered but not required,"Private, nonprofit",,No
168786,Aquinas College,MI,23,0.7106,0.625,18902,49018,,17992,40161,28849,0.5926,60084,0.6396694215,0.2191780822,9338,City,64829,No,No,0.2301,0.7362,1087,Considered but not required,"Private, nonprofit",,No
168847,Baker College,MI,,0.875,0.3133,15171,23456,,16753,33619,27907,0.1661,57699,0.6670299728,0.4714151828,9839,Town,59405,No,No,0.3811,0.7193,1080,Considered but not required,"Private, nonprofit",0.0074477748,No
169080,Calvin University,MI,27,0.7131,0.7736,24783,53286,,19500,48039,,1,86499,0.5627597672,0.1322525597,12705,City,70660,No,No,0.144,0.8849,1205,Considered but not required,"Private, nonprofit",,No
169099,Calvin Theological Seminary,MI,,,,,,,,,,0.7273,77436,,,39213,City,62234,,No,,,,,"Private, nonprofit",,No
169220,Michigan School of Psychology,MI,,,,,,,,,,0.3714,80460,,,12067,City,,,No,,,,,"Private, nonprofit",,No
169248,Central Michigan University,MI,23,0.9101,0.6184,16041,26470,,23183,46567,34880,0.7737,94401,0.592287234,0.2932980354,7717,Town,66048,No,No,0.3064,0.7369,1099,Considered but not required,Public,0.0027925532,No
169327,Cleary University,MI,19,0.4975,0.3939,21019,39110,,12469,55077,49048,0.0446,47250,0.6119402985,0.4229249012,3403,Suburb,81153,No,No,0.2738,0.6364,,Neither required nor recommended,"Private, nonprofit",,No
169363,Concordia University Ann Arbor,MI,21,0.7209,0.5,26409,50378,,19500,49761,33287,1,60669,0.6421004146,0.3183879093,10495,City,64715,No,No,0.2419,0.6622,1250,Considered but not required,"Private, nonprofit",0.0069092584,No
169424,Cranbrook Academy of Art,MI,,,,,,,,,,0.7692,89406,,,58903,Suburb,,,No,,,,,"Private, nonprofit",,No
169442,College for Creative Studies,MI,,0.9276,0.6962,33342,61238,,19000,33691,,1,96156,0.5657439446,0.2283609576,15029,City,74293,No,No,0.2826,0.7649,,Neither required nor recommended,"Private, nonprofit",,No
169479,Davenport University,MI,,0.9705,0.4952,19988,35864,,17353,47041,31386,0.2908,63351,0.5626198083,0.3986062718,6977,Suburb,56679,No,No,0.301,0.7367,,Neither required nor recommended,"Private, nonprofit",0.0092651757,No
169716,University of Detroit Mercy,MI,26,0.8014,0.681,16179,40069,,19950,64534,38161,1,93546,0.6795803067,0.2871198569,13803,City,64142,No,No,0.2513,0.8248,1136,Considered but not required,"Private, nonprofit",,No
169798,Eastern Michigan University,MI,22,0.8135,0.4549,17084,28168,,18750,43148,35018,0.9904,93033,0.6105377512,0.3441964286,8964,Suburb,69989,No,No,0.3656,0.6785,1046,Considered but not required,Public,0.0029875068,No
169910,Ferris State University,MI,23,0.8058,0.4787,12202,26066,,15500,47339,38320,0.7198,94113,0.5511797363,0.352963101,10906,Town,61040,No,No,0.3358,0.7284,1001,Considered but not required,Public,0.0064191534,No
169983,Kettering University,MI,28,0.7909,0.7054,33092,58610,,26563,80275,29132,1,82737,0.1901840491,0.1818181818,12575,City,70813,No,No,0.1681,0.9252,1219,Considered but not required,"Private, nonprofit",,No
170000,Grace Christian University,MI,,0.9931,0.4286,13996,24637,,9500,31450,26861,1,49986,0.5783972125,0.517053206,4277,City,62527,No,No,0.4979,0.589,,Neither required nor recommended,"Private, nonprofit",,No
170037,Cornerstone University,MI,23,0.732,0.6157,22384,40737,,18634,42598,27042,1,60102,0.6526429342,0.3476744186,5782,City,63718,No,No,0.2973,0.8375,,Neither required nor recommended,"Private, nonprofit",,No
170082,Grand Valley State University,MI,,0.9469,0.6865,17096,26578,,19500,47840,28797,0.636,89847,0.6112349009,0.2732988166,10601,Town,67198,No,No,0.2577,0.7674,1079,Considered but not required,Public,0.002814589,No
170091,Great Lakes Christian College,MI,,,0.2593,18700,29664,,12250,28240,,1,56322,0.4672897196,0.2903225806,4888,Suburb,62071,Yes,No,0.6241,0.3947,,,"Private, nonprofit",,No
170240,Henry Ford College,MI,,,0.1063,576,9983,,7300,28100,29727,1,100836,0.5739679741,0.5072463768,8199,City,54248,Yes,No,0.4548,,,,Public,0.0044072279,No
170286,Hillsdale College,MI,32,0.2059,0.8482,,,,,,,1,75348,,,39789,Town,,No,No,0,0.9608,1433,Considered but not required,"Private, nonprofit",,No
170301,Hope College,MI,28,0.7585,0.8226,25749,52206,,23250,49727,,0.6807,77058,0.5895153314,0.1491317671,12457,City,72371,No,No,0.1643,0.9025,1237,Considered but not required,"Private, nonprofit",,No
170444,Jackson College,MI,,,0.1738,7657,15892,,8750,31956,24521,1,63432,0.5227272727,0.4578696343,7829,Rural,59829,Yes,No,0.3442,,,,Public,0.0149667406,No
170532,Kalamazoo College,MI,27,0.7623,0.817,18873,71173,,22810,46137,40061,0.7958,79488,0.5831325301,0.1369509044,18858,City,74950,No,No,0.2322,0.8351,1270,Considered but not required,"Private, nonprofit",,No
170639,Lake Superior State University,MI,23,0.6801,0.5694,14368,25757,,14764,42767,,0.9474,68751,0.5563909774,0.3303167421,11189,Town,53637,No,No,0.2906,0.6883,,Neither required nor recommended,Public,,No
170675,Lawrence Technological University,MI,,0.8025,0.6257,33995,54266,,20500,58827,33627,0.3861,80451,0.2814930016,0.2227722772,14337,City,73119,No,No,0.1654,0.7656,,Neither required nor recommended,"Private, nonprofit",,No
170806,Madonna University,MI,23,0.9293,0.5815,17815,38809,,19000,49871,38080,0.3004,66222,0.6872294372,0.4176755448,11473,City,72787,No,No,0.295,0.7177,1000,Considered but not required,"Private, nonprofit",,No
170967,Rochester University,MI,,0.6531,0.414,19245,36215,,14750,40813,40800,0.878,55809,0.6624803768,0.4059233449,7761,Suburb,72043,No,No,0.3108,0.674,,Neither required nor recommended,"Private, nonprofit",,No
170976,University of Michigan-Ann Arbor,MI,,0.1794,0.9322,14832,33345,,17625,73762,76756,0.8252,116064,0.5349348406,0.2057218455,27256,City,77145,No,No,0.1757,0.9764,1473,Considered but not required,Public,0.0017271157,No
171100,Michigan State University,MI,26,0.8392,0.8217,20751,30528,,19500,55084,37979,0.865,118692,0.5534790109,0.2095218963,18671,City,72140,No,No,0.2002,0.914,1261,Considered but not required,Public,0.0011500863,No
171128,Michigan Technological University,MI,28,0.8794,0.6872,15729,32550,,20500,69672,38000,0.876,103392,0.2774683544,0.1853785901,13743,Town,61737,No,No,0.1823,0.8769,1243,Considered but not required,Public,,No
171137,University of Michigan-Dearborn,MI,25,0.5863,0.5655,10904,22435,,17000,50389,44929,0.6856,100845,0.5116453794,0.3818103818,13119,City,67620,No,No,0.4385,0.8125,1127,Considered but not required,Public,,No
171146,University of Michigan-Flint,MI,25,0.6883,0.4456,12280,23329,,18494,45453,39910,0.5519,92763,0.6531165312,0.3679401993,12615,City,64807,No,No,0.3467,0.7603,1104,Considered but not required,Public,0.0046457607,No
171456,Northern Michigan University,MI,,0.6995,0.5084,17485,26206,,13750,37996,27502,0.7379,79146,0.5367847411,0.2846975089,9582,Town,57050,No,No,0.2739,0.7584,,Neither required nor recommended,Public,0.003746594,No
171483,Northwestern Michigan College,MI,,,0.2489,5243,11821,,8191,34918,31895,0.3645,88272,0.52893045,0.3807138384,12438,City,56998,Yes,No,0.285,0.8095,,,Public,0.008766803,No
171492,Northwood University,MI,,0.839,0.6107,26429,47114,,18750,54058,47099,0.1774,70614,0.4816608997,0.397157816,7175,City,64809,No,No,0.2469,0.7895,,Neither required nor recommended,"Private, nonprofit",0.0083044983,No
171571,Oakland University,MI,25,0.7024,0.5694,13584,25016,,16787,49017,34224,0.5591,91107,0.6078042328,0.3242526092,10589,Suburb,78696,No,No,0.2983,0.7519,1110,Considered but not required,Public,0.0023148148,No
171599,The University of Olivet,MI,21,0.9711,0.3704,21158,45849,,13000,42637,,1,62172,0.3909774436,0.3344103393,9812,Rural,62696,No,No,0.4174,0.573,,Neither required nor recommended,"Private, nonprofit",,No
171881,Kuyper College,MI,,0.3385,0.5357,28458,37282,,16304,33956,,0.4545,49086,0.5263157895,,22637,Suburb,68721,No,No,0.3165,1,,Neither required nor recommended,"Private, nonprofit",,No
172033,Sacred Heart Major Seminary,MI,,1,0.6667,10371,39466,,7500,,,0.617,63360,,,14749,City,73787,No,No,0.0636,1,,Considered but not required,"Private, nonprofit",,No
172051,Saginaw Valley State University,MI,22,0.7288,0.5382,14582,24043,,17500,43530,33386,0.4944,83322,0.6005639098,0.3286713287,8726,Suburb,57827,No,No,0.3237,0.7536,1051,Considered but not required,Public,,No
172200,Schoolcraft Community College District,MI,,,0.153,5372,11921,,5531,34749,31688,0.2597,101376,0.6023780734,0.4256217738,7999,City,73165,Yes,No,0.2719,,,,Public,0.0060459492,No
172264,Siena Heights University,MI,,0.6656,0.5111,17185,42802,,15625,49913,33484,1,60615,0.6367064739,0.4433634468,6834,Town,63208,No,No,0.309,0.721,1033,Considered but not required,"Private, nonprofit",,No
172334,Spring Arbor University,MI,,0.3733,0.5985,20899,43178,,24724,45592,31782,0.2741,54693,0.6715542522,0.351659751,6140,Rural,61521,No,No,0.2591,0.7357,1072,Considered but not required,"Private, nonprofit",0.0136852395,No
172477,Thomas M Cooley Law School,MI,,,,,,,,,,0.4133,110835,,,22108,City,,,No,,,,,"Private, nonprofit",,No
172608,Walsh College,MI,,,,,,,12500,64114,40045,0.2,90117,0.5458823529,0.481865285,12189,City,78019,,No,0.3114,,,,"Private, nonprofit",,No
172644,Wayne State University,MI,25,0.8203,0.5651,14773,26794,,16597,45207,37101,0.5807,104184,0.5950972105,0.3760200879,14095,City,61912,No,No,0.4304,0.8154,1147,Considered but not required,Public,0.0026768104,No
172699,Western Michigan University,MI,24,0.8468,0.5777,18701,28655,,20115,45356,36951,0.6415,94158,0.5443729003,0.2931240658,13311,City,69141,No,No,0.2537,0.7985,1108,Considered but not required,Public,0.0044792833,No
172705,Western Theological Seminary,MI,,,,,,,,,,0.9565,78057,,,17580,City,,,No,,,,,"Private, nonprofit",,No
172866,Academy College,MN,,,1,31307,34240,,16500,45418,,,28737,0.298245614,0.3260869565,7669,City,68489,Yes,No,0.3243,0.6667,,,"Private, for-profit",,No
173045,Augsburg University,MN,21,0.7653,0.5244,23875,57966,,19500,48616,36578,0.5348,75699,0.5464480874,0.2890120037,11487,City,72224,No,No,0.515,0.699,,Neither required nor recommended,"Private, nonprofit",0.0085870414,No
173124,Bemidji State University,MN,22,0.7066,0.534,17050,23066,,13809,47469,28409,0.6165,87606,0.5981659025,0.2725245317,9834,Town,55158,No,No,0.2628,0.782,1090,Considered but not required,Public,,No
173142,Bethany Lutheran College,MN,,0.5096,0.5956,17680,39624,,15935,40652,,0.4819,65025,0.5537848606,,12547,City,62776,No,No,0.221,0.8011,1144,Considered but not required,"Private, nonprofit",,No
173160,Bethel University,MN,24,0.9099,0.7522,28439,56310,,18272,55145,36025,0.3595,70344,0.6357027464,0.1858254105,9885,Suburb,77038,No,No,0.1898,0.8705,1243,Considered but not required,"Private, nonprofit",,No
173258,Carleton College,MN,33,0.2228,0.9119,27320,81350,,15960,53989,61648,0.8419,109557,0.4594594595,0.1568123393,39319,Town,71070,No,No,0.1404,0.9586,1491,Considered but not required,"Private, nonprofit",,No
173300,Concordia College at Moorhead,MN,23,0.6306,0.7183,25651,43074,,20895,48225,,0.7225,70767,0.581032413,0.1268844221,11974,Suburb,60523,No,No,0.1976,0.7815,1192,Considered but not required,"Private, nonprofit",,No
173328,Concordia University-Saint Paul,MN,,0.7487,0.5878,17566,34495,,12166,50646,43253,0.2386,64215,0.6072526122,0.3356692362,4240,City,71270,No,No,0.3403,0.6734,,Neither required nor recommended,"Private, nonprofit",0.0135218193,No
173452,Martin Luther College,MN,24,0.8257,0.7143,20483,29288,,16606,40760,25106,0.7981,44280,0.4727891156,,11211,Town,64939,No,No,0.2265,0.8521,1191,Considered but not required,"Private, nonprofit",,No
173647,Gustavus Adolphus College,MN,29,0.618,0.7585,26895,65976,,23250,51546,29590,0.9343,72747,0.5415704388,0.1465838509,19215,Town,72113,No,No,0.2138,0.8423,1320,Considered but not required,"Private, nonprofit",,No
173665,Hamline University,MN,23,0.8983,0.5771,21385,56738,,15750,47139,31417,0.4683,73746,0.6320072333,0.2320162107,9894,City,70958,No,No,0.3977,0.7358,1197,Considered but not required,"Private, nonprofit",,No
173683,Hazelden Betty Ford Graduate School,MN,,,,,,,,,,,57825,,,7075,Rural,,,No,,,,,"Private, nonprofit",,No
173896,Luther Seminary,MN,,,,,,,,,,0.9375,63432,,,28952,City,63225,,No,,,,,"Private, nonprofit",,No
173902,Macalester College,MN,31,0.2821,0.9041,29980,78900,,19500,46244,,0.8408,104949,0.593385214,0.128256513,24298,City,71692,No,No,0.1733,0.9457,1424,Considered but not required,"Private, nonprofit",,No
173920,Minnesota State University-Mankato,MN,22,0.9133,0.5411,18609,22565,,14000,50098,27251,0.6817,96777,0.5695216908,0.2421159715,9092,City,66314,No,No,0.2048,0.7966,1190,Considered but not required,Public,0.0025954765,No
173957,Mayo Clinic College of Medicine and Science,MN,,0.3871,,,,,9066,74758,,,,0.7857142857,,34279,City,62262,No,No,0.0075,,,Neither required nor recommended,"Private, nonprofit",,No
174020,Metropolitan State University,MN,,0.9649,0.3837,19181,26057,,12900,54828,37609,0.321,97110,0.6086566495,0.371321408,7782,City,69981,No,No,0.443,0.7327,1020,Considered but not required,Public,0.0080735591,No
174066,University of Minnesota-Twin Cities,MN,30,0.7703,0.8482,17139,29013,,16727,57984,44031,0.8218,119349,0.5593906672,0.1865601991,17277,City,70741,No,No,0.1687,0.9086,1359,Considered but not required,Public,0.001156961,No
174075,University of Minnesota-Crookston,MN,,0.5838,0.4973,10874,25290,,12500,51905,39104,0.9756,79812,0.4896851249,0.2903981265,7759,Town,55080,No,No,0.1919,0.7654,,Neither required nor recommended,Public,,No
174127,Minneapolis College of Art and Design,MN,,0.4836,0.6917,25935,54606,,19225,35198,,0.2794,69858,0.661498708,0.2083333333,18853,City,70094,No,No,0.4017,0.8188,1170,Considered but not required,"Private, nonprofit",,No
174154,Herzing University-Minneapolis,MN,,0.9382,0.7353,15205,23747,0.003789792825,11756,35295,31369,0.1143,66096,0.8135465189,0.5209032652,6213,City,60281,No,No,0.5186,0.5714,,Neither required nor recommended,"Private, nonprofit",0.0093163792,No
174233,University of Minnesota-Duluth,MN,25,0.8175,0.6445,18464,26907,,16000,52840,30641,0.8377,78570,0.4882111738,0.1834061135,8631,City,68076,No,No,0.1824,0.8083,1221,Considered but not required,Public,,No
174251,University of Minnesota-Morris,MN,,0.7046,0.6193,9110,25816,,12377,43163,,0.9398,70704,0.5892053973,0.2025518341,15374,Town,63548,No,No,0.3081,0.7286,,Neither required nor recommended,Public,,No
174358,Minnesota State University Moorhead,MN,22,0.5262,0.5464,17816,24419,,15000,45873,32903,0.577,91017,0.5961895911,0.2013854527,9111,Suburb,54641,No,No,0.2746,0.7244,1090,Considered but not required,Public,,No
174437,North Central University,MN,,0.9082,0.6359,23574,42215,,16750,37688,22278,0.2,65700,0.5682281059,0.2210300429,9741,City,65000,No,No,0.4251,0.7751,,Neither required nor recommended,"Private, nonprofit",,No
174491,University of Northwestern-St Paul,MN,,0.9188,0.6837,25140,48246,,17750,47544,33782,1,57357,0.5782881002,0.164277839,8491,Suburb,70065,No,No,0.1506,0.8414,1244,Considered but not required,"Private, nonprofit",,No
174507,Northwestern Health Sciences University,MN,,,1,29794,36501,,8250,43760,37149,0.5333,68094,0.5962441315,0.2486772487,13275,City,65224,Yes,No,0.1917,,,,"Private, nonprofit",,No
174525,Oak Hills Christian College,MN,,,0.3077,24674,31810,,9500,31108,,1,37206,0.4583333333,,6665,Rural,53222,Yes,No,0.451,0.3684,,,"Private, nonprofit",,No
174747,College of Saint Benedict,MN,24,0.9136,0.8304,28065,66878,,23250,54567,,0.8369,81504,,0.214084507,14852,Suburb,70918,No,No,0.1871,0.8796,1185,Considered but not required,"Private, nonprofit",,Yes
174783,Saint Cloud State University,MN,21,0.9495,0.4691,14485,21389,,14362,47215,28014,0.619,100368,0.5498132005,0.2676623992,11016,City,66422,No,No,0.203,0.6793,1091,Considered but not required,Public,0.00373599,No
174792,Saint Johns University,MN,25,0.9048,0.757,27018,66863,,23250,59843,32691,0.8429,82296,,0.1752738654,15032,Rural,71469,No,No,0.1806,0.8303,1220,Considered but not required,"Private, nonprofit",,No
174817,Saint Mary's University of Minnesota,MN,,0.8881,0.6767,21034,54870,,16099,54549,39465,0.2302,64557,0.5970744681,0.2615384615,8242,Town,70833,No,No,0.2209,0.786,,Neither required nor recommended,"Private, nonprofit",,No
174844,St Olaf College,MN,31,0.5215,0.835,22752,69200,,23250,48373,46210,0.7524,81945,0.5426695842,0.1287356322,18581,Town,75732,No,No,0.2006,0.9054,1373,Considered but not required,"Private, nonprofit",,No
174862,Crown College,MN,,0.6281,0.6434,27324,44961,,15225,39003,,0.2589,44784,0.5214723926,0.265625,3324,Rural,68899,No,No,0.2446,0.6702,,Neither required nor recommended,"Private, nonprofit",,No
174899,The College of Saint Scholastica,MN,25,0.9378,0.6299,23949,53069,,17125,62332,34495,0.509,68868,0.7551020408,0.2849673203,9827,City,60287,No,No,0.2322,0.7787,1190,Considered but not required,"Private, nonprofit",0.0072028812,No
174914,University of St Thomas,MN,25,0.8494,0.7517,30525,64684,,19500,62412,34187,0.474,103662,0.4880410023,0.137745975,15185,City,76939,No,No,0.1956,0.8625,1296,Considered but not required,"Private, nonprofit",,No
175005,St Catherine University,MN,23,0.9407,0.6513,21563,58432,,19716,52795,35068,0.4849,68850,0.9511031604,0.2880771881,12465,City,71786,No,No,0.3582,0.7813,1190,Considered but not required,"Private, nonprofit",,Yes
175014,Rasmussen University-Minnesota,MN,,,0.5322,19071,24056,0.002715030408,13000,41436,33857,0.0916,67923,0.814446146,0.4757427831,4158,City,66941,Yes,No,0.5086,1,,,"Private, for-profit",0.0124042879,No
175078,Southwest Minnesota State University,MN,,0.6894,0.4407,14760,22399,,14250,43282,27174,0.4867,94140,0.5977011494,0.2689463956,6886,Town,56697,No,No,0.1081,0.6959,1020,Considered but not required,Public,,No
175139,United Theological Seminary of the Twin Cities,MN,,,,,,,,,,1,47547,,,8391,City,,,No,,,,,"Private, nonprofit",,No
175227,Dunwoody College of Technology,MN,,0.9847,0.627,27023,34834,,12000,59069,27841,0.5705,65619,0.1666666667,0.2821948488,16199,City,72326,No,No,0.2929,0.7083,1050,Considered but not required,"Private, nonprofit",0.0460784314,No
175272,Winona State University,MN,22,0.6852,0.6089,18148,23373,,15000,51288,27018,0.6217,92979,0.6644315757,0.2117455139,10578,Town,68678,No,No,0.2349,0.7753,1119,Considered but not required,Public,,No
175281,Mitchell Hamline School of Law,MN,,,,,,,,,,0.2315,89541,,,15777,City,67847,,No,,,,,"Private, nonprofit",,No
175342,Alcorn State University,MS,22,0.2466,0.4615,14040,23937,,17021,27752,38510,0.5327,63810,0.621548457,0.3451053284,4329,Rural,38329,No,No,0.7742,0.7908,1039,Required,Public,,No
175421,Belhaven University,MS,22,0.5325,0.5113,22078,38359,,18549,38987,41824,0.1368,50382,0.6828143022,0.3951187335,4104,City,57705,No,Yes,0.4454,0.6887,1050,Considered but not required,"Private, nonprofit",,No
175430,Blue Mountain Christian University,MS,21,1,0.512,18062,32140,,13750,35401,,0.6866,55890,0.5259515571,0.3695652174,9182,Rural,44968,No,No,0.2623,0.7444,1047,Required,"Private, nonprofit",,No
175616,Delta State University,MS,19,0.9968,0.4686,13778,22008,,15000,36265,30014,0.6009,64917,0.6045627376,0.3227158424,10380,Town,39124,No,No,0.4314,0.7358,1091,Required,Public,,No
175856,Jackson State University,MS,18,0.9103,0.3219,20191,28611,,24751,30530,24376,0.5847,69660,0.6464781217,0.3197217181,17450,City,43401,No,No,0.6838,0.6845,974,Considered but not required,Public,,No
175980,Millsaps College,MS,25,0.4903,0.5546,25291,61025,,19500,46137,,0.7549,76554,0.4971264368,0.1671732523,15750,City,56763,No,No,0.3557,0.7348,,Considered but not required,"Private, nonprofit",,No
176017,University of Mississippi,MS,25,0.9778,0.6849,13164,27692,,15250,45336,47929,0.8601,90882,0.608056266,0.2350269179,16368,Town,53374,No,No,0.2241,0.8793,1187,Considered but not required,Public,0.001758312,No
176035,Mississippi University for Women,MS,21,1,0.3779,13198,21808,,13000,47458,44279,0.6398,59895,0.8681318681,0.3704600484,8974,Town,43147,No,No,0.4159,0.7167,1050,Considered but not required,Public,,No
176044,Mississippi Valley State University,MS,16,0.5116,0.2214,11812,21606,,19203,25817,,0.6463,59859,0.5717970765,0.4262626263,10468,Rural,34674,No,No,0.5955,0.5756,910,Considered but not required,Public,,No
176053,Mississippi College,MS,24,0.4887,0.6281,20911,39167,,17759,42011,,0.5266,71658,0.6217257319,0.2567237164,9764,Suburb,52824,No,No,0.2617,0.8027,1120,Considered but not required,"Private, nonprofit",,No
176080,Mississippi State University,MS,26,0.7632,0.6291,15501,26922,,16324,43487,41331,0.8403,87840,0.5395308427,0.248577142,8376,Town,46465,No,No,0.2864,0.8285,1220,Considered but not required,Public,0.0017376195,No
176318,Rust College,MS,,0.3469,0.2695,8751,18448,,13777,25641,,0.9444,46773,0.5726618705,0.4599659284,7008,Town,41256,No,No,0.6876,0.0952,,Considered but not required,"Private, nonprofit",,No
176336,Southeastern Baptist College,MS,,,1,5603,10775,,,,,0.3051,,,,684,Town,40779,Yes,No,0.7054,0.1905,,,"Private, nonprofit",,No
176372,University of Southern Mississippi,MS,23,0.9938,0.5058,14224,25482,,14250,37710,37685,1,75357,0.6505441354,0.3259689197,8162,City,46990,No,No,0.4659,0.705,1120,Required,Public,0.0027638625,No
176406,Tougaloo College,MS,19,0.5319,0.3231,15663,22570,,23098,25777,,0.9787,34695,0.6363636364,0.2978208232,6198,City,44758,No,No,0.618,0.7109,,Neither required nor recommended,"Private, nonprofit",,No
176451,Wesley Biblical Seminary,MS,,,,,,,,,,0.45,52191,,,5820,Suburb,,No,No,,,,Neither required nor recommended,"Private, nonprofit",,No
176479,William Carey University,MS,25,0.5797,0.4083,17052,30846,,15796,37639,34679,0.3758,55116,0.6626776365,0.3590163934,12626,City,45401,No,No,0.2458,0.8035,1120,Required,"Private, nonprofit",,No
176600,Aquinas Institute of Theology,MO,,,,,,,,,,0.3462,43029,,,33566,City,,,No,,,,,"Private, nonprofit",,No
176628,Avila University,MO,20,0.5954,0.4262,16939,32863,,19230,48975,,0.3039,61776,0.6292749658,0.3674698795,8590,City,67638,No,No,0.4908,0.6831,942,Considered but not required,"Private, nonprofit",,No
176664,Mission University,MO,,,0.3824,21887,29288,,16000,30600,,0.2373,36081,0.5645933014,,4550,City,54103,Yes,No,0.4891,0.7049,,,"Private, nonprofit",,No
176770,Cox College,MO,,0.7143,1,,,,18000,58703,38391,0.7073,66807,0.8545454545,0.4103194103,13616,City,48211,No,No,0.3491,,,Required,"Private, nonprofit",,No
176789,Calvary University,MO,20,0.7091,0.5263,12860,20044,,12500,33144,,0.4762,35613,0.4035087719,0.3461538462,9212,City,59014,No,No,0.3584,0.6154,1008,Considered but not required,"Private, nonprofit",,No
176910,Central Christian College of the Bible,MO,,,0.4091,13866,22288,,10125,30223,,0.6538,43803,0.3612903226,0.3125,8896,Town,57236,Yes,No,0.5316,0.8,,,"Private, nonprofit",,No
176947,Central Methodist University-College of Liberal Arts and Sciences,MO,21,0.879,0.525,25477,43890,,13292,43860,39112,1,59868,0.6899563319,0.4372781065,12829,Rural,49478,No,No,0.3698,0.6473,1090,Considered but not required,"Private, nonprofit",0.010371179,No
176965,University of Central Missouri,MO,,0.6861,0.494,15336,22086,,15750,41593,30094,0.9923,78903,0.5887941535,0.3339464004,10780,Town,57730,No,No,0.2565,0.704,1090,Considered but not required,Public,0.0053593179,No
177038,Cleveland University-Kansas City,KS,,0.8,0.3333,33243,39040,,9500,,,0.5682,56826,0.5538461538,,11283,City,61070,No,No,0.5667,0.5,,Neither required nor recommended,"Private, nonprofit",,No
177065,Columbia College,MO,,,0.4567,24051,37136,,14750,40747,31199,1,75303,0.6236742176,0.4855916616,8652,City,56190,Yes,No,0.4412,0.674,,,"Private, nonprofit",0.010606259,No
177083,Conception Seminary College,MO,21,1,0.6429,33216,41161,,,33606,,,45108,,,25738,Rural,56643,No,No,0.1154,1,1250,Required,"Private, nonprofit",,No
177092,Concordia Seminary,MO,,,,,,,,,,1,80676,,,25079,Suburb,,,No,,,,,"Private, nonprofit",,No
177117,Cottey College,MO,22,0.6631,0.6145,18154,36726,,11000,32903,19674,0.8409,61974,,0.3068181818,17699,Town,61289,No,No,0.4534,0.6129,1190,Considered but not required,"Private, nonprofit",,Yes
177126,Covenant Theological Seminary,MO,,,,,,,,,,1,59544,,,11153,Suburb,,,No,,,,,"Private, nonprofit",,No
177144,Culver-Stockton College,MO,22,0.98,0.5017,22080,43028,,15000,40673,24535,0.64,54558,0.5234899329,0.3187613843,5030,Rural,52894,No,No,0.3578,0.673,1020,Considered but not required,"Private, nonprofit",,No
177214,Drury University,MO,27,0.5887,0.6602,21523,47091,,13000,37508,29369,0.9355,64485,0.6037507562,0.4127630686,11577,City,45736,No,No,0.272,0.7711,1212,Considered but not required,"Private, nonprofit",0.0102843315,No
177278,Eden Theological Seminary,MO,,,,,,,,,,1,77796,,,52322,Suburb,,,No,,,,,"Private, nonprofit",,No
177339,Evangel University,MO,,0.693,0.648,18705,38931,,17495,39332,27447,0.2848,47637,0.5505735141,0.2610571737,5728,City,58696,No,No,0.3612,0.793,,Neither required nor recommended,"Private, nonprofit",,No
177418,Fontbonne University,MO,22,0.9503,0.5683,18251,42982,,16500,44150,,0.4414,63468,0.660091047,0.3224222586,11348,Suburb,60924,No,No,0.4795,0.6409,,Neither required nor recommended,"Private, nonprofit",,No
177542,Hannibal-LaGrange University,MO,22,0.5874,0.4431,21123,39296,,13688,41185,27037,1,36504,0.6797752809,0.4574898785,4429,Town,48193,No,No,0.2935,0.7925,1020,Considered but not required,"Private, nonprofit",,No
177551,Harris-Stowe State University,MO,,,0.2741,13459,19616,,13500,26634,24475,0.3209,47979,0.6701323251,0.4731934732,11460,City,43579,Yes,No,0.7288,0.6856,,,Public,0.0141776938,No
177719,Barnes-Jewish College Goldfarb School of Nursing,MO,,,,,,,15000,71761,32097,0.4737,73485,0.875,0.3087719298,15713,City,63458,,No,0.2458,,,,"Private, nonprofit",,No
177746,Kansas City Art Institute,MO,,0.6035,0.6491,29555,57779,,21500,25529,,0.4651,66942,0.7338935574,0.2098765432,13338,City,67668,No,No,0.4173,0.754,,Neither required nor recommended,"Private, nonprofit",,No
177816,Kenrick Glennon Seminary,MO,,,,,,,,,,0.6364,56475,,,54479,Suburb,,,No,,,,,"Private, nonprofit",,No
177834,A T Still University of Health Sciences,MO,,,,,,,,,,0.331,92196,,,21523,Town,66836,,No,,,,,"Private, nonprofit",,No
177940,Lincoln University,MO,,,0.221,12484,21265,,19000,32185,24067,0.6818,59292,0.5649263722,0.3789308176,8902,City,50439,Yes,No,0.463,0.5046,,,Public,,No
177968,Lindenwood University,MO,24,0.6586,0.5032,18516,33442,,20500,45711,31696,1,82818,0.5777216611,0.350877193,7543,City,68730,No,No,0.2889,0.7306,1120,Considered but not required,"Private, nonprofit",0.0115039282,No
177986,Logan University,MO,,0.9,0,18094,24276,,7767,42378,,0.3949,61839,0.5213675214,0.3653846154,4705,Suburb,63720,No,No,0.4,0.5,998,Considered but not required,"Private, nonprofit",,No
178059,Maryville University of Saint Louis,MO,23,0.9369,0.7152,26047,45093,,10041,55047,35537,0.1422,84276,0.6944219887,0.2958735733,5919,Suburb,70678,No,No,0.3555,0.8273,,Neither required nor recommended,"Private, nonprofit",,No
178208,Midwestern Baptist Theological Seminary,MO,,0.9433,0.7,25140,31765,,9995,39712,,0.2,64791,0.2604166667,,2479,City,63229,No,No,0.3092,0.6452,,Neither required nor recommended,"Private, nonprofit",,No
178244,Missouri Baptist University,MO,23,0.641,0.4819,25807,47370,,17726,38997,36537,0.2624,61785,0.5504014273,0.3589015152,5424,Suburb,62761,No,No,0.1271,0.6656,983,Considered but not required,"Private, nonprofit",0.0142729706,No
178341,Missouri Southern State University,MO,21,0.9744,0.3833,11653,19194,,11650,37866,25738,0.5423,59526,0.6070256074,0.4522339266,10217,City,46217,No,No,0.3497,0.6964,1090,Considered but not required,Public,0.0052527905,No
178369,Missouri Valley College,MO,19,0.5269,0.2448,17945,37001,,10250,36902,,0.6552,45900,0.3628140704,0.4008810573,4923,Town,56022,No,No,0.2991,0.5305,1018,Considered but not required,"Private, nonprofit",,No
178387,Missouri Western State University,MO,,,0.398,12638,20282,,11920,37499,,0.5678,69669,0.6189039718,0.3968957871,6313,City,51145,Yes,No,0.2817,0.5928,,,Public,0.0075414781,No
178396,University of Missouri-Columbia,MO,27,0.7702,0.7618,19889,28948,,16500,52756,35635,0.7724,102357,0.5432424917,0.2005208333,13315,City,66484,No,No,0.201,0.9131,1247,Considered but not required,Public,0.0016685206,No
178402,University of Missouri-Kansas City,MO,26,0.7499,0.5589,12837,24645,,14835,50298,34819,0.6431,95049,0.6063576159,0.3370424597,14214,City,63187,No,No,0.2498,0.7745,1230,Considered but not required,Public,0.0047682119,No
178411,Missouri University of Science and Technology,MO,29,0.7307,0.636,13773,25653,,19000,69295,33329,0.8063,112680,0.2413201886,0.2249212776,16510,Town,59935,No,No,0.2075,0.8607,1287,Considered but not required,Public,,No
178420,University of Missouri-St Louis,MO,26,0.5716,0.5687,12323,27442,,16500,47564,31457,0.5428,90522,0.6098868374,0.3779761905,10532,Suburb,64068,No,No,0.1785,0.6828,1147,Considered but not required,Public,0.011614056,No
178518,Nazarene Theological Seminary,MO,,,,,,,,,,1,56142,,,13876,City,,,No,,,,,"Private, nonprofit",,No
178615,Truman State University,MO,27,0.7996,0.6839,12030,23420,,16679,43966,25432,0.8545,67104,0.599009901,0.2280927835,14561,Town,64318,No,No,0.153,0.835,1249,Considered but not required,Public,,No
178624,Northwest Missouri State University,MO,22,0.8591,0.575,14824,22906,,14927,41695,24235,0.7968,70947,0.6122856003,0.3080851064,7349,Town,55791,No,No,0.2732,0.7426,1090,Considered but not required,Public,,No
178679,Ozark Christian College,MO,,0.9819,0.6792,17931,25475,,9784,32528,20002,0.625,46755,0.5020408163,0.2586206897,5952,City,54292,No,No,0.3849,0.7714,,Neither required nor recommended,"Private, nonprofit",,No
178697,College of the Ozarks,MO,23,0.1487,0.6131,7669,32262,,,36507,24888,0.7143,74547,0.5817307692,0.3265993266,12597,Town,46804,No,No,0.4364,0.8827,1125,Required,"Private, nonprofit",,No
178721,Park University,MO,,,0.2996,15529,23714,,12500,50550,34606,0.1423,62739,0.5412748171,0.4795763994,6971,Suburb,57220,Yes,No,0.3863,0.5749,,,"Private, nonprofit",0.035266457700000003,No
178767,Stevens-The Institute of Business & Arts,MO,,0.7143,0.8,20095,27565,,21000,25898,,,48420,0.8640776699,0.2921348315,9435,City,50380,No,No,0.7614,,,Considered but not required,"Private, for-profit",,No
178891,Ranken Technical College,MO,,,0.5058,16952,28229,,9813,51342,41402,0.6287,52623,0.0545454545,0.3892473118,5310,City,60188,Yes,No,0.4171,,,,"Private, nonprofit",0.0257053292,No
178989,Research College of Nursing,MO,,,,,,,12500,72771,,1,66420,0.8724832215,,8894,City,65716,,No,0.1762,,,,"Private, for-profit",,No
179043,Rockhurst University,MO,23,0.6905,0.7558,23165,57712,,12500,61371,,0.5196,72171,0.6210045662,0.2060702875,9075,City,68699,No,No,0.1933,0.8415,1218,Considered but not required,"Private, nonprofit",,No
179159,Saint Louis University,MO,30,0.8147,0.7975,27075,69125,,19500,60716,33981,0.5943,102330,0.6241106719,0.2236408567,20795,City,72169,No,No,0.1537,0.8873,1326,Considered but not required,"Private, nonprofit",,No
179265,University of Health Sciences and Pharmacy in St. Louis,MO,24,0.7513,0.7547,33596,53608,,14000,116360,,0.6964,89307,0.6446991404,0.2242424242,28553,City,64533,No,No,0.2879,0.6321,1150,Considered but not required,"Private, nonprofit",,No
179317,Saint Paul School of Theology,KS,,,,,,,,,,1,54693,,,18269,Suburb,,,No,,,,,"Private, nonprofit",,No
179326,Southwest Baptist University,MO,22,0.9972,0.5121,21082,38035,,14000,38855,25594,0.3762,49095,0.6520119225,0.3549432739,8451,Town,49841,No,No,0.3513,0.6642,1084,Considered but not required,"Private, nonprofit",,No
179548,Stephens College,MO,21,0.9155,0.4651,23277,42694,,19489,36778,,0.9149,66159,,0.3089622642,14977,City,61398,No,No,0.4171,0.7105,1104,Considered but not required,"Private, nonprofit",,Yes
179557,Southeast Missouri State University,MO,,0.785,0.5568,14532,23337,,14750,38150,34806,0.6692,75375,0.5954100052,0.3688938798,8369,City,51305,No,No,0.2942,0.7585,1018,Considered but not required,Public,0.0051572976,No
179566,Missouri State University-Springfield,MO,23,0.9105,0.5733,17502,24022,,16200,40553,25723,0.6652,79668,0.6103059581,0.3225576759,8884,City,56273,No,No,0.2134,0.793,1119,Considered but not required,Public,0.0041599571,No
179812,Kansas City University,MO,,,,,,,,,,0.6667,94662,,,19517,City,,,No,,,,,"Private, nonprofit",,No
179867,Washington University in St Louis,MO,34,0.1196,0.9445,22117,83476,,15000,78073,66086,0.7127,150462,0.5342465753,0.114071607,161193,Suburb,79298,No,No,0.1589,0.959,1530,Considered but not required,"Private, nonprofit",,No
179894,Webster University,MO,24,0.5799,0.6106,26196,49218,,18500,39656,35984,1,79470,0.6043878273,0.3013270882,11475,Suburb,66464,No,No,0.2804,0.7679,1145,Considered but not required,"Private, nonprofit",,No
179946,Westminster College,MO,21,0.7758,0.5747,26111,49646,,19463,40992,22223,0.6585,64440,0.4555555556,0.2700296736,9543,Town,62575,No,No,0.3967,0.6335,1083,Considered but not required,"Private, nonprofit",,No
179955,William Jewell College,MO,24,0.3429,0.6162,16602,34291,,19250,54197,,1,62829,0.5957446809,0.2013274336,13368,Suburb,66156,No,No,0.2791,0.7654,1114,Considered but not required,"Private, nonprofit",,No
179964,William Woods University,MO,,0.7449,0.5699,22270,44907,,14425,39265,,0.3158,49815,0.7314629259,0.2978723404,7011,Town,58051,No,No,0.3034,0.7371,,Considered but not required,"Private, nonprofit",,No
180054,Blackfeet Community College,MT,,,0.0769,6319,12168,,,22428,,0.7045,43848,0.5574468085,0.347826087,15691,Rural,33376,Yes,No,0.7982,,,,"Private, nonprofit",,No
180106,Carroll College,MT,25,0.7264,0.6633,24842,54141,,21000,43507,,0.626,64035,0.6038461538,0.1971830986,10866,City,55326,No,No,0.1804,0.8108,1170,Considered but not required,"Private, nonprofit",,No
180179,Montana State University Billings,MT,,,0.282,15044,18473,,10086,39531,28155,0.6502,63189,0.6325995807,0.3845265589,7941,City,48720,Yes,No,0.2647,0.557,,,Public,0.0073375262,No
180203,Aaniiih Nakoda College,MT,,,0.3235,11811,16133,,,19990,,0.6667,42525,0.5054945055,0.2876712329,16551,Rural,34283,Yes,No,0.5346,,,,Public,,No
180258,University of Providence,MT,20,0.642,0.4674,20907,43054,,12500,37734,,0.4948,57717,0.5652173913,0.4,9512,City,48623,No,No,0.3103,0.701,985,Considered but not required,"Private, nonprofit",,No
180416,Montana Technological University,MT,24,0.899,0.5805,16240,21620,,9847,48356,39626,0.7264,73944,0.3943488943,0.3373015873,10503,Town,44236,No,No,0.2136,0.7622,1126,Considered but not required,Public,,No
180461,Montana State University,MT,24,0.8683,0.5735,20593,23779,,13748,44757,31087,0.5737,83610,0.4928072339,0.2331828928,9148,City,53207,No,No,0.1673,0.7789,1154,Considered but not required,Public,0.0049321825,No
180489,The University of Montana,MT,22,0.956,0.4544,17118,23744,,15000,35729,30017,0.6655,79002,0.5540151713,0.3023255814,11302,City,50573,No,No,0.2751,0.7599,1190,Considered but not required,Public,0.0060162176,No
180522,Montana State University-Northern,MT,,,0.4233,14164,17363,,10560,45045,,1,53478,0.4590846047,0.3438438438,9811,Town,43741,Yes,No,0.297,0.6932,,,Public,,No
180595,Rocky Mountain College,MT,22,0.7288,0.4675,18508,44180,,12000,41783,,0.8554,62496,0.517311609,0.3153347732,10868,City,51454,No,No,0.3172,0.6385,1093,Considered but not required,"Private, nonprofit",,No
180647,Salish Kootenai College,MT,,,0.3521,9002,14562,,8450,28894,,0.6296,57807,0.5717391304,0.4458762887,20900,Rural,38152,Yes,No,0.5804,0.871,,,Public,,No
180692,The University of Montana-Western,MT,,0.995,0.4945,16669,19414,,12000,37252,,1,62883,0.6343001261,0.3596730245,5844,Town,47125,No,No,0.3539,0.7917,,Neither required nor recommended,Public,,No
180814,Bellevue University,NE,,,0.5588,28345,33315,,11000,57732,51079,0.1141,58509,0.5948446794,0.4493882091,2774,Suburb,63424,Yes,No,0.2891,0.5118,,,"Private, nonprofit",0.0175148711,No
180832,Clarkson College,NE,,0.6429,0.75,15928,23962,,19500,62339,29967,0.8696,59112,0.8645598194,0.3333333333,14384,City,61065,No,No,0.3043,0.7692,,Neither required nor recommended,"Private, nonprofit",,No
180878,Bryan College of Health Sciences,NE,,0.6291,0.7547,25884,28837,,22250,66305,,0.575,73566,0.9205020921,,11066,City,58151,No,No,0.2124,0.8065,,Neither required nor recommended,"Private, nonprofit",,No
180948,Chadron State College,NE,,,0.3807,13308,20672,,11343,39139,22361,0.5933,70875,0.5778611632,0.393360161,7009,Town,47191,Yes,No,0.3587,0.6975,,,Public,,No
180984,Concordia University-Nebraska,NE,23,0.9004,0.6408,24016,51179,,18750,44527,27740,1,59607,0.4884488449,0.1827586207,5687,Town,60450,No,No,0.1136,0.7761,1148,Considered but not required,"Private, nonprofit",,No
181002,Creighton University,NE,28,0.7231,0.8052,32380,61046,,21500,63090,47080,0.7035,93843,0.6107142857,0.1838398814,18047,City,68443,No,No,0.0524,0.9218,1296,Considered but not required,"Private, nonprofit",,No
181020,Doane University,NE,,0.8953,0.5585,28071,55510,,19500,46009,29297,0.4273,67248,0.556331007,0.2992545261,12925,Town,57123,No,No,0.2801,0.7238,,Neither required nor recommended,"Private, nonprofit",,No
181127,Hastings College,NE,,0.6987,0.5327,21554,49051,,15595,45590,,1,62190,0.4659300184,0.2748538012,9165,Town,58174,No,No,0.2894,0.678,,Considered but not required,"Private, nonprofit",,No
181145,CHI Health School of Radiologic Technology,NE,,,,,,,,,,,60003,,,16000,City,55225,,No,0.125,,,,"Private, nonprofit",,No
181215,University of Nebraska at Kearney,NE,22,0.8579,0.5975,16488,24452,,13070,43241,27345,0.6515,74808,0.6186602871,0.343830666,10657,Town,51335,No,No,0.3354,0.766,1089,Considered but not required,Public,,No
181297,Nebraska Methodist College of Nursing & Allied Health,NE,,0.8829,0.6667,19474,30659,,21784,61249,26701,0.9367,59553,0.8992537313,0.302970297,10494,City,66507,No,No,0.323,0.7813,,Neither required nor recommended,"Private, nonprofit",,No
181330,Midland University,NE,21,0.6692,0.4321,24229,52386,,15000,45145,25359,1,62019,0.4259485924,0.3412384717,7592,Town,56723,No,No,0.2806,0.7253,1043,Considered but not required,"Private, nonprofit",,No
181394,University of Nebraska at Omaha,NE,22,0.869,0.475,12791,20446,,12750,45494,29166,0.5371,80505,0.5608272506,0.3478655767,10755,City,66043,No,No,0.331,0.7575,1120,Required,Public,0.0030413625,No
181428,University of Nebraska Medical Center,NE,,,,,,,14000,70417,25816,0.8289,88317,0.8668779715,0.2671118531,63160,City,57605,,No,0.2212,,,,Public,,No
181446,Nebraska Wesleyan University,NE,26,0.8375,0.6889,23140,53350,,17500,47667,32214,0.6415,64152,0.5741150442,0.262295082,8040,City,59199,No,No,0.296,0.7458,1209,Considered but not required,"Private, nonprofit",,No
181464,University of Nebraska-Lincoln,NE,25,0.7707,0.6585,17424,25341,,14750,47692,36795,0.8397,110439,0.52506103690000006,0.220236292,12845,City,60976,No,No,0.2217,0.8427,1191,Considered but not required,Public,,No
181534,Peru State College,NE,,,0.3772,11401,20743,,12000,39150,24213,1,69786,0.5404761905,0.4155844156,5858,Rural,55329,Yes,No,0.3376,0.6273,,,Public,,No
181543,Summit Christian College,NE,20,0.1429,0.6667,18188,26634,,,,,,35145,,,10181,Town,,No,No,0.3636,1,,Required,"Private, nonprofit",,No
181604,College of Saint Mary,NE,,0.4395,0.5941,14986,33989,,17500,59339,30284,0.5704,68733,,0.26,12438,City,62625,No,No,0.3692,0.6818,1120,Considered but not required,"Private, nonprofit",,Yes
181738,Union Adventist University,NE,21,0.9989,0.4586,20884,40586,,18750,43853,,0.9855,59175,0.6296296296,0.2453416149,12903,City,60804,No,No,0.2438,0.7975,,Neither required nor recommended,"Private, nonprofit",,No
181783,Wayne State College,NE,,,0.557,15108,21310,,12240,40857,20699,0.4883,72810,0.5753623188,0.3418604651,6827,Town,51810,Yes,No,0.2658,0.7297,,,Public,,No
181853,York University,NE,19,0.4763,0.374,20129,33136,,14250,36447,,0.4737,54018,0.4024896266,0.334841629,5625,Town,57118,No,No,0.4374,0.6667,988,Considered but not required,"Private, nonprofit",,No
182005,College of Southern Nevada,NV,,,0.1785,6329,13270,,4500,31822,28676,1,87687,0.6147236222,0.5101978691,7801,City,65621,Yes,No,0.2957,,,,Public,0.0070230521,No
182148,Las Vegas College,NV,,,0.5789,29115,33134,,7951,31830,24396,0.4231,62370,0.7157584683,0.5720164609,4287,Suburb,64463,Yes,No,0.5016,,,,"Private, for-profit",,No
182281,University of Nevada-Las Vegas,NV,,0.9626,0.5012,10011,19440,,12500,42865,39802,0.9919,108000,0.5966262878,0.4234979633,13600,City,70070,No,No,0.4026,0.7793,1091,Considered but not required,Public,0.0052077437,No
182290,University of Nevada-Reno,NV,23,0.8531,0.6245,15402,24702,0.003167290527,13000,49182,40486,0.98,105930,0.5637824897,0.3846298032,15252,City,68050,No,No,0.2409,0.8035,,Neither required nor recommended,Public,0.0030779754,No
182306,Great Basin College,NV,,,0.5153,7523,12010,,8973,35615,38320,1,79479,0.663434903,0.5237315876,6975,Town,64904,Yes,No,0.203,0.5714,,,Public,0.0180055402,No
182500,Truckee Meadows Community College,NV,,,0.2817,7457,15874,,6999,38186,29931,0.9936,84060,0.5745988392,0.5240443896,5978,City,62429,Yes,No,0.149,,,,Public,0.0122908843,No
182564,Western Nevada College,NV,,,0.3663,12424,19595,,9000,36917,32345,0.9839,79065,0.5855636659,0.5429951691,5702,City,59285,Yes,No,0.1845,,,,Public,0.0105433901,No
182634,Colby-Sawyer College,NH,,0.8998,0.6162,25857,65807,,19500,37935,,1,69480,0.7192982456,0.2413793103,10786,Rural,75754,No,No,0.2298,0.8077,,Neither required nor recommended,"Private, nonprofit",,No
182670,Dartmouth College,NH,34,0.0623,0.9604,28619,83802,,15157,82541,102060,0.8064,172944,0.5240585774,0.1736263736,31160,Town,79834,No,No,0.1483,0.9778,1533,Considered but not required,"Private, nonprofit",,No
182795,Franklin Pierce University,NH,,0.9019,0.461,26906,61955,,19500,45563,,0.2317,71757,0.5422661871,0.2977691562,9678,Rural,72941,No,No,0.2716,0.7296,1030,Considered but not required,"Private, nonprofit",,No
182829,University of New Hampshire-Franklin Pierce School of Law,NH,,,,,,,22498,53671,36526,0.3415,116721,0.5576019545,0.174486235,15623,Town,77484,,No,,,,,Public,0.0031948882,No
182917,Magdalen College,NH,,0.4444,0.5333,15922,36856,,11331,,,0.6,34371,0.6078431373,,15263,Rural,,No,No,0.4576,0.8,,Considered but not required,"Private, nonprofit",,No
182980,New England College,NH,,0.9574,0.3109,30299,60896,,15603,31050,37069,0.1122,61875,0.624742268,0.4603305785,5391,Rural,73541,No,No,0.419,0.6,,Neither required nor recommended,"Private, nonprofit",,No
183026,Southern New Hampshire University,NH,,0.9612,0.4487,33742,37524,0.00341861491,9169,41945,40918,1,87138,0.6766710402,0.4825895769,1444,Suburb,71986,No,No,0.469,0.5989,,Neither required nor recommended,"Private, nonprofit",0.0125738028,No
183044,University of New Hampshire-Main Campus,NH,28,0.8687,0.7645,23261,34567,,22498,53671,36526,0.7294,106884,0.5576019545,0.174486235,12617,Town,77484,No,No,0.1773,0.864,1229,Considered but not required,Public,0.0031948882,No
183062,Keene State College,NH,25,0.8909,0.5844,19164,29524,,19500,46649,,0.4607,91287,0.5665236052,0.2299554566,10696,Town,75913,No,No,0.2371,0.7847,,Neither required nor recommended,Public,,No
183071,University of New Hampshire at Manchester,NH,,0.8733,0.6508,13302,22605,,22498,53671,36526,0.3876,92367,0.5576019545,0.174486235,13938,City,77484,No,No,0.32,0.6818,1140,Considered but not required,Public,0.0031948882,No
183080,Plymouth State University,NH,,0.9103,0.4743,19685,29257,,17000,46466,,0.5327,81873,0.5355450237,0.2702251877,9551,Town,74160,No,No,0.2563,0.713,,Neither required nor recommended,Public,,No
183211,Rivier University,NH,,0.8176,0.5871,27692,50999,,21000,54599,,0.2899,74079,0.7661498708,0.3735795455,8049,City,78345,No,No,0.2731,0.7621,,Neither required nor recommended,"Private, nonprofit",,No
183239,Saint Anselm College,NH,27,0.7832,0.8315,34744,65067,,26987,63347,,0.6951,85680,0.6028537455,0.130806846,13841,Suburb,81185,No,No,0.1052,0.8958,1183,Considered but not required,"Private, nonprofit",,No
183257,University of New Hampshire College of Professional Studies Online,NH,,,0.1429,14106,19236,,22498,53671,36526,0.1129,61047,0.5576019545,0.174486235,3095,City,77484,Yes,No,0.3188,0.3333,,,Public,0.0031948882,No
183275,Thomas More College of Liberal Arts,NH,,,0.6154,21511,38889,,22475,40173,,1,50589,0.5609756098,,11071,Suburb,86364,Yes,No,0.5053,0.9167,,,"Private, nonprofit",,No
183789,Berkeley College-Woodland Park,NJ,,,0.4476,20549,38702,,15414,37060,26956,1,64989,0.7260160354,0.574610245,8608,Suburb,71167,Yes,No,0.5957,0.6875,,,"Private, for-profit",0.0110588886,No
183804,Beth Medrash Govoha,NJ,,,,,,,5500,40300,,0.1407,79047,,0.3081463991,1102,City,51105,,No,0.7274,,,,"Private, nonprofit",,No
183822,Bloomfield College,NJ,,0.6723,0.3105,18778,44298,,18500,35477,31434,1,80955,0.6263286999,0.5084210526,11240,Suburb,62332,No,Yes,0.6892,0.5931,,Considered but not required,"Private, nonprofit",,No
183910,Caldwell University,NJ,,0.654,0.587,21188,53586,,18500,47439,33761,1,74646,0.7425320057,0.4306688418,8849,Suburb,80563,No,No,0.4592,0.7297,,Neither required nor recommended,"Private, nonprofit",,No
183974,Centenary University,NJ,19,0.9668,0.5659,19037,51351,,19321,46049,36420,1,63720,0.6541916168,0.3821548822,10738,Suburb,87083,No,No,0.3772,0.7487,,Considered but not required,"Private, nonprofit",,No
184348,Drew University,NJ,,0.6944,0.7243,25644,61378,,21000,47562,33179,1,85176,0.6216216216,0.2449725777,12018,Suburb,89519,No,No,0.2723,0.8447,1247,Considered but not required,"Private, nonprofit",,No
184603,Fairleigh Dickinson University-Metropolitan Campus,NJ,,0.9591,0.6171,15266,47791,,19500,45916,42006,0.2868,85509,0.5880294015,0.4255060729,9933,Suburb,80740,No,No,0.2151,0.7576,,Considered but not required,"Private, nonprofit",,No
184612,Felician University,NJ,20,0.9401,0.4968,41315,50346,,19250,56957,45168,0.4865,70587,0.7327141383,0.4948979592,10003,Suburb,74826,No,No,0.5155,0.8038,1020,Considered but not required,"Private, nonprofit",,No
184694,Fairleigh Dickinson University-Florham Campus,NJ,,0.9527,0.723,24415,52840,,19500,45916,42006,0.4396,81891,0.5880294015,0.4255060729,13806,Suburb,80740,No,No,0.3492,0.7716,,Considered but not required,"Private, nonprofit",,No
184773,Georgian Court University,NJ,25,0.7052,0.5509,20218,49198,,16984,44627,,0.3893,74412,0.7289325843,0.4211356467,9921,City,78770,No,No,0.3025,0.7602,,Considered but not required,"Private, nonprofit",,No
184782,Rowan University,NJ,27,0.7782,0.6828,22185,34116,,16750,50705,32605,0.4924,92097,0.4875411378,0.3508263759,15736,Suburb,76692,No,No,0.3129,0.8158,1216,Considered but not required,Public,0.004388027,No
184959,Eastwick College-Ramsey,NJ,,,0.6364,28162,33887,,13771,53147,,0.2018,40203,0.7661538462,0.4527272727,5462,Suburb,79460,Yes,No,0.4478,0.75,,,"Private, for-profit",0.0215384615,No
185129,New Jersey City University,NJ,,0.8918,0.3874,11732,23668,,14250,45918,37227,1,109953,0.6148720682,0.5303941216,9705,City,58259,No,No,0.5238,0.6658,,Neither required nor recommended,Public,0.0047974414,No
185262,Kean University,NJ,20,0.7688,0.4338,12168,24924,,17199,46603,30787,0.2754,87561,0.6236462094,0.4639848357,12836,Suburb,76062,No,No,0.4631,0.7537,1150,Considered but not required,Public,0.0068592058,No
185572,Monmouth University,NJ,24,0.8954,0.7033,31650,60113,,23250,55825,30910,1,89082,0.5947441217,0.3230769231,13724,Suburb,87615,No,No,0.3036,0.8147,1204,Considered but not required,"Private, nonprofit",,No
185590,Montclair State University,NJ,,0.8741,0.6426,14159,25926,,17500,47944,31168,0.3414,103608,0.6262893414,0.4124472574,9394,Suburb,79914,No,No,0.4439,0.7972,1080,Considered but not required,Public,0.0033060037,No
185758,New Brunswick Theological Seminary,NJ,,,,,,,,,,0.7,65898,,,19099,City,,,No,,,,,"Private, nonprofit",,No
185828,New Jersey Institute of Technology,NJ,30,0.669,0.7311,16496,32228,,17500,69591,40508,0.5765,115362,0.2094848175,0.3440366972,14347,City,75892,No,No,0.3897,0.9072,1336,Considered but not required,Public,0.0037529853,No
186122,Princeton Theological Seminary,NJ,,,,,,,,,,0.7059,114984,,,30590,City,73560,,No,,,,,"Private, nonprofit",,No
186131,Princeton University,NJ,34,0.045,0.9709,10555,80440,,10000,87815,85653,0.8484,216153,0.5136436597,0.2773972603,68519,City,81428,No,No,0.1872,0.9733,1535,Considered but not required,"Private, nonprofit",,No
186186,Rabbinical College of America,NJ,,0.8714,0.1833,13452,25000,,,27418,,0.92,50607,,0.1162790698,13845,Suburb,64216,No,No,0.3834,0.8814,,Neither required nor recommended,"Private, nonprofit",,No
186201,Ramapo College of New Jersey,NJ,26,0.7322,0.7186,20360,30176,,15000,53872,34845,1,105453,0.5596590909,0.3128865979,12937,Suburb,88597,No,No,0.2672,0.8712,1190,Considered but not required,Public,,No
186283,Rider University,NJ,30,0.794,0.6332,25287,53982,,20500,51289,30660,0.4845,103230,0.5977900552,0.294011976,13922,Suburb,85423,No,No,0.3336,0.8164,1219,Considered but not required,"Private, nonprofit",,No
186371,Rutgers University-Camden,NJ,21,0.7775,0.6645,18803,33812,,19000,61263,43577,0.4754,124587,0.5539444444,0.345829486,19196,City,82669,No,No,0.4432,0.8187,1118,Considered but not required,Public,0.0042777778,No
186380,Rutgers University-New Brunswick,NJ,30,0.6535,0.8501,23519,35232,,19000,61263,43577,0.5703,127386,0.5539444444,0.345829486,19156,City,82669,No,No,0.272,0.9263,1383,Considered but not required,Public,0.0042777778,No
186399,Rutgers University-Newark,NJ,25,0.7873,0.676,19407,33749,,19000,61263,43577,0.6354,142470,0.5539444444,0.345829486,19407,City,82669,No,No,0.557,0.8425,,Neither required nor recommended,Public,0.0042777778,No
186432,Saint Peter's University,NJ,23,0.9053,0.6313,12973,50052,,16091,42470,28681,0.3101,81882,0.6389891697,0.4802571166,6827,City,63508,No,No,0.5418,0.7161,,Neither required nor recommended,"Private, nonprofit",,No
186584,Seton Hall University,NJ,29,0.789,0.7147,28921,64996,,17886,60291,37416,0.9191,99459,0.5415606446,0.2789620019,11854,Suburb,79591,No,No,0.3026,0.8524,1308,Considered but not required,"Private, nonprofit",,No
186618,Saint Elizabeth University,NJ,,0.7721,0.4024,17949,52328,,13000,49479,40849,0.2978,68607,0.7902439024,0.4707692308,11824,Suburb,82332,No,No,0.5414,0.8049,,Considered but not required,"Private, nonprofit",,No
186867,Stevens Institute of Technology,NJ,33,0.4344,0.8988,40468,76449,,23250,90326,51302,1,152649,0.2847358121,0.1549439348,12593,Suburb,83951,No,No,0.2047,0.9445,1447,Considered but not required,"Private, nonprofit",,No
186876,Stockton University,NJ,25,0.8817,0.7197,19634,32159,,16380,48223,30463,0.4883,95220,0.6130319149,0.4040081324,8672,Rural,73199,No,No,0.415,0.7716,1171,Considered but not required,Public,0.0058510638,No
186900,Talmudical Academy-New Jersey,NJ,,0.4167,0.1,6666,21300,,,,,,19719,,,2498,Suburb,49832,No,No,0.5616,1,,Neither required nor recommended,"Private, nonprofit",,No
187046,Thomas Edison State University,NJ,,,,,,,7813,65570,48052,,,0.5028980566,0.4446609509,0,City,68740,Yes,No,0.2068,,,,Public,0.0893283328,No
187134,The College of New Jersey,NJ,29,0.6214,0.8523,25458,37070,,21500,62649,37000,0.4918,105750,0.5770094297,0.2052256532,10780,Suburb,86752,No,No,0.2013,0.9018,1247,Considered but not required,Public,,No
187444,William Paterson University of New Jersey,NJ,,0.9252,0.4771,17764,26555,,15750,44928,36268,0.9924,113166,0.5626918018,0.4394402036,12777,Suburb,80256,No,No,0.4447,0.7266,,Considered but not required,Public,0.00416484,No
187596,Navajo Technical University,NM,,,0.1971,3307,11945,,,23280,21289,1,52614,0.5707656613,0.5909774436,14421,Rural,30985,Yes,No,0.4902,0.8636,,,Public,,No
187648,Eastern New Mexico University-Main Campus,NM,19,0.5492,0.3981,6199,18503,,11000,33619,31222,0.6515,72297,0.5820595334,0.4558617468,7091,Town,42974,No,No,0.3201,0.6192,965,Considered but not required,Public,0.0064360418,No
187745,Institute of American Indian and Alaska Native Culture and Arts Development,NM,,1,0.2453,12322,23873,,,20816,,1,66186,0.5340909091,0.3806451613,16990,Rural,45124,No,No,0.2038,0.5833,,Considered but not required,Public,,No
187897,New Mexico Highlands University,NM,,,0.2559,14141,21046,,9500,38952,26300,0.6256,68427,0.6285008237,0.4535315985,11640,Town,44721,Yes,No,0.4636,0.5689,,,Public,,No
187967,New Mexico Institute of Mining and Technology,NM,26,0.5396,0.5636,8265,22872,,11057,54530,37647,0.8103,88254,0.2549450549,0.2629107981,13689,Town,52104,No,No,0.3087,0.7685,1182,Required,Public,,No
187985,University of New Mexico-Main Campus,NM,23,0.9545,0.5253,17478,20973,,13698,37150,30509,0.7007,99738,0.5832672931,0.4103443894,14644,City,49538,No,No,0.3624,0.7292,1047,Considered but not required,Public,0.004415261,No
188030,New Mexico State University-Main Campus,NM,20,0.7573,0.5222,6747,20930,,10250,32960,27346,0.7516,89253,0.5765614035,0.4362586997,11703,Suburb,43867,No,No,0.403,0.7483,1004,Considered but not required,Public,0.0042105263,No
188058,Northern New Mexico College,NM,,,0.3259,5216,17529,,6500,34377,29226,0.4103,63981,0.585812357,0.6303191489,14545,Town,43101,Yes,No,0.3553,0.6053,,,Public,,No
188182,University of the Southwest,NM,,,0.2667,19969,30369,,14000,36600,31882,1,33102,0.4774011299,0.46875,5256,Town,45234,Yes,No,0.5573,0.5316,,,"Private, nonprofit",,No
188207,Southwestern College,NM,,,,,,,,,,0.15,59490,,,7281,City,,,No,,,,,"Private, nonprofit",,No
188304,Western New Mexico University,NM,,,0.3489,7912,21649,,12500,31166,25485,0.4682,73512,0.5773399015,0.4771167048,8712,Town,39573,Yes,No,0.4186,0.5377,,,Public,,No
188340,Vaughn College of Aeronautics and Technology,NY,,,0.3992,39723,47174,,14000,48890,,1,83178,0.12723449,0.4709066306,13720,City,55978,Yes,No,0.5251,0.6769,,,"Private, nonprofit",0.0168243954,No
188429,Adelphi University,NY,26,0.7751,0.6893,28348,57444,,20500,63688,48003,0.2959,119043,0.7211120765,0.354206501,16129,Suburb,80864,No,No,0.2944,0.8305,1224,Considered but not required,"Private, nonprofit",0.0043440487,No
188517,Bryant & Stratton College-Albany,NY,,,0.2195,12452,22650,0.004953560372,9500,27873,23903,0.1087,44982,0.8171590332,0.5378553335,5641,Suburb,48773,Yes,No,0.6531,,,,"Private, nonprofit",0.0111780504,No
188526,Albany College of Pharmacy and Health Sciences,NY,30,0.5908,0.6882,26027,52317,,25000,112685,44372,0.6207,90198,0.6031746032,0.2169811321,24545,City,60872,No,No,0.2928,0.8559,1280,Considered but not required,"Private, nonprofit",,No
188535,Albany Law School,NY,,,,,,,,,,0.5844,102132,,,18922,City,64604,,No,,,,,"Private, nonprofit",,No
188580,Albany Medical College,NY,,,,,,,,,,0.1235,,,,44511,City,71320,,No,,,,,"Private, nonprofit",,No
188641,Alfred University,NY,25,0.4833,0.555,22701,54516,,17751,41703,,0.8152,64134,0.4638826185,0.245049505,15380,Rural,63665,No,No,0.3898,0.7669,1205,Considered but not required,"Private, nonprofit",,No
188854,American Musical and Dramatic Academy,NY,,0.2471,0.7202,41019,63779,,12000,21168,,0.3145,54234,0.6963722397,0.2504302926,17173,City,69550,No,No,0.3596,0.75,,Neither required nor recommended,"Private, nonprofit",,No
189015,Bank Street College of Education,NY,,,,,,,,,,0.6053,93564,,,48934,City,63961,,No,,,,,"Private, nonprofit",,No
189088,Bard College,NY,,0.5229,0.7271,31771,81661,,19000,31072,,0.6312,111384,0.6197183099,0.1217105263,39728,Rural,78301,No,No,0.2308,0.8468,1387,Considered but not required,"Private, nonprofit",,No
189097,Barnard College,NY,33,0.0796,0.9294,39253,84023,,15750,60411,53221,1,138591,,0.1556503198,30155,City,75897,No,No,0.154,0.967,1500,Considered but not required,"Private, nonprofit",,Yes
189228,Berkeley College-New York,NY,,,0.4025,25133,39029,,19000,37284,36170,1,71064,0.6529480444,0.4940549405,5631,City,57151,Yes,No,0.5352,0.5,,,"Private, for-profit",0.0148861646,No
189282,Mount Sinai Phillips School of Nursing,NY,,,1,,,,18750,99344,,0.1286,84996,0.7837837838,0.369047619,2963,City,60572,,No,0.0152,,,,"Private, nonprofit",,No
189413,Boricua College,NY,,,0.7063,14187,23338,,6347,30398,,1,45549,0.756684492,0.5232198142,4467,City,36735,Yes,No,0.8517,0.8511,,,"Private, nonprofit",0.0160427807,No
189501,Brooklyn Law School,NY,,,,,,,,,,1,116613,,,19912,City,79409,,No,,,,,"Private, nonprofit",,No
189565,Bryant & Stratton College-Syracuse North,NY,,,0.25,9972,21955,0.004953560372,9500,27873,23903,0.5556,55449,0.8171590332,0.5378553335,7564,Suburb,48773,Yes,No,0.6508,0,,,"Private, nonprofit",0.0111780504,No
189583,Bryant & Stratton College-Buffalo,NY,,,0.275,14117,23942,0.004953560372,9500,27873,23903,0.301,52065,0.8171590332,0.5378553335,4772,City,48773,Yes,No,0.6579,,,,"Private, nonprofit",0.0111780504,No
189592,Bryant & Stratton College-Greece,NY,,,0.3043,14664,23142,0.004953560372,9500,27873,23903,0.4,54675,0.8171590332,0.5378553335,8071,Suburb,48773,Yes,No,0.6612,,,,"Private, nonprofit",0.0111780504,No
189705,Canisius University,NY,28,0.8177,0.7065,18322,42271,,19000,46089,,0.4755,77589,0.5408805031,0.2305502846,9285,City,61812,No,No,0.2679,0.7996,,Neither required nor recommended,"Private, nonprofit",,No
189857,Central Yeshiva Tomchei Tmimim Lubavitz,NY,,0.8846,0.0278,19406,27589,,,21104,,0.7,32193,,0.2708333333,1754,City,51407,No,No,0.6445,0.8167,,Neither required nor recommended,"Private, nonprofit",,No
190044,Clarkson University,NY,29,0.7716,0.7356,31955,76451,,21714,76970,,0.7836,96921,0.2998554913,0.1528709918,16572,Town,62331,No,No,0.2046,0.8471,1307,Considered but not required,"Private, nonprofit",,No
190080,Colgate Rochester Crozer Divinity School,NY,,,,,,,,,,1,50814,,,81688,City,,,No,,,,,"Private, nonprofit",,No
190099,Colgate University,NY,33,0.1195,0.9053,29107,83650,,13000,64949,,0.9415,114633,0.5764966741,0.1807511737,27922,Rural,81701,No,No,0.1268,0.9285,1480,Considered but not required,"Private, nonprofit",,No
190114,Metropolitan College of New York,NY,,0.7654,0.2474,25180,32786,,20000,45086,32269,1,76896,0.7885714286,0.4958158996,10538,City,44959,No,Yes,0.608,0.3846,,Neither required nor recommended,"Private, nonprofit",,No
190150,Columbia University in the City of New York,NY,35,0.0423,0.9496,20148,86042,,18750,88535,83642,0.4232,190953,0.4472727273,0.2504905167,105237,City,76971,No,No,0.2254,0.9718,1547,Considered but not required,"Private, nonprofit",0.0103030303,No
190372,The Cooper Union for the Advancement of Science and Art,NY,,0.1905,0.8032,16478,67088,,12375,39707,,0.287,124029,0.3141361257,0.186440678,34434,City,71862,No,No,0.2792,0.9128,1480,Considered but not required,"Private, nonprofit",,No
190415,Cornell University,NY,34,0.0816,0.9514,32337,83196,,13000,87830,89915,0.9233,155277,0.5335580754,0.1541640178,31572,City,80346,No,No,0.1821,0.9782,1520,Considered but not required,"Private, nonprofit",,No
190424,Weill Medical College of Cornell University,NY,,,,,,,13000,87830,89915,0.8889,,0.5335580754,0.1541640178,251155,City,80346,,No,,,,,"Private, nonprofit",,No
190503,Culinary Institute of America,NY,,0.9176,0.6467,31864,54106,,12000,37846,27602,1,88119,0.5238326848,0.2826541275,13477,Suburb,73050,No,No,0.2789,0.7513,1089,Considered but not required,"Private, nonprofit",0.0087548638,No
190512,CUNY Bernard M Baruch College,NY,,0.5048,0.7211,2978,13521,,10000,61542,55265,0.4592,113004,0.5147323033,0.5107763615,11036,City,53216,No,No,0.5533,0.8841,1310,Considered but not required,Public,0.0021559468,No
190549,CUNY Brooklyn College,NY,,0.5366,0.5658,2943,13573,,9218,45035,36260,0.3495,114561,0.5883275808,0.4761904762,13940,City,49392,No,No,0.5639,0.7987,1310,Considered but not required,Public,0.0053341701,No
190558,College of Staten Island CUNY,NY,,,0.3278,5115,14084,,8846,36931,33000,0.3875,113454,0.5639557083,0.46727139,13667,City,65469,Yes,No,0.4925,0.7624,,,Public,0.0032455136,No
190567,CUNY City College,NY,,0.5807,0.5466,3486,13514,,9775,46435,40986,0.3958,118611,0.5377492877,0.4596531792,21739,City,48071,No,No,0.5958,0.786,1340,Considered but not required,Public,0.0030270655,No
190576,CUNY Graduate School and University Center,NY,,0.3861,,,,,9800,68616,,0.3707,124011,0.7729468599,0.4395604396,46331,City,60813,No,No,0.3788,,,Neither required nor recommended,Public,0.0157004831,No
190594,CUNY Hunter College,NY,,0.5405,0.6099,2446,13310,,8812,50414,42685,0.334,114894,0.6719516182,0.4694467382,11202,City,55390,No,No,0.5501,0.7997,1350,Considered but not required,Public,0.0031055901,No
190600,CUNY John Jay College of Criminal Justice,NY,,0.5722,0.5549,3046,13712,,9250,50293,31109,0.374,108846,0.6098530683,0.4849257885,14519,City,51361,No,No,0.5919,0.8126,1140,Considered but not required,Public,0.0041486603,No
190637,CUNY Lehman College,NY,,0.5543,0.4929,3482,13456,,8500,51067,37743,0.416,106569,0.71029969,0.5193195626,15162,City,41652,No,No,0.6053,0.7353,1010,Considered but not required,Public,0.0105063727,No
190646,CUNY Medgar Evers College,NY,,0.8339,0.2229,5881,14069,,7400,37538,29885,0.3904,106758,0.7179702832,0.5033222591,25527,City,43304,No,Yes,0.5679,0.522,980,Considered but not required,Public,0.0064479955,No
190655,CUNY New York City College of Technology,NY,,0.8074,0.1941,4783,13404,,7000,39982,34409,0.2996,106812,0.457400722,0.5123966942,15268,City,46554,No,No,0.5544,0.5997,1040,Considered but not required,Public,0.0050541516,No
190664,CUNY Queens College,NY,,0.6852,0.6016,3830,13643,,8580,48548,37348,0.4585,108261,0.5671899529,0.4690335306,12670,City,63917,No,No,0.4772,0.7817,1210,Considered but not required,Public,0.0045525903,No
190682,CUNY School of Law,NY,,,,,,,,,,0.6512,151470,,,24304,City,69295,,No,,,,,Public,,No
190691,CUNY York College,NY,,0.5942,0.3027,4734,13686,,7500,46148,46416,0.3836,105453,0.6926509967,0.4959183673,15553,City,55168,No,No,0.4343,0.5954,1100,Considered but not required,Public,0.0059506099,No
190716,D'Youville  University,NY,24,0.8235,0.5668,19585,42512,,19750,63804,,0.5667,76761,0.7523148148,0.2708860759,13542,City,52394,No,No,0.3582,0.7183,1040,Considered but not required,"Private, nonprofit",0.0150462963,No
190725,Daemen University,NY,,0.7616,0.584,18244,44232,,15041,59912,,0.4714,63639,0.7262295082,0.2884097035,9657,Suburb,56233,No,No,0.4167,0.8017,,Neither required nor recommended,"Private, nonprofit",,No
190752,Yeshiva of Far Rockaway Derech Ayson Rabbinical Seminary,NY,,0.88,0.5333,9400,23750,,,,,,42444,,,44380,City,,No,No,0.1731,0.8571,,Neither required nor recommended,"Private, nonprofit",,No
190761,Dominican University New York,NY,,0.7883,0.5677,26187,48001,,18250,50865,37363,0.3617,77256,0.6855895197,0.3212951432,10629,Suburb,77440,No,No,0.4111,0.6682,1160,Considered but not required,"Private, nonprofit",,No
190983,Elmira College,NY,,0.908,0.6404,23735,50783,,20230,49057,,0.5204,43839,0.7111553785,0.2683982684,10512,City,64913,No,No,0.3498,0.7384,1239,Considered but not required,"Private, nonprofit",,No
191126,Fashion Institute of Technology,NY,,0.5761,0.8333,22024,29732,,12000,50102,34058,0.9881,85257,0.8392925798,0.2760084926,13975,City,70754,No,No,0.323,0.8934,,Neither required nor recommended,Public,,No
191205,Five Towns College,NY,,0.7203,0.4898,20799,40792,,12750,25305,,0.1389,54783,0.2868852459,0.3170731707,6938,Suburb,80517,No,No,0.4456,0.747,,Neither required nor recommended,"Private, for-profit",,No
191241,Fordham University,NY,32,0.5628,0.8027,42581,77351,,20500,68008,62702,1,139896,0.6138842975,0.1764084507,18519,City,77653,No,No,0.2086,0.8763,1412,Considered but not required,"Private, nonprofit",0.0036363636,No
191515,Hamilton College,NY,34,0.1177,0.9125,28314,80380,,15015,60082,47371,0.7516,110790,0.5421412301,0.1328502415,29218,Suburb,78373,No,No,0.181,0.9561,1487,Considered but not required,"Private, nonprofit",,No
191533,Hartwick College,NY,25,0.687,0.4615,29800,66623,,17500,50452,,1,70866,0.5712,0.2708688245,15073,Town,69362,No,No,0.3503,0.7088,1170,Considered but not required,"Private, nonprofit",,No
191597,Helene Fuld College of Nursing,NY,,0.2381,,37732,41733,,14292,101039,55397,0.2083,105021,0.8596938776,0.462633452,13490,City,58612,No,No,0.3676,1,,Neither required nor recommended,"Private, nonprofit",,No
191621,Hilbert College,NY,,0.9802,0.4699,22100,40002,,15000,45369,,0.3762,57357,0.5711252654,0.3813953488,5925,Suburb,58163,No,No,0.4376,0.6306,1060,Considered but not required,"Private, nonprofit",,No
191630,Hobart William Smith Colleges,NY,29,0.5728,0.7271,31057,80635,,24250,62416,,1,86742,0.5119680851,0.125,19989,Town,75518,No,No,0.2412,0.8924,1296,Considered but not required,"Private, nonprofit",,No
191649,Hofstra University,NY,29,0.7059,0.671,35129,68298,,18518,52131,37470,0.4061,131553,0.5923831071,0.2353177796,19225,Suburb,86369,No,No,0.243,0.8311,1294,Considered but not required,"Private, nonprofit",,No
191676,Houghton University,NY,26,0.927,0.6466,21148,29287,,20313,36376,,0.5833,57618,0.5787545788,0.1700819672,12006,Rural,59922,No,No,0.3379,0.7697,1297,Considered but not required,"Private, nonprofit",,No
191931,Iona University,NY,26,0.9114,0.5744,27951,57336,,19500,51218,47469,0.5667,85203,0.5297699594,0.3134772897,11246,Suburb,78814,No,No,0.2615,0.7998,1167,Considered but not required,"Private, nonprofit",,No
191968,Ithaca College,NY,,0.6994,0.7411,32965,66162,,19500,46305,33036,0.7583,86337,0.5863058631,0.1375752365,14377,Suburb,77434,No,No,0.1901,0.8335,1285,Considered but not required,"Private, nonprofit",,No
192004,Jamestown Business College,NY,,0.8582,0.6053,7732,19567,,10873,27962,,,40932,0.7072243346,0.5303030303,2152,Town,45875,No,No,0.6864,,,Neither required nor recommended,"Private, for-profit",,No
192040,Jewish Theological Seminary of America,NY,33,0.4507,0.8684,29744,80579,,14976,58656,,0.4915,112977,,,17014,City,85212,No,No,0.0537,1,1507,Considered but not required,"Private, nonprofit",,No
192110,The Juilliard School,NY,,0.0896,0.9,37903,81090,,25000,22129,,0.3053,132381,0.4329896907,,42517,City,75845,No,No,0.1331,0.972,,Neither required nor recommended,"Private, nonprofit",,No
192165,Kehilath Yakov Rabbinical Seminary,NY,,,0.4694,3074,16625,,,25819,,,20457,,,3034,Rural,36073,Yes,No,0.8717,0.9804,,,"Private, nonprofit",,No
192192,Keuka College,NY,26,0.9388,0.4877,25989,53506,,21418,50940,,0.9672,57231,0.7584501237,0.3820840951,8374,Town,56096,No,No,0.4355,0.7143,1090,Considered but not required,"Private, nonprofit",,No
192271,LIM College,NY,,0.9875,0.5299,37514,50471,,17500,45359,27591,0.0838,59274,0.9096296296,0.3252818035,9603,City,78436,No,No,0.3571,0.6784,1090,Considered but not required,"Private, for-profit",,No
192323,Le Moyne College,NY,27,0.7529,0.7098,21547,51033,,18435,53493,,0.5536,80613,0.6018651363,0.2229007634,12048,Suburb,60497,No,No,0.2996,0.8417,1260,Considered but not required,"Private, nonprofit",,No
192448,Long Island University,NY,28,0.8977,0.5544,23901,52419,,19500,47543,47434,0.3913,115893,0.6839010047,0.3563569682,12507,Suburb,69416,No,No,0.1886,0.7737,1259,Considered but not required,"Private, nonprofit",0.0066160255,No
192624,Machzikei Hadath Rabbinical College,NY,,0.95,0.2791,8328,20375,,,,,,54774,,,4763,City,44237,No,No,0.838,0.7879,,Neither required nor recommended,"Private, nonprofit",,No
192703,Manhattan College,NY,,0.7849,0.6597,26881,62537,,21500,64472,42628,0.4989,106929,0.4779411765,0.2541636495,16416,City,83053,No,No,0.3121,0.7748,1254,Considered but not required,"Private, nonprofit",,No
192712,Manhattan School of Music,NY,,0.3994,0.7826,47599,74277,,25125,18815,,0.2194,74970,0.4538461538,,15213,City,77713,No,No,0.1319,0.9272,,Neither required nor recommended,"Private, nonprofit",,No
192749,Manhattanville College,NY,27,0.8466,0.5373,25842,55641,,20090,45056,,0.2885,79938,0.7073490814,0.3010130246,10741,Suburb,80867,No,No,0.3349,0.7261,,Neither required nor recommended,"Private, nonprofit",,No
192785,Maria College of Albany,NY,,0.6094,0.4286,16055,23518,,14708,53357,,0.9884,70263,0.8702702703,0.4099009901,11263,City,57547,No,No,0.4074,0,1040,Considered but not required,"Private, nonprofit",,No
192819,Marist College,NY,28,0.6471,0.7984,39660,63898,,21500,62546,39698,0.4359,94995,0.601010101,0.1883905013,13355,Suburb,83197,No,No,0.1472,0.8943,1285,Considered but not required,"Private, nonprofit",,No
192864,Marymount Manhattan College,NY,25,0.7888,0.4981,37037,63837,,19250,34052,,0.2301,74664,0.7897042716,0.2263710618,13815,City,77729,No,No,0.2842,0.6501,1226,Considered but not required,"Private, nonprofit",,No
193016,Mercy University,NY,25,0.8547,0.481,15770,32391,,15000,44969,38799,0.2539,85275,0.7047139831,0.4186952288,8124,Suburb,57656,No,No,0.4733,0.7497,,Neither required nor recommended,"Private, nonprofit",0.0058262712,No
193052,Mesivta Torah Vodaath Rabbinical Seminary,NY,,0.8974,0.3333,5360,22157,,,16553,38721,0.6522,25245,,0.4074074074,3594,City,47526,No,No,0.5407,0.8148,,Neither required nor recommended,"Private, nonprofit",,No
193061,Mesivta of Eastern Parkway-Yeshiva Zichron Meilech,NY,,0.625,0.75,8751,18500,,,,,,26793,,,7501,City,54234,No,No,0.6596,0.6667,,Neither required nor recommended,"Private, nonprofit",,No
193070,Mesivtha Tifereth Jerusalem of America,NY,,0.6087,0.1667,10373,17500,,,,,,18603,,,35228,City,61205,No,No,0.3462,0.9333,,Neither required nor recommended,"Private, nonprofit",,No
193247,Mirrer Yeshiva Cent Institute,NY,,0.7778,0.6383,11641,21343,,,,,1,33174,,,8107,City,44362,No,No,0.3667,0.7436,,Neither required nor recommended,"Private, nonprofit",,No
193292,Molloy College,NY,29,0.7564,0.7176,26870,48251,,24250,78372,42965,0.2744,100404,0.7482561826,0.3529824561,12951,Suburb,87964,No,No,0.2993,0.8114,1193,Considered but not required,"Private, nonprofit",,No
193308,Monroe College,NY,,0.6588,0.5748,10376,26306,,12672,36973,30933,0.3664,54162,0.6136854742,0.4906852961,4510,City,41127,No,No,0.5766,0.7009,,Neither required nor recommended,"Private, for-profit",0.0076830732,No
193353,Mount Saint Mary College,NY,22,0.8246,0.6566,23736,51810,,22250,59588,,0.404,85347,0.7261029412,0.3715139442,10462,City,74923,No,No,0.297,0.7432,1160,Considered but not required,"Private, nonprofit",,No
193399,University of Mount Saint Vincent,NY,20,0.8464,0.5714,19920,50617,,18500,53755,,0.18,91152,0.7119628339,0.4101838755,7775,City,63240,No,No,0.4325,0.7099,1110,Considered but not required,"Private, nonprofit",,No
193405,Icahn School of Medicine at Mount Sinai,NY,,,,,,,,,,,,,,24681,City,79639,,No,,,,,"Private, nonprofit",,No
193584,Nazareth University,NY,,0.795,0.7291,30521,56140,,22500,47717,25075,0.481,75024,0.7355932203,0.1820603908,13967,Suburb,64638,No,No,0.2592,0.8149,1256,Considered but not required,"Private, nonprofit",,No
193654,The New School,NY,,0.6252,0.7119,55359,82757,,15498,38210,40420,0.1932,118188,0.7536302033,0.1944012442,17783,City,75464,No,No,0.1532,0.8073,,Neither required nor recommended,"Private, nonprofit",,No
193751,Northeast College of Health Sciences,NY,,,,,,,,,,0.5738,58194,,,15668,Rural,62562,,No,,,,,"Private, nonprofit",,No
193821,New York Law School,NY,,,,,,,,,,0.3006,129195,,,26922,City,70967,,No,,,,,"Private, nonprofit",,No
193830,New York Medical College,NY,,,,,,,,,,0.2148,77850,,,23882,Suburb,80817,,No,,,,,"Private, nonprofit",,No
193894,New York Theological Seminary,NY,,,,,,,,,,,54936,,,12547,City,,,No,,,,,"Private, nonprofit",,No
193900,New York University,NY,34,0.0941,0.8846,35035,79121,,18500,64543,65656,1,155970,0.6113892365,0.2148843446,35840,City,82106,No,No,0.1856,0.955,1527,Considered but not required,"Private, nonprofit",0.0017209011,No
193973,Niagara University,NY,25,0.8534,0.7024,18740,50174,,20312,48289,,1,85662,0.6471910112,0.2415153907,8646,Suburb,60954,No,No,0.2591,0.807,1155,Considered but not required,"Private, nonprofit",,No
194073,New York College of Podiatric Medicine,NY,,,,,,,,,,0.7429,104445,,,18396,City,61703,,No,,,,,"Private, nonprofit",,No
194091,New York Institute of Technology,NY,28,0.7808,0.5604,20709,53625,,17000,52559,39286,0.3178,117864,0.3745148771,0.3296541575,19277,Rural,72244,No,No,0.437,0.7878,1290,Considered but not required,"Private, nonprofit",,No
194116,New York School of Interior Design,NY,,0.6034,0.5385,41358,46980,,12750,37810,,0.0417,,0.8428571429,0.3636363636,22116,City,74931,No,No,0.15,0.6667,,Considered but not required,"Private, nonprofit",,No
194310,Pace University,NY,26,0.7714,0.6141,31046,68092,,17750,52767,47048,1,113976,0.6534384344,0.2941176471,11272,City,74848,No,No,0.2707,0.7668,1232,Considered but not required,"Private, nonprofit",0.0029899429,No
194392,Paul Smiths College of Arts and Science,NY,,0.9073,0.5333,24583,50865,,17062,38325,,0.8909,49383,0.3546617916,0.2969348659,9897,Rural,59302,No,No,0.3668,0.7616,,Neither required nor recommended,"Private, nonprofit",,No
194499,Plaza College,NY,,0.3,0.6287,18193,25190,,13348,32282,,0.3729,54828,0.8341463415,0.4835164835,5689,City,49859,No,No,0.8501,,,Neither required nor recommended,"Private, for-profit",0.0136585366,No
194569,Davis College,NY,,0.3333,0.3889,14320,22080,,17290,29943,,,35001,0.4576271186,0.2718446602,1632,Rural,52113,No,No,0.3562,1,,Neither required nor recommended,"Private, nonprofit",,No
194578,Pratt Institute-Main,NY,30,0.5317,0.7269,50647,76533,,20500,45060,35194,0.1479,111807,0.7066037736,0.1925777332,18644,City,75295,No,No,0.1741,0.8939,1339,Considered but not required,"Private, nonprofit",,No
194657,Rabbinical Academy Mesivta Rabbi Chaim Berlin,NY,,1,0.1923,3964,17950,,,,,,65673,,,6611,City,54830,No,No,0.2222,0.8372,,Neither required nor recommended,"Private, nonprofit",,No
194666,Rabbinical College Bobover Yeshiva Bnei Zion,NY,,,0.9714,8943,19382,,,,,,30222,,,1425,City,41763,Yes,No,0.8794,0.9762,,,"Private, nonprofit",,No
194693,Rabbinical College Beth Shraga,NY,,0.9259,0.4545,11229,25950,,,,,,58608,,,26531,Suburb,54017,No,No,0.2105,0.7692,,Neither required nor recommended,"Private, nonprofit",,No
194736,Rabbinical College of Long Island,NY,,1,0.3415,6253,18300,,,,,1,55242,,,17891,Suburb,53394,No,No,0.3041,0.8649,,Neither required nor recommended,"Private, nonprofit",,No
194763,Rabbinical Seminary of America,NY,,0.9754,0.3431,5900,19700,,,,,0.9375,28800,,,5357,City,61730,No,No,0.1389,0.8222,,Neither required nor recommended,"Private, nonprofit",,No
194824,Rensselaer Polytechnic Institute,NY,33,0.5845,0.8316,33139,79934,,21995,83054,52632,0.8696,119493,0.3442307692,0.1374501992,19846,City,74851,No,No,0.1865,0.8871,1415,Considered but not required,"Private, nonprofit",,No
194958,Roberts Wesleyan University,NY,26,0.7778,0.6393,23461,49621,,19000,56275,,0.902,61911,0.7517647059,0.2720306513,9977,Suburb,60753,No,No,0.3969,0.7734,1205,Considered but not required,"Private, nonprofit",,No
195003,Rochester Institute of Technology,NY,31,0.714,0.708,29694,71714,,20872,65457,50956,0.6928,101817,0.3531583265,0.194684529,20440,Suburb,69175,No,No,0.2612,0.8824,1378,Considered but not required,"Private, nonprofit",,No
195030,University of Rochester,NY,33,0.3585,0.8448,30248,82600,,19000,68333,61514,0.9457,124902,0.5490993608,0.1867656153,36252,City,76108,No,No,0.1624,0.9253,1480,Considered but not required,"Private, nonprofit",,No
195049,The Rockefeller University,NY,,,,,,,,,,0.9324,213201,,,0,City,,,No,,,,,"Private, nonprofit",,No
195128,Russell Sage College,NY,,0.7619,0.6567,23027,50986,,18000,51139,36166,0.845,58302,0.7827191868,0.375,9402,City,60191,No,No,0.4328,0.7479,,Considered but not required,"Private, nonprofit",,No
195155,St Bernard's School of Theology and Ministry,NY,,,,,,,,,,,57726,,,8356,Suburb,,,No,,,,,"Private, nonprofit",,No
195164,St Bonaventure University,NY,24,0.8153,0.7039,27151,55265,,19500,48559,,0.698,70659,0.5218658892,0.186440678,8930,Town,64352,No,No,0.2274,0.8126,1181,Considered but not required,"Private, nonprofit",,No
195173,St. Francis College,NY,24,,0.5229,21614,42269,,12693,43378,31026,0.3381,60129,0.6444232602,0.4114285714,11119,City,53129,Yes,No,0.4723,0.5432,,,"Private, nonprofit",,No
195216,St Lawrence University,NY,31,0.5847,0.7965,30561,79665,,22670,55037,,0.8386,92016,0.5958549223,0.131897712,19814,Town,68738,No,No,0.2098,0.8612,1343,Considered but not required,"Private, nonprofit",,No
195234,The College of Saint Rose,NY,,0.734,0.5095,23819,52773,,16000,44628,,0.5311,62712,0.6957726958,0.2936267071,11138,City,65757,No,No,0.3862,0.7238,,Considered but not required,"Private, nonprofit",,No
195243,St. Thomas Aquinas College,NY,29,0.8223,0.626,21344,51685,,17500,44908,,0.4101,85005,0.5187265918,0.3166666667,10130,Suburb,86845,No,No,0.184,0.749,,Considered but not required,"Private, nonprofit",,No
195304,Sarah Lawrence College,NY,31,0.5893,0.6997,21132,79320,,19500,34251,,0.3377,93024,0.7279236277,0.1078431373,22053,Suburb,76763,No,No,0.1265,0.8438,1374,Considered but not required,"Private, nonprofit",,No
195438,Sh'or Yoshuv Rabbinical College,NY,,,0,11600,16500,,,,,0.9231,49167,,,15242,Suburb,59055,No,No,0.0449,1,,Neither required nor recommended,"Private, nonprofit",,No
195474,Siena College,NY,,0.7057,0.7584,32697,62329,,21471,56526,38098,0.6486,84501,0.5239417071,0.2053896577,10194,Suburb,72227,No,No,0.2335,0.8434,1238,Considered but not required,"Private, nonprofit",,No
195526,Skidmore College,NY,31,0.2292,0.8167,34581,81890,,15000,46923,,0.798,96273,0.6302521008,0.1483146067,24382,Suburb,78806,No,No,0.1371,0.8885,1388,Considered but not required,"Private, nonprofit",,No
195544,St. Joseph's University-New York,NY,26,0.714,0.6421,17622,39254,,17750,50759,,1,83151,0.686489058,0.3757412399,10813,City,81308,No,No,0.3422,0.7912,1170,Considered but not required,"Private, nonprofit",0.0057088487,No
195580,Saint Vladimirs Orthodox Theological Seminary,NY,,,,,,,,,,0.3636,75060,,,14490,Suburb,,,No,,,,,"Private, nonprofit",,No
195720,St. John Fisher University,NY,26,0.678,0.7444,28150,52514,,19500,61198,30689,1,86409,0.6097222222,0.2521994135,12318,Suburb,63735,No,No,0.2815,0.8429,1207,Considered but not required,"Private, nonprofit",,No
195809,St. John's University-New York,NY,26,0.7967,0.6846,26985,61931,,19500,54189,40329,0.4589,118260,0.5904467853,0.3164556962,12822,City,69749,No,No,0.2367,0.7991,1215,Considered but not required,"Private, nonprofit",,No
196006,SUNY College of Technology at Alfred,NY,,0.8175,0.5269,14488,23982,,12000,45460,30249,0.7406,57573,0.3602362205,0.3327526132,13575,Rural,55015,No,No,0.448,0.7625,1059,Considered but not required,Public,,No
196015,SUNY College of Technology at Canton,NY,20,0.9634,0.4406,15001,23169,,12500,42079,31096,0.5512,68634,0.5713580247,0.3698092031,11614,Town,48556,No,No,0.4723,0.6681,,Neither required nor recommended,Public,0.0059259259,No
196024,SUNY College of Technology at Delhi,NY,,0.8841,0.4796,17387,26285,,12000,42826,32877,0.6667,60732,0.5075829384,0.3786565547,14969,Rural,58633,No,No,0.461,0.6758,,Neither required nor recommended,Public,,No
196033,SUNY College of Agriculture and Technology at Cobleskill,NY,19,0.8325,0.4091,17980,27108,,11000,37901,24362,0.6392,65007,0.5370251127,0.3289760349,13085,Town,60485,No,No,0.4251,0.7203,1060,Considered but not required,Public,,No
196042,Farmingdale State College,NY,24,0.6912,0.5706,9173,17146,,11000,55901,38431,0.3492,82899,0.4639451728,0.397044004,10286,Suburb,86057,No,No,0.3575,0.8087,1104,Considered but not required,Public,0.0032777116,No
196051,SUNY Morrisville,NY,,0.9123,0.319,17393,26031,,12000,39759,,0.6316,63261,0.4966793169,0.3506146446,20385,Rural,55475,No,No,0.5463,0.6218,,Considered but not required,Public,,No
196060,University at Albany,NY,26,0.6987,0.6389,18486,28490,,15059,51380,35192,0.5867,98397,0.5287925697,0.3008942662,14844,City,70013,No,No,0.4212,0.8333,,Considered but not required,Public,0.0017027864,No
196079,Binghamton University,NY,32,0.3773,0.8365,21364,29657,,15000,61621,40186,0.7562,96651,0.5177916757,0.2483826248,13123,Suburb,71392,No,No,0.2747,0.8849,1415,Considered but not required,Public,,No
196088,University at Buffalo,NY,28,0.693,0.7341,20470,29043,,14250,53742,46671,0.6881,107307,0.427613941,0.2806191117,16638,Suburb,63949,No,No,0.3226,0.8445,1298,Considered but not required,Public,0.0028028272,No
196097,Stony Brook University,NY,31,0.4901,0.7785,18430,29174,,15000,59492,48599,0.6177,124542,0.5101557211,0.3614088821,20244,Suburb,76205,No,No,0.3837,0.8869,1410,Considered but not required,Public,,No
196103,SUNY College of Environmental Science and Forestry,NY,,0.8294,0.6994,18730,27958,,13000,48327,26344,0.7174,86076,0.4697802198,0.2042553191,24708,City,63414,No,No,0.2566,0.85,,Neither required nor recommended,Public,,No
196112,SUNY Polytechnic Institute,NY,27,0.7844,0.5918,13882,23018,,12000,58662,,0.4776,84645,0.3591212989,0.3052415211,15154,Suburb,53376,No,No,0.3673,0.6834,1248,Considered but not required,Public,,No
196121,SUNY Brockport,NY,26,0.7129,0.5664,15844,25635,,15000,47164,28318,0.5942,74610,0.5812821981,0.3152955896,13628,Town,61824,No,No,0.3873,0.7319,1147,Considered but not required,Public,0.0031482541,No
196130,SUNY Buffalo State University,NY,,0.7587,0.3604,14229,23171,,12500,40877,28232,0.5472,78741,0.5771839671,0.3401759531,15590,City,55484,No,No,0.5333,0.5471,1080,Considered but not required,Public,,No
196149,State University of New York at Cortland,NY,25,0.5071,0.6825,19951,26413,,17500,46535,28482,0.5633,65709,0.5403552509,0.2709096968,10895,Town,68027,No,No,0.2685,0.8082,,Neither required nor recommended,Public,0.0034278591,No
196158,SUNY at Fredonia,NY,27,0.792,0.5348,15644,25331,,17500,40580,27531,0.5669,71451,0.6082425391,0.2281675921,15342,Town,60720,No,No,0.3745,0.7622,1213,Considered but not required,Public,,No
196167,SUNY College at Geneseo,NY,28,0.6353,0.7209,18021,26461,,14836,51097,,0.6185,76608,0.6189759036,0.1863874346,13966,Town,69095,No,No,0.2541,0.8383,1296,Considered but not required,Public,,No
196176,State University of New York at New Paltz,NY,27,0.587,0.6888,18481,27034,,15000,45555,31445,0.4841,72567,0.6354439865,0.3169421488,12964,Town,72171,No,No,0.3287,0.8668,1267,Considered but not required,Public,,No
196185,SUNY Oneonta,NY,,0.7015,0.7024,18833,27258,,15000,49723,33423,0.6,68922,0.6084758942,0.2577405858,12021,Town,67183,No,No,0.3334,0.7801,1181,Considered but not required,Public,,No
196194,State University of New York at Oswego,NY,27,0.8039,0.6037,17231,27155,,15750,46358,29793,0.6643,70506,0.5129262926,0.2781818182,13116,Town,60525,No,No,0.387,0.7034,1177,Considered but not required,Public,,No
196200,SUNY College at Potsdam,NY,,0.8548,0.4788,14295,24489,,18166,39440,,0.6821,63198,0.5830721003,0.3411488863,18972,Town,56041,No,No,0.4265,0.7788,,Considered but not required,Public,,No
196219,SUNY at Purchase College,NY,29,0.7283,0.6156,19067,28541,,15194,31229,,0.409,71766,0.588863892,0.2413793103,18847,Suburb,76919,No,No,0.3563,0.7909,1277,Considered but not required,Public,,No
196228,SUNY College of Optometry,NY,,,,,,,,,,0.6071,108396,0.696969697,,62132,City,75449,,No,,,,,Public,,No
196237,SUNY Old Westbury,NY,,0.8458,0.4659,9900,19934,,12000,43671,29890,0.4223,90450,0.615720524,0.3938859494,12702,Suburb,73417,No,No,0.4738,0.7352,,Neither required nor recommended,Public,0.0048520136,No
196246,SUNY College at Plattsburgh,NY,26,0.7518,0.5884,16547,27415,,15000,48089,,0.6038,71181,0.5880412371,0.3137166139,13107,Town,61507,No,No,0.3854,0.7121,1180,Considered but not required,Public,,No
196255,SUNY Downstate Health Sciences University,NY,,,,,,,12500,110661,,0.7447,105615,0.7967479675,0.3791469194,56108,City,63618,,No,0.078,,,,Public,,No
196264,Empire State University,NY,,,0.2932,11147,18221,,11000,50167,41583,0.2496,73881,0.7136555043,0.4505520883,10679,Suburb,59452,Yes,No,0.35,0.4595,,,Public,0.0164427512,No
196291,SUNY Maritime College,NY,26,0.7851,0.7485,21781,28880,,15875,83439,,0.7018,76725,0.1261261261,0.2148288973,16956,City,80060,No,No,0.2062,0.797,1199,Considered but not required,Public,,No
196307,Upstate Medical University,NY,,,,,,,15000,83990,,0.746,61047,0.7307692308,0.3504273504,61010,City,56534,,No,0.2468,,,,Public,,No
196413,Syracuse University,NY,30,0.4169,0.8135,41026,80396,,23697,60459,39601,0.6697,115848,0.5547775017,0.1886792453,20258,City,75289,No,No,0.1622,0.9121,1351,Considered but not required,"Private, nonprofit",0.0024847527,No
196431,Talmudical Seminary Oholei Torah,NY,,0.7808,0.1395,8174,19724,,,18369,,0.7692,56223,,,12819,City,50799,No,No,0.6006,0.5429,,Neither required nor recommended,"Private, nonprofit",,No
196468,Teachers College at Columbia University,NY,,,,,,,,,,0.3911,137835,,,20148,City,73021,,No,,,,,"Private, nonprofit",,No
196583,Torah Temimah Talmudical Seminary,NY,,0.6471,0.0952,20466,32440,,,,,,46773,,,6594,City,47846,No,No,0.5821,0.9,,Neither required nor recommended,"Private, nonprofit",,No
196592,Touro University,NY,,0.6301,0.6496,26556,37824,,12500,43510,48865,0.4038,86283,0.742979848,0.3827940016,15457,City,49299,No,No,0.3232,0.8595,1365,Considered but not required,"Private, nonprofit",0.0115626032,No
196653,Trocaire College,NY,,0.8301,0.1919,21236,29500,,16617,56726,,0.1598,71217,0.8893528184,0.4330985915,11086,City,49589,No,No,0.5,,,Considered but not required,"Private, nonprofit",,No
196680,Excelsior University,NY,,,,,,,10870,63796,49401,1,81477,0.6701049917,0.4772967265,2029,City,61130,Yes,No,0.2491,,,,"Private, nonprofit",0.0110517591,No
196866,Union College,NY,30,0.4379,0.8526,36000,81627,,21085,63219,,0.9119,108981,0.4956822107,0.13003663,27383,City,79161,No,No,0.1315,0.887,1410,Considered but not required,"Private, nonprofit",,No
196884,Union Theological Seminary in the City of New York,NY,,,,,,,,,,0.6818,97965,,,71659,City,65292,,No,,,,,"Private, nonprofit",,No
197018,United Talmudical Seminary,NY,,,0.5694,6500,21624,,,20766,41742,0.5556,38196,,,7951,City,41946,Yes,No,0.856,0.8674,,,"Private, nonprofit",,No
197027,United States Merchant Marine Academy,NY,27,0.3247,0.8061,7506,9547,,6500,96770,,0.7808,99540,0.2178217822,,13292,Suburb,76831,No,No,0.073,0.8995,1226,Required,Public,,No
197036,United States Military Academy,NY,31,0.1398,0.8541,,,,,,,0.9844,108405,,,45928,Town,,No,No,,0.9557,1355,Required,Public,,No
197045,Utica University,NY,,0.8719,0.5547,21869,36845,,17538,57422,37252,0.4605,79344,0.6048317515,0.3156398104,10232,City,55854,No,No,0.2961,0.7327,1130,Considered but not required,"Private, nonprofit",0.005608283,No
197133,Vassar College,NY,33,0.1773,0.8914,38182,83573,,17500,49177,72763,0.8368,117036,0.5671232877,0.1418439716,32622,Suburb,80899,No,No,0.2086,0.944,1513,Considered but not required,"Private, nonprofit",,No
197142,Villa Maria College,NY,,0.8668,0.3101,13980,33719,,10511,33635,,0.4066,46440,0.5881147541,0.3789731051,8002,City,48601,No,No,0.6086,0.6322,,Neither required nor recommended,"Private, nonprofit",,No
197151,School of Visual Arts,NY,26,0.9132,0.7493,58628,75016,,22000,31855,40157,0.1582,35442,0.6636971047,0.2553444181,15983,City,78955,No,No,0.1472,0.881,1337,Considered but not required,"Private, for-profit",,No
197197,Wagner College,NY,,0.8346,0.6814,27733,63007,,21000,63439,45298,1,67302,0.6245110821,0.2845303867,12532,City,80220,No,No,0.227,0.8168,1234,Considered but not required,"Private, nonprofit",,No
197221,Webb Institute,NY,33,0.2,0.8077,19077,78140,,,86249,,0.6667,101124,,,32666,Suburb,77290,No,No,0.0882,0.96,1480,Considered but not required,"Private, nonprofit",,No
197230,Wells College,NY,,0.6965,0.4088,22921,51012,,12000,35648,,0.6909,73404,0.653250774,0.2714776632,15230,Rural,61992,No,No,0.4678,0.5034,,Neither required nor recommended,"Private, nonprofit",,No
197285,The College of Westchester,NY,,0.9457,0.3205,11669,30087,,16875,32951,24501,0.2466,55701,0.6322657177,0.5079086116,5734,City,69010,No,No,0.6667,0.6098,,Neither required nor recommended,"Private, for-profit",,No
197601,Yeshiva Karlin Stolin,NY,,,0.3333,2060,17595,,,,,,44505,,,6049,City,45016,Yes,No,0.7869,0.875,,,"Private, nonprofit",,No
197647,Yeshiva Derech Chaim,NY,,0.7021,0.1818,9757,21071,,,,,0.6,61164,,,12943,City,48844,No,No,0.3964,0.8889,,Neither required nor recommended,"Private, nonprofit",,No
197674,Yeshiva of Nitra Rabbinical College,NY,,,0.1818,5823,22800,,,41261,,0.7895,22761,,,10550,Rural,52690,Yes,No,0.7788,0.96,,,"Private, nonprofit",,No
197692,Yeshivath Shaar Hatorah,NY,,0.9184,0.5455,11613,21870,,,,,,82503,,,18574,City,61945,No,No,0.1408,0.9583,,Neither required nor recommended,"Private, nonprofit",,No
197708,Yeshiva University,NY,,0.6375,0.8367,47560,69117,,14000,60252,61050,0.9972,119763,0.5162393162,0.1438596491,19364,City,78671,No,No,0.1406,0.9283,1410,Considered but not required,"Private, nonprofit",,No
197735,Yeshivath Viznitz,NY,,0.9373,0.6949,5815,16896,,,16658,28701,0.5698,27135,,,5051,Suburb,59103,No,No,0.8095,0.9745,,Neither required nor recommended,"Private, nonprofit",,No
197744,Yeshivath Zichron Moshe,NY,,0.5217,0.5,9683,22100,,,,,,46431,,,14372,Town,53198,No,No,0.5031,0.9,,Neither required nor recommended,"Private, nonprofit",,No
197869,Appalachian State University,NC,27,0.8864,0.7311,16487,22654,,15750,43663,29432,0.775,80955,0.5749588138,0.2500863558,8519,Town,61267,No,No,0.257,0.8533,1187,Considered but not required,Public,0.0034596376,No
197911,Barton College,NC,20,0.9587,0.5152,23665,48055,,15000,40785,25540,0.9655,60111,0.7305785124,0.3500931099,7823,Town,54814,No,No,0.369,0.6522,,Considered but not required,"Private, nonprofit",,No
197984,Belmont Abbey College,NC,22,0.9038,0.4637,23613,32494,,14560,43816,29738,0.6184,59256,0.5181932246,0.2736982644,7350,Suburb,63374,No,No,0.2542,0.6947,1082,Considered but not required,"Private, nonprofit",,No
197993,Bennett College,NC,,0.3361,0.2063,22858,39900,,17351,23153,,0.3175,55476,,0.316872428,16062,City,60183,No,No,0.75,0.9,890,Considered but not required,"Private, nonprofit",,Yes
198066,Brevard College,NC,,0.395,0.3902,21376,45413,,11250,34401,,1,52821,0.4186046512,0.2946428571,6809,Town,60482,No,No,0.3769,0.6571,1064,Considered but not required,"Private, nonprofit",,No
198109,Cabarrus College of Health Sciences,NC,23,0.4921,0.4545,17271,24764,,11499,52960,31359,0.4795,73818,0.8653846154,0.3699186992,13466,City,60990,No,No,0.2772,,1020,Required,"Private, nonprofit",,No
198136,Campbell University,NC,22,0.9429,0.5586,23991,58752,,17000,45511,31606,0.4841,83268,0.5773327652,0.3112033195,14093,Town,56906,No,No,0.3332,0.7459,,Neither required nor recommended,"Private, nonprofit",0.0046868343,No
198215,Catawba College,NC,22,0.777,0.5211,18210,47866,,13000,36912,,0.8148,71766,0.5315568022,0.2992366412,11956,Suburb,60564,No,No,0.3942,0.7349,1136,Considered but not required,"Private, nonprofit",,No
198303,Chowan University,NC,18,0.7237,0.2852,16189,37837,,15250,30096,,1,65520,0.5121555916,0.370405278,7547,Rural,53634,No,No,0.6075,0.5674,970,Considered but not required,"Private, nonprofit",,No
198385,Davidson College,NC,,0.1448,0.9189,18127,75865,,16511,62866,,0.9508,113742,0.4613180516,0.1577380952,21537,Suburb,76036,No,No,0.1655,0.9539,1448,Considered but not required,"Private, nonprofit",,No
198419,Duke University,NC,34,0.0678,0.9583,34454,82749,,12000,85792,103805,0.9405,167589,0.5465505693,0.1345885635,79300,City,78468,No,No,0.1274,0.9616,1539,Considered but not required,"Private, nonprofit",,No
198464,East Carolina University,NC,,0.9006,0.6214,16514,23689,,17500,46420,34032,0.7677,83745,0.5933969508,0.2646028037,13404,City,57608,No,No,0.3134,0.8173,1143,Considered but not required,Public,0.0027421301,No
198507,Elizabeth City State University,NC,17,0.7049,0.4809,7237,18837,,12656,33776,24382,0.7324,75141,0.5230769231,0.3745704467,9687,Town,47337,No,No,0.5253,0.7421,,Considered but not required,Public,,No
198516,Elon University,NC,,0.6731,0.8296,41048,59369,,18500,58082,,0.8119,91008,0.5799481417,0.0909090909,19056,Suburb,81102,No,No,0.0915,0.9043,1222,Considered but not required,"Private, nonprofit",,No
198543,Fayetteville State University,NC,17,0.7989,0.352,7360,16098,,15766,37831,32384,0.7715,80091,0.6982674076,0.4089541008,8510,City,49808,No,No,0.5259,0.7769,972,Considered but not required,Public,0.007518797,No
198561,Gardner-Webb University,NC,21,0.8702,0.6168,24137,48813,,16453,43996,30626,0.9922,60669,0.6739130435,0.354704413,9515,Rural,54757,No,No,0.2682,0.6948,1146,Considered but not required,"Private, nonprofit",,No
198598,Greensboro College,NC,,0.9205,0.4081,19314,34729,,17986,36462,,1,55035,0.4420880914,0.315978456,10399,City,63893,No,No,0.4507,0.6284,,Neither required nor recommended,"Private, nonprofit",,No
198613,Guilford College,NC,20,0.8376,0.4766,21200,55495,,15448,40401,,0.5672,62991,0.5011990408,0.2632275132,9574,City,63141,No,No,0.4358,0.6585,1120,Considered but not required,"Private, nonprofit",,No
198677,Heritage Bible College,NC,,,0.4,14219,18027,,,30996,,,16875,0.4482758621,,6305,Rural,47613,Yes,No,0.7692,0.6667,,,"Private, nonprofit",,No
198695,High Point University,NC,26,0.7683,0.7,40721,61582,,19000,50955,50765,0.9974,77211,0.6333819242,0.1477869467,11386,City,63207,No,No,0.105,0.8379,1242,Considered but not required,"Private, nonprofit",,No
198756,Johnson C Smith University,NC,,0.4287,0.3414,20011,34228,,20500,31478,,0.5563,65763,0.5860962567,0.3644171779,10208,City,57295,No,No,0.6778,0.6255,,Neither required nor recommended,"Private, nonprofit",,No
198808,Lees-McRae College,NC,23,0.8075,0.4423,25765,45886,,12000,41599,29122,0.521,50670,0.6672051696,0.401384083,7637,Rural,55854,No,No,0.3743,0.6226,,Considered but not required,"Private, nonprofit",,No
198835,Lenoir-Rhyne University,NC,,0.8068,0.5105,23393,57649,,15750,44799,,1,69858,0.6028446389,0.3166069295,10810,City,58700,No,No,0.3976,0.7105,,Neither required nor recommended,"Private, nonprofit",,No
198862,Livingstone College,NC,14,0.7409,0.2712,15662,28227,,26000,24024,,0.8056,52965,0.4913705584,0.3921800948,9578,Suburb,55022,No,No,0.8393,0.7757,,Neither required nor recommended,"Private, nonprofit",,No
198899,Mars Hill University,NC,,0.7789,0.4193,20313,48794,,18172,35680,21345,1,52965,0.5637362637,0.3440094899,16897,Rural,56558,No,No,0.4225,0.6116,,Neither required nor recommended,"Private, nonprofit",,No
198950,Meredith College,NC,26,0.7466,0.6497,20197,55557,,20066,45293,47353,1,69363,0.9795673077,0.2199488491,16214,City,66301,No,No,0.3276,0.8097,1224,Considered but not required,"Private, nonprofit",,Yes
198969,Methodist University,NC,24,0.752,0.4015,24978,53585,,12500,40540,,0.4464,69579,0.4565943239,0.3206865402,11450,City,58239,No,No,0.3867,0.6471,1201,Considered but not required,"Private, nonprofit",,No
198978,Miller-Motte College-Wilmington,NC,,,0.1876,22772,,0.00510328068,10661,26349,24061,0.0833,41976,0.5105920695,0.5862318841,5673,City,52030,Yes,No,0.6488,,,,"Private, for-profit",0.0219083831,No
199032,Montreat College,NC,25,0.6555,0.4057,26328,45829,,13875,39763,,0.3642,56844,0.4946466809,0.3033707865,7737,Suburb,61225,No,No,0.4037,0.6244,,Neither required nor recommended,"Private, nonprofit",,No
199069,University of Mount Olive,NC,19,0.7775,0.4746,17893,35362,,20811,43026,29688,1,67104,0.7031403337,0.4325068871,4280,Rural,51727,No,No,0.4695,0.7677,1020,Considered but not required,"Private, nonprofit",,No
199102,North Carolina A & T State University,NC,19,0.4617,0.5527,10980,19180,,20909,36638,35913,0.5945,86499,0.569954356,0.2808621816,8049,City,56398,No,No,0.5066,0.7951,1048,Considered but not required,Public,0.0021829728,No
199111,University of North Carolina Asheville,NC,26,0.9389,0.5495,12865,21061,,14138,36947,23657,0.7619,79929,0.6122059758,0.2183984116,12970,City,56376,No,No,0.3133,0.7336,1247,Considered but not required,Public,,No
199120,University of North Carolina at Chapel Hill,NC,25,0.1874,0.9207,12983,25181,,12989,57057,46685,0.7772,130239,0.6196397942,0.1993713516,32132,City,66893,No,No,0.2026,0.9715,1454,Considered but not required,Public,,No
199139,University of North Carolina at Charlotte,NC,24,0.8021,0.6771,14745,22034,,16500,48812,31619,0.712,102294,0.5223081499,0.2840072549,10513,City,65762,No,No,0.3378,0.8513,1202,Considered but not required,Public,0.0022803887,No
199148,University of North Carolina at Greensboro,NC,24,0.8983,0.579,10170,19628,,16750,39869,30469,0.7659,84969,0.6852653718,0.3127645051,10109,City,60658,No,No,0.471,0.7579,1187,Considered but not required,Public,0.0017320302,No
199157,North Carolina Central University,NC,18,0.9049,0.4597,15028,25618,,22000,35967,27466,0.7042,84582,0.6721552485,0.3286619953,14547,City,57501,No,No,0.5664,0.7537,1023,Considered but not required,Public,,No
199184,University of North Carolina School of the Arts,NC,25,0.331,0.7919,12372,25553,,19500,24537,28866,0.7143,77724,0.5207756233,,24878,City,68862,No,No,0.2478,0.881,1250,Considered but not required,Public,,No
199193,North Carolina State University at Raleigh,NC,30,0.3985,0.8464,16931,25613,,17320,57623,49720,0.8723,111906,0.4999182873,0.1929167376,17509,City,64180,No,No,0.191,0.9342,1380,Considered but not required,Public,0.0021245302,No
199209,North Carolina Wesleyan University,NC,18,0.7795,0.4043,18165,48263,,19531,38939,,0.3841,58986,0.605680317,0.4677060134,6454,City,57249,No,No,0.4692,0.6545,,Neither required nor recommended,"Private, nonprofit",,No
199218,University of North Carolina Wilmington,NC,26,0.7401,0.7073,19472,25913,,15178,46972,36675,0.7113,87318,0.6308737498,0.2589784517,10355,City,62176,No,No,0.2381,0.8502,1262,Considered but not required,Public,0.0071711644,No
199272,William Peace University,NC,24,0.9736,0.4433,21728,49103,,15145,39738,28620,0.4783,58374,0.6039933444,0.2936802974,5676,City,63605,No,No,0.345,0.6103,1198,Considered but not required,"Private, nonprofit",,No
199281,University of North Carolina at Pembroke,NC,19,0.9236,0.4452,9918,16854,,15500,37126,26013,0.7235,76113,0.606557377,0.3656313302,7500,Town,49520,No,No,0.4763,0.7086,,Considered but not required,Public,0.0030931024,No
199306,Pfeiffer University,NC,22,0.953,0.426,21953,46700,,15500,44621,,0.4397,66681,0.5373737374,0.3333333333,12221,Rural,62403,No,No,0.5564,0.6768,,Neither required nor recommended,"Private, nonprofit",,No
199412,Queens University of Charlotte,NC,24,0.6768,0.6588,27786,56944,,19500,48170,39526,0.4642,77382,0.7336182336,0.2190332326,10641,City,69597,No,No,0.2172,0.7584,1223,Considered but not required,"Private, nonprofit",,No
199458,Mid-Atlantic Christian University,NC,18,0.7621,0.4259,25876,31429,,9500,29887,,0.3784,42696,0.5514705882,0.3504273504,9732,Town,56960,No,No,0.4662,0.4762,,Considered but not required,"Private, nonprofit",,No
199582,Saint Augustine's University,NC,,0.5873,0.3323,17740,30324,,12750,26999,,0.5042,56160,0.435483871,0.3453689168,7433,City,57856,No,No,0.5244,0.5346,,Neither required nor recommended,"Private, nonprofit",,No
199607,Salem College,NC,19,0.8703,0.5625,18835,47947,,19500,38496,26055,0.4316,60993,,0.3273137698,13091,City,59058,No,No,0.4876,0.6667,1168,Considered but not required,"Private, nonprofit",,Yes
199643,Shaw University,NC,,0.3048,0.2025,14083,29659,,19000,26148,23742,0.4773,46125,0.5648795649,0.4005474453,7396,City,53196,No,No,0.6515,0.5596,,Neither required nor recommended,"Private, nonprofit",,No
199698,St. Andrews University,NC,,,0.2713,33756,49709,,8750,37691,29140,0.5735,45279,0.3461988304,0.3668341709,7022,Town,55372,Yes,No,0.4769,0.5116,,,"Private, nonprofit",,No
199759,Southeastern Baptist Theological Seminary,NC,,0.7661,0.4643,6608,20909,,,,,0.5,71802,,,5500,Suburb,,No,No,0.1826,0.8182,1090,Considered but not required,"Private, nonprofit",,No
199847,Wake Forest University,NC,,0.21560000000000001,0.9087,28746,82818,,19500,67722,59782,0.7563,111312,0.5077720207,0.1196808511,32774,City,80539,No,No,0.0949,0.9467,1469,Considered but not required,"Private, nonprofit",,No
199865,Warren Wilson College,NC,27,0.7762,0.4315,23719,53576,,9500,27723,24387,0.6495,56061,0.6433121019,0.2040133779,12478,Rural,70885,No,No,0.3707,0.7031,1290,Considered but not required,"Private, nonprofit",,No
199883,Watts College of Nursing,NC,,,,,,,,,,1,64971,,,13546,City,71017,,No,0.2454,,,,"Private, nonprofit",,No
199962,Wingate University,NC,,0.8499,0.4678,21371,57780,,12000,43992,25183,1,72414,0.6455026455,0.2878645343,9406,Suburb,65044,No,No,0.4143,0.6735,1083,Considered but not required,"Private, nonprofit",,No
199971,Carolina Christian College,NC,,,0,11448,18252,,10000,,,,20628,,,2591,City,48527,Yes,No,1,0.1667,,,"Private, nonprofit",,No
199999,Winston-Salem State University,NC,17,0.6855,0.4855,13393,22345,,18447,40557,34810,0.6514,82476,0.7022431259,0.3535598706,9612,City,54716,No,No,0.6149,0.7479,946,Considered but not required,Public,,No
200004,Western Carolina University,NC,22,0.8666,0.5908,12579,19057,,15348,43085,27121,0.7463,78498,0.5731678205,0.329004329,8463,Town,56230,No,No,0.3285,0.7554,1151,Considered but not required,Public,0.0023872046,No
200013,Rasmussen University-North Dakota,ND,,,0.5789,18227,24675,0.002715030408,13000,41436,33857,0.1129,58707,0.814446146,0.4757427831,4871,City,66941,Yes,No,0.4614,,,,"Private, for-profit",0.0124042879,No
200022,Bismarck State College,ND,,,0.4803,10725,15274,,6750,50401,39335,0.8545,63279,0.4491574666,0.272327044,8867,City,50242,Yes,No,0.1403,0.7072,,,Public,,No
200059,Dickinson State University,ND,19,0.6005,0.4339,15270,20155,,11960,48628,29517,0.4,66231,0.5850340136,0.3053016453,10794,Town,46555,No,No,0.2176,0.6043,,Neither required nor recommended,Public,,No
200086,Nueta Hidatsa Sahnish College,ND,,,0.1707,3669,10361,,,,,0.9667,49968,,,10807,Rural,37411,Yes,No,0.3081,,,,Public,,No
200156,University of Jamestown,ND,21,0.9351,0.4402,20318,36960,,15897,51151,,1,63171,0.4954751131,0.2822966507,9653,Town,51493,No,No,0.2607,0.6445,,Neither required nor recommended,"Private, nonprofit",,No
200217,University of Mary,ND,,0.7825,0.6819,18568,32879,,18750,50191,26481,0.6161,75591,0.6509528586,0.1786833856,8549,Rural,50623,No,No,0.178,0.8271,,Neither required nor recommended,"Private, nonprofit",,No
200226,Mayville State University,ND,20,,0.4032,14454,21042,,12268,43597,,0.9773,55278,0.5759259259,0.3016194332,8329,Rural,51474,Yes,No,0.2442,0.6729,,,Public,,No
200253,Minot State University,ND,20,0.7221,0.4776,12514,18141,,11980,46214,28770,0.613,71181,0.6205450734,0.3471741638,8729,City,47057,No,No,0.2411,0.7159,1084,Considered but not required,Public,,No
200280,University of North Dakota,ND,23,0.7709,0.6333,18998,24580,,15238,54588,33294,0.9165,88515,0.4770762379,0.191217343,17940,City,56722,No,No,0.1648,0.8296,,Neither required nor recommended,Public,0.0028818444,No
200332,North Dakota State University-Main Campus,ND,23,0.9581,0.6372,16334,23391,,16750,54312,29558,0.9733,93033,0.4788853162,0.1727807971,11717,City,55831,No,No,0.1872,0.769,1120,Considered but not required,Public,0.0032154341,No
200466,Sitting Bull College,ND,,,0.2388,3455,9847,,,23563,,0.7297,60741,0.6333333333,0.3851351351,14862,Rural,33004,Yes,No,0.6883,,,,Public,,No
200484,Trinity Bible College and Graduate School,ND,,0.3622,0.3878,20396,29953,,16043,29234,,1,41724,0.4135338346,0.3193277311,8495,Rural,50788,No,No,0.5,0.7241,1120,Considered but not required,"Private, nonprofit",,No
200527,Turtle Mountain Community College,ND,,,0.5447,3474,14760,,,30931,,0.7115,68175,0.5545977011,0.3467153285,11289,Rural,34450,Yes,No,0.5826,1,,,"Private, nonprofit",,No
200554,United Tribes Technical College,ND,,,0.3377,2010,12498,,,21254,22555,0.6667,53523,0.5885558583,0.3468013468,8861,Suburb,41276,Yes,No,0.751,,,,"Private, nonprofit",,No
200572,Valley City State University,ND,20,0.6931,0.4813,13613,20713,,11761,45820,22809,0.4717,60120,0.5350877193,0.2624768946,13669,Town,48927,No,No,0.1729,0.6595,1090,Considered but not required,Public,,No
200697,Air Force Institute of Technology-Graduate School of Engineering & Management,OH,,,,,,,,,,,,,,,Suburb,,,No,,,,,Public,,No
200785,Herzing University-Akron,OH,,0.9403,0.2121,20320,26588,0.003789792825,11756,35295,31369,0.1429,59301,0.8135465189,0.5209032652,5366,Suburb,60281,No,No,0.7832,0.5,,Neither required nor recommended,"Private, nonprofit",0.0093163792,No
200800,University of Akron Main Campus,OH,,0.7091,0.4818,14981,24555,,15250,42269,33616,0.3931,90117,0.5014330558,0.3636497859,9331,City,58778,No,No,0.2886,0.7301,1088,Considered but not required,Public,0.0045038897,No
200873,Allegheny Wesleyan College,OH,,,0.4,6740,13885,,,21079,,0.2727,23031,0.59375,,7902,Rural,49689,Yes,No,0.4535,0.5714,,,"Private, nonprofit",,No
201061,Art Academy of Cincinnati,OH,,0.3314,0.4444,38041,48176,,11750,27483,,0.2444,50157,0.7446808511,0.3076923077,3396,City,69050,No,No,0.4803,0.6235,,Considered but not required,"Private, nonprofit",,No
201104,Ashland University,OH,23,0.8057,0.6059,21994,40519,,20000,47722,26535,0.3697,66969,0.4403549129,0.4089443997,12180,Town,64491,No,No,0.276,0.7222,1119,Considered but not required,"Private, nonprofit",0.0414065067,No
201140,Athenaeum of Ohio,OH,,,,,,,,,,1,67185,,,17968,City,,Yes,No,0,,,,"Private, nonprofit",,No
201177,Aultman College of Nursing and Health Sciences,OH,21,0.4127,0.5185,21873,27792,,13531,50096,,0.3171,62874,0.9016393443,0.5240174672,10024,City,56996,No,No,0.372,0.6071,1020,Required,"Private, nonprofit",,No
201195,Baldwin Wallace University,OH,24,0.7685,0.6861,27654,54200,,24250,44972,29252,0.5067,76599,0.5390070922,0.3180887372,16054,Suburb,66257,No,No,0.285,0.8489,1176,Considered but not required,"Private, nonprofit",,No
201371,Bluffton University,OH,,0.6116,0.4952,17430,50579,,19500,41940,,0.5366,36864,0.4675324675,0.3272311213,9788,Rural,59827,No,No,0.3735,0.6728,1020,Considered but not required,"Private, nonprofit",,No
201432,Bowling Green State University-Firelands,OH,,,0.1016,17791,21387,,17500,41281,30161,0.365,71280,0.6013106861,0.3032948465,6121,Rural,63749,Yes,No,0.2618,0.5616,,,Public,0.0028086131,No
201441,Bowling Green State University-Main Campus,OH,23,0.8061,0.6277,20918,29238,,17500,41281,30161,0.7027,92331,0.6013106861,0.3032948465,11393,Town,63749,No,No,0.227,0.799,1118,Considered but not required,Public,0.0028086131,No
201469,Bryant & Stratton College-Parma,OH,,,0.2069,14325,23695,0.004953560372,9500,27873,23903,0.3204,51201,0.8171590332,0.5378553335,8935,Suburb,48773,Yes,No,0.6827,0,,,"Private, nonprofit",0.0111780504,No
201548,Capital University,OH,23,0.7317,0.6554,23585,54086,,20927,45767,29373,0.4506,76761,0.6257022472,0.275147929,11912,Suburb,64246,No,No,0.3101,0.7355,1118,Considered but not required,"Private, nonprofit",,No
201645,Case Western Reserve University,OH,34,0.2868,0.8695,38909,81533,,21488,75613,50248,0.7619,120330,0.472095151,0.1085126286,33873,City,69873,No,No,0.1708,0.9201,1501,Considered but not required,"Private, nonprofit",,No
201654,Cedarville University,OH,26,0.6282,0.7431,25022,46994,,17500,47937,30601,0.5878,76734,0.5336832896,0.1265597148,9856,Rural,67472,No,No,0.154,0.8505,1246,Considered but not required,"Private, nonprofit",,No
201690,Central State University,OH,16,0.46,0.2557,16544,22435,,13740,27173,21631,1,68175,0.5495495495,0.4003590664,3090,Rural,48898,No,No,0.4218,0.5119,,Neither required nor recommended,Public,,No
201821,The Christ College of Nursing and Health Sciences,OH,20,0.5018,0.6,19462,28126,,19500,64942,,0.64,65142,0.9194630872,0.3959899749,6700,City,61986,No,No,0.343,0.5977,972,Considered but not required,"Private, nonprofit",,No
201867,Cincinnati College of Mortuary Science,OH,,,,,,,15000,50028,,,52452,0.6666666667,,9256,Suburb,54707,,No,0.2418,,,,"Private, nonprofit",,No
201885,University of Cincinnati-Main Campus,OH,27,0.8767,0.7155,23156,28783,0.002318034307,12000,48310,39217,0.5817,100710,0.5598467922,0.3097519247,12389,City,64722,No,No,0.1761,0.8574,1281,Considered but not required,Public,0.0053463134,No
201928,Cincinnati State Technical and Community College,OH,,,0.2043,7113,13830,0.004759844223,7966,35314,26963,1,74781,0.5860969388,0.4643213573,6966,City,56211,Yes,No,0.3007,0.625,,,Public,0.0263605442,No
201946,University of Cincinnati-Clermont College,OH,,,0.246,9457,14280,0.002318034307,12000,48310,39217,0.2566,87597,0.5598467922,0.3097519247,5045,Suburb,64722,Yes,No,0.1126,,,,Public,0.0053463134,No
201955,University of Cincinnati-Blue Ash College,OH,,,0.1514,9219,13881,0.002318034307,12000,48310,39217,0.5462,83520,0.5598467922,0.3097519247,7707,Suburb,64722,Yes,No,0.2219,,,,Public,0.0053463134,No
201964,Ohio Christian University,OH,,0.399,0.3571,21607,33472,0.006277463905,21250,34457,31629,1,26100,0.6382978723,0.5474074074,5319,Rural,54881,No,No,0.3384,0.505,910,Considered but not required,"Private, nonprofit",0.0124620061,No
201973,Clark State College,OH,,,0.2465,8615,13395,,6899,32341,24305,0.273,56862,0.6685679976,0.5274801244,5223,City,55115,Yes,No,0.3608,0.5,,,Public,0.028519964,No
202046,Cleveland Institute of Art,OH,23,0.5628,0.6753,41480,62966,,26500,33148,24215,0.4679,65358,0.6557377049,0.2671232877,14087,City,66493,No,No,0.3784,0.8636,1156,Considered but not required,"Private, nonprofit",,No
202073,Cleveland Institute of Music,OH,,0.3818,0.6852,32623,58843,,18500,20170,,0.422,65214,0.4406779661,,31604,City,78065,No,No,0.1457,0.9756,,Neither required nor recommended,"Private, nonprofit",,No
202134,Cleveland State University,OH,23,0.9548,0.4891,16065,26310,,15333,44625,30990,0.5271,91800,0.5893367185,0.3837554585,13064,City,57782,No,No,0.3901,0.6908,980,Considered but not required,Public,0.0084100286,No
202170,Columbus College of Art & Design,OH,,0.7174,0.6133,30139,52581,,20500,30590,,0.3448,51678,0.7,0.2456140351,12435,City,65843,No,No,0.3975,0.7333,,Neither required nor recommended,"Private, nonprofit",,No
202480,University of Dayton,OH,26,0.6165,0.8152,31236,64310,,19500,62477,30853,0.6941,85329,0.5198164372,0.1024121879,12851,City,75690,No,No,0.1552,0.8875,1313,Considered but not required,"Private, nonprofit",,No
202514,Defiance College,OH,20,0.4243,0.3667,23722,49447,,11000,39303,23204,0.5821,60480,0.4285714286,0.3553719008,10188,Town,61079,No,No,0.4795,0.6143,,Neither required nor recommended,"Private, nonprofit",,No
202523,Denison University,OH,30,0.1693,0.8006,38111,76900,,21250,51352,41756,0.9247,97623,0.5775316456,0.1712328767,24645,Suburb,76349,No,No,0.128,0.8873,1395,Considered but not required,"Private, nonprofit",,No
202763,The University of Findlay,OH,23,0.8633,0.6263,23731,52096,,19500,49757,34151,0.5704,68274,0.680155642,0.2931174089,10913,Town,61890,No,No,0.1386,0.7196,,Neither required nor recommended,"Private, nonprofit",,No
202806,Franklin University,OH,,,0.3025,22605,29433,,14238,49189,37279,0.0633,90549,0.6106304079,0.503413746,2974,City,59424,Yes,No,0.3343,0.4737,,,"Private, nonprofit",0.0370828183,No
202903,Gods Bible School and College,OH,,0.6403,0.5,3138,16574,,5500,29555,,0.3333,10125,0.5545454545,0.35,11170,City,53235,No,No,0.2339,0.8462,,Considered but not required,"Private, nonprofit",,No
202912,Good Samaritan College of Nursing and Health Science,OH,21,0.1693,0.75,22626,26345,,16013,61177,,0.6286,66636,0.9094488189,0.4568965517,11423,City,64113,No,No,0.4324,,,Considered but not required,"Private, nonprofit",,No
203067,Hebrew Union College-Jewish Institute of Religion,NY,,,,,,,,,,1,46161,,,51181,City,,,No,,,,,"Private, nonprofit",,No
203085,Heidelberg University,OH,22,0.6773,0.4984,21662,46640,,20500,41440,,0.5253,60678,0.4256965944,0.3218390805,8546,Town,61648,No,No,0.2851,0.775,,Neither required nor recommended,"Private, nonprofit",,No
203128,Hiram College,OH,,0.9339,0.5914,20088,38952,,19500,40270,37517,1,60939,0.4861660079,0.3757961783,12261,Rural,63946,No,No,0.3194,0.6545,,Neither required nor recommended,"Private, nonprofit",,No
203368,John Carroll University,OH,27,0.811,0.7649,28617,62943,,21500,53187,,1,91620,0.4663299663,0.1859861592,15060,Suburb,68368,No,No,0.1978,0.8534,1295,Considered but not required,"Private, nonprofit",,No
203447,Kent State University at Ashtabula,OH,,,0.2584,10753,15897,0.001901657158,17500,40179,27442,0.4205,71442,0.6364963504,0.3594029851,11780,Town,59479,Yes,No,0.3444,0.2857,,,Public,0.0055613486,No
203465,Kent State University at Stark,OH,,,0.3726,11310,15418,0.001901657158,17500,40179,27442,0.5027,79335,0.6364963504,0.3594029851,9518,Suburb,59479,Yes,No,0.2903,0.5313,,,Public,0.0055613486,No
203474,Kent State University at Trumbull,OH,,,0.2677,10679,16159,0.001901657158,17500,40179,27442,0.7,78750,0.6364963504,0.3594029851,10605,Rural,59479,Yes,No,0.3654,0.5088,,,Public,0.0055613486,No
203483,Kent State University at Tuscarawas,OH,,,0.371,11480,16391,0.001901657158,17500,40179,27442,0.4237,71298,0.6364963504,0.3594029851,9997,Town,59479,Yes,No,0.3077,0.5962,,,Public,0.0055613486,No
203492,Kent State University at Salem,OH,,,0.2819,11593,15357,0.001901657158,17500,40179,27442,0.4559,68382,0.6364963504,0.3594029851,9845,Rural,59479,Yes,No,0.3109,0.6078,,,Public,0.0055613486,No
203517,Kent State University at Kent,OH,22,0.8665,0.6545,19614,29345,0.001901657158,17500,40179,27442,0.5761,92790,0.6364963504,0.3594029851,10282,Suburb,59479,No,No,0.2737,0.7879,1095,Considered but not required,Public,0.0055613486,No
203526,Kent State University at Geauga,OH,,,0.2593,10964,15225,0.001901657158,17500,40179,27442,0.3778,67140,0.6364963504,0.3594029851,9138,Rural,59479,Yes,No,0.2669,0.3421,,,Public,0.0055613486,No
203535,Kenyon College,OH,33,0.3071,0.8675,29383,83800,,15000,46627,,0.9827,87507,0.5280898876,,23320,Rural,77995,No,No,0.1008,0.9134,1440,Considered but not required,"Private, nonprofit",,No
203544,Kettering College,OH,20,0.8286,0.65,15156,26365,,19456,60692,,0.6465,70434,0.8913738019,0.4026845638,9822,City,63286,No,No,0.2419,0.8052,1120,Considered but not required,"Private, nonprofit",,No
203580,Lake Erie College,OH,20,0.6412,0.4194,21296,48278,,13875,43959,26511,0.5321,50040,0.4422222222,0.327014218,7412,Suburb,63624,No,No,0.29,0.6592,1114,Considered but not required,"Private, nonprofit",,No
203748,Lorain County Community College,OH,,,0.3272,4598,9915,,8917,33660,24827,1,71613,0.6067869647,0.5126231527,9247,Suburb,61239,Yes,No,0.2691,,,,Public,0.0142741718,No
203757,Lourdes University,OH,20,0.741,0.381,21596,42796,,19000,40158,,1,54009,0.6127819549,0.3360488798,9616,Suburb,59351,No,No,0.2728,0.6369,,Neither required nor recommended,"Private, nonprofit",,No
203775,Malone University,OH,21,0.7558,0.5134,22881,48017,,20515,43056,37363,0.3724,62010,0.5685210312,0.3270893372,8784,City,58701,No,No,0.3052,0.7177,1089,Considered but not required,"Private, nonprofit",,No
203845,Marietta College,OH,21,0.7862,0.5809,18372,52360,,12000,51252,43457,0.9903,69255,0.3816091954,0.2596153846,17818,Town,58715,No,No,0.2714,0.7344,1103,Considered but not required,"Private, nonprofit",,No
203960,Mercy College of Ohio,OH,19,0.4276,0.4464,15709,26491,,15084,61877,33215,0.3295,64512,0.8628762542,0.4932680539,9914,City,58075,No,No,0.3643,0.8571,961,Considered but not required,"Private, nonprofit",,No
203997,Methodist Theological School in Ohio,OH,,,,,,,,,,0.8,70704,,,15787,Suburb,,,No,,,,,"Private, nonprofit",,No
204006,Miami University-Hamilton,OH,,,0.2159,13346,16692,,16000,49773,36266,1,73494,0.541991342,0.2286336418,8792,Suburb,72182,Yes,No,0.3025,0.5289,,,Public,0.0038095238,No
204015,Miami University-Middletown,OH,,,0.2454,13824,16559,,16000,49773,36266,1,68733,0.541991342,0.2286336418,7644,Suburb,72182,Yes,No,0.2325,0.6235,,,Public,0.0038095238,No
204024,Miami University-Oxford,OH,27,0.8209,0.8184,27662,37218,,16000,49773,36266,1,97020,0.541991342,0.2286336418,11123,Town,72182,No,No,0.1129,0.8952,1313,Considered but not required,Public,0.0038095238,No
204176,Mount Carmel College of Nursing,OH,19,0.5739,0.7089,12939,19807,,21000,68161,32589,0.8873,75960,0.8932714617,0.39408867,10879,City,68565,No,No,0.3041,0.8333,1020,Considered but not required,"Private, nonprofit",,No
204185,University of Mount Union,OH,22,0.801,0.6487,22539,46890,,20500,45919,,0.9925,68958,0.4532304725,0.2249240122,10222,Town,61044,No,No,0.2871,0.7091,1227,Considered but not required,"Private, nonprofit",,No
204194,Mount Vernon Nazarene University,OH,22,0.843,0.6364,21812,48975,,19565,43046,29878,0.9259,58059,0.64453524,0.3759398496,7706,Town,60597,No,No,0.2893,0.7986,1119,Considered but not required,"Private, nonprofit",0.0102145046,No
204200,Mount St. Joseph University,OH,24,0.5652,0.5471,16135,43932,,18837,43595,23702,0.9636,72207,0.5670816044,0.3781388479,11154,Suburb,64120,No,No,0.2734,0.7601,1068,Considered but not required,"Private, nonprofit",,No
204255,Zane State College,OH,,,0.5297,7423,12790,,3995,32808,27630,0.381,54009,0.5752855659,0.4825253664,6237,Town,46664,Yes,No,0.1837,,,,Public,0.0176531672,No
204264,Muskingum University,OH,,0.8166,0.5273,20204,44615,,16750,40536,23920,1,67842,0.5278106509,0.3565107459,9858,Rural,57566,No,No,0.4111,0.6893,1016,Considered but not required,"Private, nonprofit",,No
204422,North Central State College,OH,,,0.3418,4304,9278,,4500,34892,27850,1,49095,0.6188380282,0.4966118103,4945,Rural,52059,Yes,No,0.2394,0.9167,,,Public,0.011443662,No
204468,Notre Dame College,OH,19,0.8035,0.3663,20477,46641,,15750,39597,29331,0.3778,43533,0.5147368421,0.3291713961,,Suburb,60228,No,No,0.389,0.693,,Neither required nor recommended,"Private, nonprofit",,No
204477,Northeast Ohio Medical University,OH,,,,,,,,,,0.7059,101412,,,25468,Suburb,67612,,No,,,,,Public,,No
204486,University of Northwestern Ohio,OH,,,0.5415,20609,24568,,12000,45639,23501,1,50085,0.2002881844,0.4414168937,4947,Suburb,58329,Yes,No,0.3207,0.616,,,"Private, nonprofit",0.0054034582,No
204501,Oberlin College,OH,32,0.3298,0.7948,39184,84230,,19500,38871,44696,0.7285,101349,0.5568,0.0886699507,25667,Town,76190,No,No,0.0884,0.8878,1440,Considered but not required,"Private, nonprofit",,No
204617,Ohio Dominican University,OH,,0.8525,0.479,19476,45660,,16557,43933,31361,0.9394,69606,0.538573508,0.3791469194,8129,City,65362,No,No,0.3901,0.5981,1150,Considered but not required,"Private, nonprofit",,No
204635,Ohio Northern University,OH,25,0.7335,0.7418,25727,52484,,24250,62686,32702,0.7809,81819,0.415625,0.2356756757,14754,Town,63536,No,No,0.1896,0.8754,1290,Considered but not required,"Private, nonprofit",,No
204671,Ohio State University-Lima Campus,OH,,,0.181,12458,18404,0.001766589378,14500,51438,46078,0.3611,92133,0.5203439089,0.2622386537,12494,Rural,65208,Yes,No,0.3117,0.4335,,,Public,0.0047226931,No
204680,Ohio State University-Mansfield Campus,OH,,,0.1406,16512,22206,0.001766589378,14500,51438,46078,0.3544,88245,0.5203439089,0.2622386537,12397,Rural,65208,Yes,No,0.3132,0.3129,,,Public,0.0047226931,No
204699,Ohio State University-Marion Campus,OH,,,0.2566,11800,18369,0.001766589378,14500,51438,46078,0.4598,94401,0.5203439089,0.2622386537,12238,Town,65208,Yes,No,0.2578,0.4901,,,Public,0.0047226931,No
204705,Ohio State University-Newark Campus,OH,,,0.3088,14814,20875,0.001766589378,14500,51438,46078,0.3542,100404,0.5203439089,0.2622386537,7840,Suburb,65208,Yes,No,0.3411,0.2636,,,Public,0.0047226931,No
204796,Ohio State University-Main Campus,OH,29,0.5082,0.8773,18292,29320,0.001766589378,14500,51438,46078,0.618,124686,0.5203439089,0.2622386537,22568,City,65208,No,No,0.1945,0.9412,1407,Considered but not required,Public,0.0047226931,No
204802,Ohio University-Eastern Campus,OH,,,0.2,4503,10263,,15332,48991,35322,0.5938,72846,0.634900623,0.3386957545,7611,Rural,59563,Yes,No,0.0919,0.6548,,,Public,0.0065262533,No
204820,Ohio University-Chillicothe Campus,OH,,,0.1213,6483,10876,,15332,48991,35322,0.4267,71262,0.634900623,0.3386957545,7337,Town,59563,Yes,No,0.1618,0.6404,,,Public,0.0065262533,No
204839,Ohio University-Southern Campus,OH,,,0.1929,5328,10397,,15332,48991,35322,0.4828,72540,0.634900623,0.3386957545,6707,Suburb,59563,Yes,No,0.1226,0.6262,,,Public,0.0065262533,No
204848,Ohio University-Lancaster Campus,OH,,,0.1371,6133,10267,,15332,48991,35322,0.5085,76428,0.634900623,0.3386957545,6946,Rural,59563,Yes,No,0.0948,0.6376,,,Public,0.0065262533,No
204857,Ohio University-Main Campus,OH,25,0.8476,0.6644,20413,28529,,15332,48991,35322,0.7441,86175,0.634900623,0.3386957545,10802,Town,59563,No,No,0.2037,0.8247,1212,Considered but not required,Public,0.0065262533,No
204866,Ohio University-Zanesville Campus,OH,,,0.177,5971,10960,,15332,48991,35322,0.4848,76896,0.634900623,0.3386957545,7686,Town,59563,Yes,No,0.1045,0.6905,,,Public,0.0065262533,No
204909,Ohio Wesleyan University,OH,25,0.5067,0.6174,21619,66399,,21500,42495,,0.5872,79056,0.4906743185,0.2150537634,13558,Suburb,77246,No,No,0.2461,0.8426,1311,Considered but not required,"Private, nonprofit",,No
204936,Otterbein University,OH,23,0.833,0.6895,22140,47865,,20500,44539,,0.4313,75051,0.59375,0.2612440191,11918,Suburb,67882,No,No,0.2908,0.8242,1220,Considered but not required,"Private, nonprofit",,No
204990,Payne Theological Seminary,OH,,,,,,,,,,1,44802,,,6611,Rural,,,No,,,,,"Private, nonprofit",,No
205027,Pontifical College Josephinum,OH,,0.8333,0.2727,,,,,,,1,48159,,,31414,City,56364,No,No,0.0882,1,,Considered but not required,"Private, nonprofit",,No
205124,Rabbinical College Telshe,OH,,0.8056,0.5333,8603,21900,,,,,0.7143,37971,,,14783,Suburb,60972,No,No,0.3636,0.8846,,Neither required nor recommended,"Private, nonprofit",,No
205203,University of Rio Grande,OH,,,0.3216,29541,33032,,11750,34323,25861,0.3607,57924,0.6579163249,0.5242451967,5646,Rural,43944,Yes,No,0.3585,0.6404,,,"Private, nonprofit",,No
205391,The Modern College of Design,OH,,0.9183,0.6195,34709,45336,,12000,36074,,0.3611,55026,0.6934673367,0.3641304348,11859,City,60638,No,No,0.4719,,,Neither required nor recommended,"Private, for-profit",,No
205443,Shawnee State University,OH,,,0.4298,15389,22190,,12885,35080,24803,0.4,66024,0.5309303458,0.4326872708,7594,Town,43961,Yes,No,0.351,0.7108,,,Public,0.007793473,No
205470,Sinclair Community College,OH,,,0.3186,5741,10381,0.004010379807,5500,33821,26950,0.3343,74835,0.6014527268,0.4523201076,6747,City,56487,Yes,No,0.2661,1,,,Public,0.0109549893,No
205957,Franciscan University of Steubenville,OH,25,0.7223,0.7709,23987,42955,,18590,42037,32915,1,78786,0.5899014778,0.1091370558,7199,City,66586,No,No,0.2101,0.8787,1218,Considered but not required,"Private, nonprofit",,No
206048,Tiffin University,OH,,0.7977,0.4295,23758,45150,,15795,42475,30990,1,63090,0.5100563154,0.384279476,4853,Town,59678,No,No,0.3553,0.6028,989,Considered but not required,"Private, nonprofit",,No
206084,University of Toledo,OH,25,0.9483,0.5563,17460,26190,,14750,44162,32974,0.7346,91242,0.5252525253,0.3344627299,17183,City,60626,No,No,0.257,0.7588,1209,Considered but not required,Public,0.0058796924,No
206288,United Theological Seminary,OH,,,,,,,,,,0.6522,68157,,,5548,Suburb,,,No,,,,,"Private, nonprofit",,No
206349,Ursuline College,OH,23,0.8401,0.5325,18027,49537,,21938,45646,27767,0.392,55422,0.936,0.3440233236,13997,Suburb,60856,No,No,0.3904,0.729,1140,Considered but not required,"Private, nonprofit",,No
206394,The North Coast College,OH,,,,,,,24225,27132,,,,0.7927927928,0.5,,Suburb,62859,No,No,,,,,"Private, for-profit",,No
206437,Walsh University,OH,23,0.7818,0.6169,20004,45817,,20000,50090,30558,0.9901,51309,0.612244898,0.3418259023,7381,Suburb,58552,No,No,0.233,0.7294,1210,Considered but not required,"Private, nonprofit",,No
206491,Wilberforce University,OH,18,0.5273,0.1597,7349,23450,,12000,35146,,0.6333,55737,0.5630550622,0.4649681529,11941,Rural,51716,No,No,0.7436,0.6959,980,Considered but not required,"Private, nonprofit",,No
206507,Wilmington College,OH,20,0.846,0.5508,22872,41751,,14782,41889,,0.5888,56745,0.5639204545,0.3507462687,5618,Town,60793,No,No,0.3734,0.6845,1042,Considered but not required,"Private, nonprofit",,No
206516,Winebrenner Theological Seminary,OH,,,,,,,,,,,42534,,,4727,Town,,,No,,,,,"Private, nonprofit",,No
206525,Wittenberg University,OH,23,0.9104,0.5382,19470,56353,,23252,42437,,0.7325,71748,0.5223404255,0.2356902357,13534,City,69671,No,No,0.2941,0.7358,1153,Considered but not required,"Private, nonprofit",,No
206589,The College of Wooster,OH,29,0.5432,0.7356,25766,73075,,21115,43895,,0.8036,77562,0.506557377,0.1433389545,17757,Town,69911,No,No,0.1952,0.8131,1370,Considered but not required,"Private, nonprofit",,No
206604,Wright State University-Main Campus,OH,21,0.9515,0.4586,15216,23255,,15854,42229,30294,0.5627,87849,0.5595056712,0.3512629475,12598,Suburb,61970,No,No,0.3276,0.6264,1086,Considered but not required,Public,0.0035551041,No
206613,Wright State University-Lake Campus,OH,21,,0.4247,12603,17116,,15854,42229,30294,0.5682,90045,0.5595056712,0.3512629475,5276,Rural,61970,Yes,No,0.1584,0.6482,,,Public,0.0035551041,No
206622,Xavier University,OH,25,0.8773,0.705,32342,62293,,18750,54758,41511,0.5609,81693,0.5684210526,0.1603348358,13212,City,68472,No,No,0.1449,0.8276,1224,Considered but not required,"Private, nonprofit",,No
206695,Youngstown State University,OH,21,0.8032,0.5291,11877,20028,,15750,37590,28609,1,75132,0.5504444444,0.3843734881,7974,City,51307,No,No,0.3319,0.7689,1055,Considered but not required,Public,0.0048888889,No
206817,Bacone College,OK,16,,0.0239,12197,30407,,12832,31143,,1,58158,0.334519573,0.4520547945,4350,Town,44521,Yes,No,0.5296,0.3077,,,"Private, nonprofit",,No
206835,Oklahoma Wesleyan University,OK,20,0.7703,0.2843,26827,43617,,16679,55700,40524,0.3,53370,0.573257468,0.4082568807,6894,Town,51169,No,No,0.3934,0.4899,,Neither required nor recommended,"Private, nonprofit",,No
206862,Southern Nazarene University,OK,,,0.4879,17838,41972,,17337,48255,35945,0.5038,57537,0.5496342738,0.3804713805,8744,Suburb,57571,Yes,No,0.4544,0.9167,,,"Private, nonprofit",,No
206914,Cameron University,OK,,,0.2154,10705,18742,,11000,33447,24529,0.5308,65520,0.6419947507,0.469858156,9477,City,45647,Yes,No,0.4124,0.6631,,,Public,0.011023622,No
206941,University of Central Oklahoma,OK,21,0.8176,0.375,18990,25913,,13000,43074,27080,1,72162,0.6142122984,0.3719072667,10987,Suburb,54764,No,No,0.3546,0.655,1050,Required,Public,0.0072656388,No
207041,East Central University,OK,20,0.6555,0.3274,9287,17559,,11250,40677,35047,1,57447,0.5875743556,0.4641319943,6427,Town,40365,No,No,0.3982,0.5677,1019,Considered but not required,Public,,No
207157,Randall University,OK,18,0.4481,0.2055,16474,28287,,13250,41012,29569,0.3276,35847,0.4369747899,0.4020100503,4189,Suburb,51563,No,No,0.3941,0.5714,1020,Considered but not required,"Private, nonprofit",,No
207209,Langston University,OK,,,0.175,11359,21012,,11664,29691,31886,0.8194,56178,0.6067961165,0.3640776699,8289,Rural,48169,Yes,No,0.6843,0.5936,,,Public,,No
207254,Spartan College of Aeronautics and Technology,OK,,,0.6047,31544,37463,,14726,44028,32259,,52389,0.1243523316,0.4952681388,8924,City,54936,Yes,No,0.1268,0.7778,,,"Private, for-profit",0.0267702936,No
207263,Northeastern State University,OK,20,0.9921,0.372,11800,19274,,12000,41207,27641,0.7781,72990,0.6183852434,0.418079096,10753,Town,45641,No,No,0.4243,0.6283,1050,Considered but not required,Public,0.0105836105,No
207306,Northwestern Oklahoma State University,OK,20,0.6643,0.3542,11366,20993,,11000,39997,24779,0.5705,63909,0.6063249727,0.430952381,8171,Town,45171,No,No,0.4068,0.6547,1015,Required,Public,,No
207315,Oklahoma State University Center for Health Sciences,OK,,,,,,,,,,,,,,62122,City,56744,,No,,,,,Public,,No
207324,Oklahoma Christian University,OK,23,0.9707,0.5517,21423,38029,,18500,43281,30345,0.2473,64062,0.5221606648,0.1784172662,6777,City,63431,No,No,0.3015,0.773,1117,Considered but not required,"Private, nonprofit",,No
207342,University of Oklahoma-Health Sciences Center,OK,,,,,,,15500,52216,46521,0.6682,84807,0.5573545135,0.2836890989,81197,City,59522,,No,0,,,,Public,0.0050404766,No
207351,Oklahoma Panhandle State University,OK,,,0.2613,7557,14356,,7500,39089,,0.7258,44838,0.4739583333,0.4123314066,6968,Rural,48652,Yes,No,0.4356,0.4713,,,Public,,No
207388,Oklahoma State University-Main Campus,OK,24,0.7093,0.6589,16378,25915,,15500,46855,37374,0.8781,96255,0.5257599543,0.2863196126,10720,Town,55237,No,No,0.2604,0.8387,1145,Considered but not required,Public,0.0044241473,No
207397,Oklahoma State University-Oklahoma City,OK,,,0.1321,5877,12096,,8989,35073,29910,1,60021,0.6322989656,0.4842718447,5846,City,52501,Yes,No,0.3009,,,,Public,0.011011011,No
207403,Oklahoma Baptist University,OK,22,0.5568,0.4973,23880,46950,,15363,42581,,0.6493,63756,0.5714285714,0.2573696145,11441,Town,59289,No,No,0.3068,0.6858,1173,Considered but not required,"Private, nonprofit",,No
207458,Oklahoma City University,OK,25,0.7039,0.6419,21556,46144,,15250,42312,41191,0.5861,68418,0.6931506849,0.2679355783,15679,City,59190,No,No,0.2256,0.83,1150,Considered but not required,"Private, nonprofit",,No
207500,University of Oklahoma-Norman Campus,OK,26,0.7654,0.753,17413,28833,,15500,52216,46521,0.8448,96669,0.5573545135,0.2836890989,14133,Suburb,59522,No,No,0.2376,0.8888,1239,Considered but not required,Public,0.0050404766,No
207564,Oklahoma State University Institute of Technology,OK,,,0.4215,11588,16778,,9000,44523,39167,0.5828,47169,0.3762793498,0.4350433045,8551,Town,43498,Yes,No,0.4005,,,,Public,0.0090307044,No
207582,Oral Roberts University,OK,23,0.986,0.539,23600,47367,,20250,39112,27074,0.4193,68922,0.6058201058,0.309352518,7230,City,63453,No,No,0.3353,0.8143,1183,Considered but not required,"Private, nonprofit",,No
207661,Rogers State University,OK,,,0.2541,13953,21023,,11250,39324,31755,0.5422,56547,0.6272310046,0.425519955,5139,Town,50487,Yes,No,0.3782,0.6445,,,Public,0.010708822,No
207722,University of Science and Arts of Oklahoma,OK,,0.5577,0.3626,8543,21258,,10736,35520,,0.6456,56601,0.7046979866,0.4317617866,9313,Town,46710,No,No,0.4703,0.7103,1143,Considered but not required,Public,,No
207847,Southeastern Oklahoma State University,OK,20,0.8034,0.3333,6352,17393,,10623,40734,28865,1,65475,0.5771626298,0.4446130501,7324,Town,41386,No,No,0.401,0.707,1084,Considered but not required,Public,,No
207856,Southwestern Christian University,OK,,,0.1271,19692,32625,,13000,34574,,0.434,51093,0.5043859649,0.403892944,3172,Suburb,50467,Yes,No,0.4109,0.5,,,"Private, nonprofit",,No
207865,Southwestern Oklahoma State University,OK,20,1,0.3471,14542,22973,,11750,42896,33463,0.9953,70974,0.6013289037,0.4062827225,9870,Town,44610,No,No,0.3846,0.6968,1050,Considered but not required,Public,0.0071191267,No
207971,University of Tulsa,OK,26,0.5799,0.7331,23678,63093,,12500,54779,39205,0.7579,101088,0.4942084942,0.2284946237,17575,City,62928,No,No,0.2614,0.8513,1325,Considered but not required,"Private, nonprofit",,No
208512,Sumner College,OR,,0.8667,0.7895,28309,,,16129,63316,,0.2245,37503,0.85,0.4081632653,3817,City,63634,No,No,0.392,,,Neither required nor recommended,"Private, for-profit",,No
208646,Eastern Oregon University,OR,,0.9876,0.3662,15987,24602,,13500,43034,33709,0.5862,73413,0.5973931933,0.46485623,7972,Town,52895,No,No,0.3598,0.6694,,Neither required nor recommended,Public,0.0072411296,No
208725,New Hope Christian College-Eugene,OR,,0.6563,0.25,20468,27333,,18500,33131,,0.25,,0.4576271186,,17073,City,55765,No,No,0.775,0.6364,,Neither required nor recommended,"Private, nonprofit",,No
208822,George Fox University,OR,23,0.9641,0.6868,29981,55456,,19500,53568,38039,0.341,75105,0.5617623918,0.2756302521,12226,Town,65616,No,No,0.2675,0.7744,1170,Considered but not required,"Private, nonprofit",,No
209056,Lewis & Clark College,OR,30,0.7453,0.7124,36084,76690,,13644,43608,,0.9579,97263,0.6199324324,0.173380035,16321,City,69786,No,No,0.1928,0.8154,1321,Considered but not required,"Private, nonprofit",,No
209065,Linfield University,OR,,0.8793,0.6515,27341,63825,,20500,70643,39429,1,67041,0.7007738607,0.3032258065,13564,Town,64098,No,No,0.2831,0.7889,,Neither required nor recommended,"Private, nonprofit",,No
209241,Mount Angel Seminary,OR,,1,0.3333,,,,,,,0.6667,75177,,,14816,Rural,59323,No,No,0.2121,,,Neither required nor recommended,"Private, nonprofit",,No
209287,Multnomah University,OR,,0.4984,0.5082,23866,41851,,14394,35556,,1,49212,0.5191489362,0.3378995434,5080,City,65799,No,No,0.4735,0.3444,,Considered but not required,"Private, nonprofit",,No
209296,National University of Natural Medicine,OR,,,,,,,15000,,,0.1826,61632,,,17489,City,,,No,0.75,,,,"Private, nonprofit",,No
209409,Bushnell University,OR,18,0.6636,0.6176,23520,45535,,15633,43484,,1,51597,0.6355932203,0.3476923077,6815,City,52696,No,No,0.3438,0.7143,1120,Considered but not required,"Private, nonprofit",,No
209490,Oregon Health & Science University,OR,,,,,,,16625,99818,35340,0.586,114633,0.7667161961,0.3155416013,104910,City,60107,,No,0.2806,,,,Public,,No
209506,Oregon Institute of Technology,OR,25,0.9167,0.5908,16391,26675,,15625,68301,39476,0.9775,74826,0.4947515745,0.3946564885,10330,Town,52974,No,No,0.1922,0.7286,1165,Considered but not required,Public,,No
209542,Oregon State University,OR,25,0.7885,0.7063,19568,29926,,15000,50843,44793,0.7202,102564,0.5083557321,0.31369606,12240,City,60312,No,No,0.2236,0.8747,,Neither required nor recommended,Public,0.0045576721,No
209551,University of Oregon,OR,,0.8511,0.7148,21782,32636,,15000,46084,44770,0.697,108351,0.581754386,0.2844585749,15069,City,62294,No,No,0.2198,0.8495,1257,Considered but not required,Public,0.0022807018,No
209603,Pacific Northwest College of Art,OR,,0.6854,0.4568,40846,67040,,10500,24101,,0.1825,72639,0.7326203209,0.1796407186,17264,City,63108,No,No,0.4415,0.6292,,Neither required nor recommended,"Private, nonprofit",,No
209612,Pacific University,OR,23,0.9176,0.6478,35350,69330,,17036,46936,26734,0.6916,79767,0.6058763931,0.2857142857,13780,Suburb,64591,No,No,0.2672,0.7628,1123,Considered but not required,"Private, nonprofit",,No
209807,Portland State University,OR,21,0.9091,0.5313,12932,22449,,15457,46937,35617,0.5388,101898,0.5823633157,0.391093011,12552,City,62889,No,No,0.3956,0.7472,,Considered but not required,Public,0.0071722516,No
209825,University of Portland,OR,29,0.9539,0.8042,36371,69183,,18500,67913,44143,0.5676,91278,0.6276041667,0.1792792793,17377,City,67900,No,No,0.1858,0.83,1277,Considered but not required,"Private, nonprofit",,No
209922,Reed College,OR,,0.2716,0.7592,39951,83310,,15750,38607,,0.9425,111474,0.5760869565,,27485,City,71777,No,No,0.1228,0.8579,1420,Considered but not required,"Private, nonprofit",,No
210146,Southern Oregon University,OR,22,0.8266,0.4418,16470,25950,,15000,39326,,0.5407,82026,0.6193480547,0.4037692747,10065,Suburb,54749,No,No,0.2434,0.6757,,Neither required nor recommended,Public,,No
210304,Warner Pacific University,OR,,0.5855,0.8209,18818,32975,,20250,45660,33488,0.9706,66033,0.6840336134,0.4658869396,7572,City,63798,No,No,0.464,0.7742,,Neither required nor recommended,"Private, nonprofit",,No
210331,Corban University,OR,24,0.8974,0.6103,25525,50556,,17951,41735,26129,0.4206,60129,0.624535316,0.2252427184,4462,City,61069,No,No,0.281,0.8151,,Neither required nor recommended,"Private, nonprofit",,No
210368,Western Seminary,OR,,,,,,,,,,0.2738,60471,,,12091,City,,,No,,,,,"Private, nonprofit",,No
210401,Willamette University,OR,,0.7911,0.7273,23663,62112,,18913,38932,32677,0.6667,98226,0.5696784074,0.192,16259,City,68135,No,No,0.218,0.8642,1339,Considered but not required,"Private, nonprofit",,No
210429,Western Oregon University,OR,,0.9869,0.4483,18290,23975,,15000,42537,24990,0.7582,65817,0.6297624384,0.4193877551,9017,Town,59410,No,No,0.4,0.7635,1057,Considered but not required,Public,0.0067234424,No
210438,University of Western States,OR,,,,,,,,26840,,0.3333,67725,0.5833333333,,8548,City,62894,,No,0,,,,"Private, nonprofit",,No
210492,Bryn Athyn College of the New Church,PA,28,0.742,0.4632,19600,39685,,13500,32083,,0.68,68913,0.522875817,0.3381294964,14518,Suburb,96737,No,No,0.4632,0.6579,1174,Considered but not required,"Private, nonprofit",,No
210508,Academy of Vocal Arts,PA,,,,,,,,,,,,,,,City,,,No,,,,,"Private, nonprofit",,No
210571,Albright College,PA,,0.8615,0.4215,21664,44381,,23250,45391,28200,0.7582,60030,0.6258879242,0.3605263158,14949,City,69057,No,No,0.5039,0.6309,,Neither required nor recommended,"Private, nonprofit",,No
210669,Allegheny College,PA,26,0.5853,0.6653,21900,70614,,25017,45603,,0.7366,76068,0.5290482077,0.2213333333,16476,Town,64269,No,No,0.2515,0.8438,1292,Considered but not required,"Private, nonprofit",,No
210739,DeSales University,PA,26,0.7858,0.7102,30465,59409,,20000,52721,35920,0.3726,79353,0.6571428571,0.2954747116,11852,Suburb,69394,No,No,0.2288,0.8059,1199,Considered but not required,"Private, nonprofit",,No
210775,Alvernia University,PA,,0.6232,0.5849,28329,54650,,20500,49938,31074,1,71316,0.7112387203,0.4500458295,7762,City,60334,No,No,0.337,0.7264,1160,Considered but not required,"Private, nonprofit",,No
210809,American College of Financial Services,PA,,,,,,,,,,1,102258,,,4149,Suburb,,,No,0,,,,"Private, nonprofit",,No
211024,Clarks Summit University,PA,,0.901,0.5417,21873,41062,,14500,35009,,1,32634,0.4731861199,0.2718120805,6423,Suburb,62401,No,No,0.4851,0.629,,Neither required nor recommended,"Private, nonprofit",,No
211088,Arcadia University,PA,25,0.7919,0.6401,25866,61240,,21852,44004,35035,0.3914,78606,0.6840417001,0.3067010309,10493,Suburb,72830,No,No,0.2765,0.8054,1210,Considered but not required,"Private, nonprofit",,No
211130,Missio Theological Seminary,PA,,,,,,,,,,,,,,5269,City,,,No,,,,,"Private, nonprofit",,No
211273,Bryn Mawr College,PA,,0.3106,0.8559,40690,79380,,21441,53102,,0.8419,107487,0.9488372093,0.1515892421,25749,Suburb,78969,No,No,0.1434,0.8965,1404,Considered but not required,"Private, nonprofit",,Yes
211291,Bucknell University,PA,31,0.3201,0.8623,40429,79956,,23250,78852,67536,1,114543,0.5183016105,0.1200607903,23940,Town,84046,No,No,0.111,0.9584,1389,Considered but not required,"Private, nonprofit",,No
211352,Cabrini University,PA,22,0.6919,0.5052,24051,49764,,19500,42193,22941,0.2546,66726,0.6278280543,0.3635220126,9862,Suburb,77292,No,No,0.3702,0.4574,1145,Considered but not required,"Private, nonprofit",,No
211431,Carlow University,PA,23,0.871,0.5519,20822,46864,,21513,44876,41002,1,68544,0.8467391304,0.3683574879,11494,City,52873,No,No,0.4122,0.7772,,Considered but not required,"Private, nonprofit",,No
211440,Carnegie Mellon University,PA,34,0.114,0.9252,31671,80514,,20250,105360,111013,0.9246,123516,0.4725363489,0.0995024876,35875,City,81652,No,No,0.1521,0.9701,1545,Considered but not required,"Private, nonprofit",,No
211468,Cedar Crest College,PA,25,0.9913,0.5822,22909,56240,,23044,48295,,0.471,64152,0.955026455,0.433681073,12131,City,66384,No,No,0.3861,0.7669,1070,Considered but not required,"Private, nonprofit",,Yes
211477,Central Penn College,PA,,0.2593,0.3889,19279,28251,,13035,40798,26479,0.5507,48195,0.6342592593,0.5058823529,8007,Suburb,56698,No,No,0.4266,0.6429,,Neither required nor recommended,"Private, for-profit",0.0115740741,No
211556,Chatham University,PA,,0.7011,0.662,25717,56981,,18326,48709,,1,71082,0.7508833922,0.2969348659,13314,City,56097,No,No,0.2108,0.7869,1205,Considered but not required,"Private, nonprofit",,No
211583,Chestnut Hill College,PA,,0.7913,0.561,29944,57980,,20782,45221,,0.3125,52614,0.6711111111,0.4440104167,9891,City,61319,No,No,0.4732,0.6667,,Neither required nor recommended,"Private, nonprofit",,No
211608,Cheyney University of Pennsylvania,PA,,,0.1616,9837,24881,,13000,28568,,0.5065,91548,0.4569892473,0.4469453376,11647,Rural,48189,Yes,No,0.4103,0.6823,,,Public,,No
211893,Curtis Institute of Music,PA,,0.0695,0.9474,,,,,31201,,0.2881,76806,,,92727,City,70406,No,No,0.0097,0.9697,,Neither required nor recommended,"Private, nonprofit",,No
211981,Delaware Valley University,PA,26,0.92490000000000006,0.522,27243,58661,,17500,41324,,0.4361,81558,0.5355535554,0.3632850242,10092,Suburb,74767,No,No,0.2921,0.6606,1180,Considered but not required,"Private, nonprofit",,No
212009,Dickinson College,PA,,0.4308,0.8342,32191,80329,,17294,57110,33821,0.7951,89154,0.5716639209,0.1219512195,19997,City,80466,No,No,0.1365,0.8872,,Considered but not required,"Private, nonprofit",,No
212054,Drexel University,PA,29,0.7753,0.7712,38428,75167,,20204,69063,41982,0.5665,109521,0.5680428135,0.2922854785,21460,City,74533,No,No,0.2516,0.8957,1337,Considered but not required,"Private, nonprofit",0.0064984709,No
212106,Duquesne University,PA,27,0.7885,0.7555,34978,63042,,23500,62627,38159,0.4905,89379,0.6425811437,0.1729686243,15434,City,61274,No,No,0.1814,0.8647,1257,Considered but not required,"Private, nonprofit",,No
212115,East Stroudsburg University of Pennsylvania,PA,23,0.9288,0.4383,15089,24369,,16750,44290,26526,0.7252,94860,0.5718407386,0.3954457986,8023,Town,69357,No,No,0.3987,0.7098,1078,Considered but not required,Public,0.0051933064,No
212133,Eastern University,PA,,0.9362,0.5596,25885,53293,,18000,41580,,0.2637,49500,0.7068273092,0.3649155722,4159,Suburb,68457,No,No,0.3566,0.7059,,Considered but not required,"Private, nonprofit",,No
212197,Elizabethtown College,PA,26,0.7677,0.7707,26198,49318,,26000,54833,,0.4475,81135,0.6357142857,0.2995689655,13585,Suburb,70213,No,No,0.1917,0.8416,1190,Considered but not required,"Private, nonprofit",,No
212577,Franklin and Marshall College,PA,,0.3183,0.8602,39061,83184,,19000,62544,44012,0.7965,103041,0.5658536585,0.1948275862,19806,City,85312,No,No,0.1668,0.8501,1394,Considered but not required,"Private, nonprofit",,No
212601,Gannon University,PA,24,0.767,0.6954,23206,51236,,23031,55319,36383,0.5667,76194,0.6236933798,0.2606679035,9792,City,54310,No,No,0.22,0.7604,,Neither required nor recommended,"Private, nonprofit",,No
212656,Geneva College,PA,,,0.6146,21043,43064,,18907,46107,26926,0.9481,65736,0.5231607629,0.2459499264,9785,Suburb,55668,Yes,No,0.3179,0.8102,,,"Private, nonprofit",,No
212674,Gettysburg College,PA,30,0.4751,0.8273,30086,80400,,23250,57274,,0.812,89748,0.5353403141,0.1372282609,16468,Town,84885,No,No,0.2099,0.8991,1350,Considered but not required,"Private, nonprofit",,No
212771,Gratz College,PA,,,,,,,,,,0.2333,49734,,,2819,Suburb,,,No,0.0079,,,,"Private, nonprofit",,No
212805,Grove City College,PA,27,0.734,0.7972,,,,,,,,,,,16356,Town,,No,No,0,0.8785,1261,Considered but not required,"Private, nonprofit",,No
212832,Gwynedd Mercy University,PA,,0.9361,0.5849,27141,53359,,23256,65976,,0.2993,68202,0.7764326069,0.4371584699,10506,Suburb,72929,No,No,0.2996,0.7832,1110,Considered but not required,"Private, nonprofit",0.008071025,No
212911,Haverford College,PA,34,0.1291,0.894,25210,84605,,12000,53353,,0.8545,100278,0.4719101124,0.162055336,27089,Suburb,79754,No,No,0.1407,0.9365,1498,Considered but not required,"Private, nonprofit",,No
212984,Holy Family University,PA,21,0.7422,0.6039,12251,38965,,21175,55285,,0.2084,71811,0.7587155963,0.4630390144,9009,City,61868,No,No,0.3971,0.8308,1030,Considered but not required,"Private, nonprofit",,No
213011,Immaculata University,PA,25,0.7845,0.6447,29464,45416,,19560,56416,,1,44118,0.7518037518,0.350877193,6635,Suburb,74355,No,No,0.2139,0.795,1163,Considered but not required,"Private, nonprofit",,No
213020,Indiana University of Pennsylvania-Main Campus,PA,21,0.912,0.5239,17216,26405,,19995,42278,28338,0.8224,101259,0.5809192739,0.3225602028,10078,Town,54158,No,No,0.3576,0.7103,1052,Considered but not required,Public,0.0040556199,No
213251,Juniata College,PA,,0.7165,0.6891,27663,69241,,23858,48571,26415,0.7405,80217,0.5699658703,0.1996434938,14005,Town,62290,No,No,0.2621,0.7703,1185,Considered but not required,"Private, nonprofit",,No
213303,Keystone College,PA,,0.796,0.4116,21461,31742,,16250,36653,25357,0.3233,50319,0.5947712418,0.4772393539,5454,Suburb,51740,No,No,0.4481,0.6136,1030,Considered but not required,"Private, nonprofit",,No
213321,King's College,PA,,0.932,0.601,23281,56991,,22847,51734,35091,0.6593,79686,0.5028846154,0.2935779817,11683,City,60791,No,No,0.2729,0.7713,1150,Considered but not required,"Private, nonprofit",,No
213349,Kutztown University of Pennsylvania,PA,21,0.9483,0.5411,21205,28876,,20000,43309,24534,0.8044,95823,0.5407317073,0.3466419884,9540,Town,67783,No,No,0.3063,0.748,1170,Considered but not required,Public,,No
213358,La Roche University,PA,21,0.7761,0.5766,21972,45623,,19470,45308,,0.3529,65430,0.6338880484,0.3569131833,8055,Suburb,61014,No,No,0.1386,0.728,1140,Considered but not required,"Private, nonprofit",,No
213367,La Salle University,PA,,0.8619,0.579,21409,45046,,17500,53701,40707,0.449,83925,0.6365159129,0.3697585769,9912,City,67401,No,No,0.3264,0.6937,,Neither required nor recommended,"Private, nonprofit",,No
213376,Lackawanna College,PA,,,0.3773,24449,28849,,11500,35500,40250,1,38277,0.4033983638,0.4690909091,5099,City,51133,Yes,No,0.5814,1,,,"Private, nonprofit",0.0094398993,No
213385,Lafayette College,PA,32,0.3147,0.8805,32496,78854,,14000,80614,,0.8413,113157,0.5793991416,0.1484018265,24350,Suburb,85923,No,No,0.103,0.9207,1419,Considered but not required,"Private, nonprofit",,No
213400,Lancaster Bible College,PA,23,0.9519,0.7143,22870,40813,,15000,36747,,0.1366,54153,0.5093457944,0.3549668874,7564,Suburb,64787,No,No,0.3047,0.7485,1161,Considered but not required,"Private, nonprofit",,No
213446,Lancaster Theological Seminary,PA,,,,,,,,,,,75051,,,34215,City,,,No,,,,,"Private, nonprofit",,No
213507,Lebanon Valley College,PA,,0.7453,0.7251,28132,63990,,21000,54021,28331,0.4796,74304,0.5437125749,0.2760814249,12943,Suburb,66307,No,No,0.2193,0.8251,1190,Considered but not required,"Private, nonprofit",,No
213543,Lehigh University,PA,32,0.2926,0.8921,33549,77515,,19500,88810,45662,0.8576,135423,0.4475357711,0.1687657431,23889,City,88627,No,No,0.178,0.9271,1432,Considered but not required,"Private, nonprofit",,No
213598,Lincoln University,PA,19,0.7837,0.5212,12912,27358,,22862,32865,,1,85698,0.6147220047,0.3862134089,10791,Suburb,51404,No,No,0.663,0.7053,984,Considered but not required,Public,,No
213631,United Lutheran Seminary,PA,,,,,,,,,,1,80262,,,23439,Town,,,No,,,,,"Private, nonprofit",,No
213668,Lycoming College,PA,25,0.6788,0.5957,19258,61526,,23500,43713,,0.8393,67032,0.4813084112,0.3659359191,15490,City,64312,No,No,0.4013,0.8237,1169,Considered but not required,"Private, nonprofit",,No
213774,Manor College,PA,,0.9576,0.2442,16521,27178,,11250,36013,26141,0.28,50877,0.7108655617,0.5032822757,5209,Suburb,60787,No,No,0.4871,0.3333,820,Considered but not required,"Private, nonprofit",,No
213826,Marywood University,PA,22,0.8371,0.7252,22222,52673,,23235,47000,,0.377,69192,0.7262443439,0.2949640288,9169,City,58125,No,No,0.2919,0.8488,1153,Considered but not required,"Private, nonprofit",,No
213987,Mercyhurst University,PA,,0.8323,0.5873,27263,57948,,19500,39565,29751,0.5696,65196,0.5677025527,0.2866626433,9602,City,58804,No,No,0.2989,0.776,,Neither required nor recommended,"Private, nonprofit",,No
213996,Messiah University,PA,27,0.7848,0.785,27686,53939,,21911,50192,25740,0.473,80937,0.6336088154,0.18173258,10317,Suburb,71914,No,No,0.2,0.8535,1214,Considered but not required,"Private, nonprofit",,No
214041,Millersville University of Pennsylvania,PA,,0.8941,0.544,20231,27086,,17220,44813,26035,0.6789,97731,0.568294823,0.3472617917,9595,Suburb,65479,No,No,0.2669,0.7804,1120,Considered but not required,Public,,No
214069,Misericordia University,PA,,0.8489,0.692,24829,51023,,24854,55910,30671,1,75024,0.6512488437,0.2994071146,12467,Suburb,56588,No,No,0.1903,0.7956,,Neither required nor recommended,"Private, nonprofit",,No
214148,Moore College of Art and Design,PA,,0.6051,0.6344,43369,68583,,20500,30512,,0.2316,71451,,0.3140096618,15149,City,70661,No,No,0.4085,0.8142,1303,Considered but not required,"Private, nonprofit",,Yes
214157,Moravian University,PA,,0.54,0.7107,29843,64260,,22000,53471,41016,1,72261,0.5936329588,0.2921236291,14766,City,76394,No,No,0.2679,0.8113,1154,Considered but not required,"Private, nonprofit",,No
214166,Mount Aloysius College,PA,,0.9041,0.5556,20748,38533,,16980,45211,28374,0.3742,65691,0.7487437186,0.4204851752,6715,Town,45385,No,No,0.1599,0.7099,1034,Considered but not required,"Private, nonprofit",0.0175879397,No
214175,Muhlenberg College,PA,30,0.6401,0.8025,30314,73782,,22000,53265,36726,0.5613,81693,0.5819672131,0.1576704545,20054,City,89504,No,No,0.2098,0.8905,1327,Considered but not required,"Private, nonprofit",,No
214272,Neumann University,PA,21,0.764,0.4611,28714,56670,,19630,48556,34089,0.3944,67095,0.6633484163,0.4275582573,8892,Suburb,69149,No,No,0.4233,0.6939,,Neither required nor recommended,"Private, nonprofit",,No
214564,Salus University,PA,,,,,,,,,,0.8644,81351,0.7450199203,0.2222222222,12943,Suburb,63421,,No,,,,,"Private, nonprofit",,No
214591,Pennsylvania State University-Penn State Erie-Behrend College,PA,,0.9571,0.457,22951,32038,0.001071811361,19500,55620,40873,0.8297,88785,0.5012260053,0.2875652533,4661,Suburb,63381,No,No,0.2666,0.823,1213,Considered but not required,Public,0.004693849,No
214607,Pennsylvania State University-Penn State Great Valley,PA,,,,,,0.001071811361,19500,55620,40873,0.8,116838,0.5012260053,0.2875652533,18185,Suburb,63381,,No,,,,,Public,0.004693849,No
214625,Pennsylvania State University-Penn State New Kensington,PA,,0.9331,0.2443,19522,27036,0.001071811361,19500,55620,40873,0.629,78084,0.5012260053,0.2875652533,5542,Rural,63381,No,No,0.3152,0.7672,1133,Considered but not required,Public,0.004693849,No
214634,Pennsylvania State University-Penn State Shenango,PA,,0.9091,0.2295,14259,26545,0.001071811361,19500,55620,40873,0.6038,72090,0.5012260053,0.2875652533,7190,Town,63381,No,No,0.4057,0.52,1170,Considered but not required,Public,0.004693849,No
214643,Pennsylvania State University-Penn State Wilkes-Barre,PA,,0.9453,0.1667,15775,24604,0.001071811361,19500,55620,40873,0.7692,76347,0.5012260053,0.2875652533,5275,Rural,63381,No,No,0.3829,0.7934,1145,Considered but not required,Public,0.004693849,No
214652,Pennsylvania State University-Penn State Scranton,PA,,0.9487,0.3189,18934,27126,0.001071811361,19500,55620,40873,0.6122,82935,0.5012260053,0.2875652533,3533,Suburb,63381,No,No,0.4331,0.7545,1190,Considered but not required,Public,0.004693849,No
214670,Pennsylvania State University-Penn State Lehigh Valley,PA,,0.9421,0.1736,19324,26918,0.001071811361,19500,55620,40873,0.5769,72585,0.5012260053,0.2875652533,2995,Suburb,63381,No,No,0.3311,0.8161,1212,Considered but not required,Public,0.004693849,No
214689,Pennsylvania State University-Penn State Altoona,PA,,0.9731,0.1784,24704,31725,0.001071811361,19500,55620,40873,0.7957,79236,0.5012260053,0.2875652533,3300,City,63381,No,No,0.2584,0.7706,1163,Considered but not required,Public,0.004693849,No
214698,Pennsylvania State University-Penn State Beaver,PA,,0.922,0.212,18657,27587,0.001071811361,19500,55620,40873,0.6842,83700,0.5012260053,0.2875652533,4221,Suburb,63381,No,No,0.3352,0.756,1191,Considered but not required,Public,0.004693849,No
214704,Pennsylvania State University-Penn State Berks,PA,,0.9713,0.2441,24581,31853,0.001071811361,19500,55620,40873,0.75,86256,0.5012260053,0.2875652533,2935,Suburb,63381,No,No,0.2873,0.7748,1219,Considered but not required,Public,0.004693849,No
214713,Pennsylvania State University-Penn State Harrisburg,PA,,0.9639,0.2926,23478,32029,0.001071811361,19500,55620,40873,0.6368,95202,0.5012260053,0.2875652533,3603,Suburb,63381,No,No,0.2609,0.8153,1218,Considered but not required,Public,0.004693849,No
214731,Pennsylvania State University-Penn State Brandywine,PA,,0.9533,0.2133,22518,30201,0.001071811361,19500,55620,40873,0.6195,82845,0.5012260053,0.2875652533,3119,Suburb,63381,No,No,0.3478,0.7237,1211,Considered but not required,Public,0.004693849,No
214740,Pennsylvania State University-Penn State DuBois,PA,,0.9252,0.2901,18192,28775,0.001071811361,19500,55620,40873,0.7778,77103,0.5012260053,0.2875652533,6289,Town,63381,No,No,0.2541,0.7887,1130,Considered but not required,Public,0.004693849,No
214759,Pennsylvania State University-Penn State Fayette- Eberly,PA,,0.9166,0.3352,19450,26727,0.001071811361,19500,55620,40873,0.75,76500,0.5012260053,0.2875652533,5299,Rural,63381,No,No,0.3538,0.7368,1160,Considered but not required,Public,0.004693849,No
214768,Pennsylvania State University-Penn State Hazleton,PA,,0.9104,0.1791,20062,29977,0.001071811361,19500,55620,40873,0.7963,86832,0.5012260053,0.2875652533,5092,Suburb,63381,No,No,0.4778,0.7239,1200,Considered but not required,Public,0.004693849,No
214777,Pennsylvania State University-Main Campus,PA,,0.5422,0.8568,32598,39160,0.001071811361,19500,55620,40873,0.8924,111780,0.5012260053,0.2875652533,15490,City,63381,No,No,0.1327,0.9195,1316,Considered but not required,Public,0.004693849,No
214786,Pennsylvania State University-Penn State Greater Allegheny,PA,,0.9466,0.2743,14721,26295,0.001071811361,19500,55620,40873,0.75,83700,0.5012260053,0.2875652533,6604,Suburb,63381,No,No,0.4353,0.6937,1125,Considered but not required,Public,0.004693849,No
214795,Pennsylvania State University-Penn State Mont Alto,PA,,0.903,0.2512,19993,28851,0.001071811361,19500,55620,40873,0.6625,81297,0.5012260053,0.2875652533,4302,Rural,63381,No,No,0.2612,0.75,1170,Considered but not required,Public,0.004693849,No
214801,Pennsylvania State University-Penn State Abington,PA,,0.9203,0.2222,17818,27516,0.001071811361,19500,55620,40873,0.586,79821,0.5012260053,0.2875652533,2809,Suburb,63381,No,No,0.3835,0.7708,1179,Considered but not required,Public,0.004693849,No
214810,Pennsylvania State University-Penn State Schuylkill,PA,,0.9105,0.2069,21228,29057,0.001071811361,19500,55620,40873,0.8364,75699,0.5012260053,0.2875652533,4016,Town,63381,No,No,0.3756,0.8194,1060,Considered but not required,Public,0.004693849,No
214829,Pennsylvania State University-Penn State York,PA,,0.922,0.1143,18922,26812,0.001071811361,19500,55620,40873,0.6667,86085,0.5012260053,0.2875652533,4581,Suburb,63381,No,No,0.2785,0.7742,1170,Considered but not required,Public,0.004693849,No
214883,Peirce College,PA,,,0.0526,12905,18260,,21875,41647,30540,1,73782,0.7108549472,0.5548628429,8535,City,49493,Yes,Yes,0.5236,0,,,"Private, nonprofit",0.0124879923,No
214971,Pennsylvania Academy of the Fine Arts,PA,,0.875,0.6757,45022,64035,,19500,24229,,0.525,52875,0.6470588235,,22902,City,70798,No,No,0.3246,0.8333,,Neither required nor recommended,"Private, nonprofit",,No
215053,Pennsylvania College of Art and Design,PA,,0.4594,0.6377,29266,41394,,23980,23638,,0.1807,41229,0.6851851852,,9349,City,68025,No,No,0.4612,0.8254,,Neither required nor recommended,"Private, nonprofit",,No
215062,University of Pennsylvania,PA,34,0.0587,0.9681,31229,85738,,14000,90555,84592,0.773,189657,0.5721331689,0.1876351059,52661,City,78252,No,No,0.1572,0.981,1545,Considered but not required,"Private, nonprofit",0.0073982737,No
215105,University of the Arts,PA,,0.782,0.6919,44154,70834,,23250,27011,21763,0.2535,64692,0.63647343,0.2064102564,17776,City,75947,No,No,0.3342,0.8066,,Neither required nor recommended,"Private, nonprofit",,No
215114,Cairn University-Langhorne,PA,,0.8356,0.6516,29577,45473,,17063,37077,,0.3673,56367,0.4897959184,0.295890411,6974,Suburb,69912,No,No,0.3024,0.8374,1154,Considered but not required,"Private, nonprofit",,No
215123,Philadelphia College of Osteopathic Medicine,PA,,,,,,,,,,,,0.4444444444,,25155,City,69119,,No,,,,,"Private, nonprofit",,No
215266,University of Pittsburgh-Bradford,PA,24,0.9081,0.4344,16630,29488,,20500,54240,42841,0.8043,77004,0.529968119,0.2096720027,11381,Town,58452,No,No,0.46,0.6125,1168,Considered but not required,Public,0.0025504782,No
215275,University of Pittsburgh-Greensburg,PA,22,0.9792,0.3963,17034,28514,,20500,54240,42841,0.8211,68085,0.529968119,0.2096720027,7881,Suburb,58452,No,No,0.3788,0.6773,1172,Considered but not required,Public,0.0025504782,No
215284,University of Pittsburgh-Johnstown,PA,24,0.959,0.5345,18952,28501,,20500,54240,42841,0.8844,70551,0.529968119,0.2096720027,10103,Suburb,58452,No,No,0.2912,0.7603,1158,Considered but not required,Public,0.0025504782,No
215293,University of Pittsburgh-Pittsburgh Campus,PA,31,0.497,0.8434,30074,36707,,20500,54240,42841,0.7872,101592,0.529968119,0.2096720027,20170,City,58452,No,No,0.1378,0.924,1371,Considered but not required,Public,0.0025504782,No
215415,Pittsburgh Technical College,PA,,,0.5309,25754,33969,,13166,36852,26123,0.3784,51651,0.4352030948,0.4582429501,7155,Suburb,51949,Yes,No,0.4531,0.9231,,,"Private, nonprofit",0.0082205029,No
215424,Pittsburgh Theological Seminary,PA,,,,,,,,,,1,100071,,,38303,City,,,No,,,,,"Private, nonprofit",,No
215442,Point Park University,PA,22,0.9788,0.5956,24791,50133,,20957,36906,29559,0.3035,83502,0.630620985,0.292798111,12291,City,54201,No,No,0.3707,0.7081,1142,Considered but not required,"Private, nonprofit",,No
215619,Reconstructionist Rabbinical College,PA,,,,,,,,,,0.875,65997,,,39426,Suburb,,,No,,,,,"Private, nonprofit",,No
215637,Walnut Hill College,PA,,0.95,0.6,33578,35489,,12000,33867,21749,0.7097,49887,0.5698005698,0.4346405229,16792,City,68680,No,No,0.3315,0.3636,,Neither required nor recommended,"Private, for-profit",,No
215655,Robert Morris University,PA,,0.9057,0.6555,25747,51075,,23250,54449,30678,1,118206,0.4867781975,0.3001745201,10555,Suburb,59274,No,No,0.2209,0.8376,,Considered but not required,"Private, nonprofit",0.0091743119,No
215691,Rosemont College,PA,21,0.7452,0.4348,20356,36860,,27000,40852,,0.2353,54333,0.6376811594,0.3746556474,7659,Suburb,57790,No,No,0.3857,0.6667,,Neither required nor recommended,"Private, nonprofit",,No
215743,Saint Francis University,PA,,0.7689,0.7275,19173,57515,,27000,56920,34784,1,68418,0.644993498,0.2571428571,10405,Rural,55181,No,No,0.1784,0.8838,1151,Considered but not required,"Private, nonprofit",,No
215770,Saint Joseph's University,PA,28,0.8639,0.7983,35487,65513,,21500,66438,51894,1,100548,0.5929844098,0.1751018034,11293,City,79940,No,No,0.1815,0.8795,1256,Considered but not required,"Private, nonprofit",,No
215798,Saint Vincent College,PA,25,0.591,0.7215,23331,55082,,23250,47267,31753,0.9813,72423,0.448840382,0.2679355783,12982,Suburb,54143,No,No,0.2686,0.8509,1120,Considered but not required,"Private, nonprofit",,No
215813,Saint Vincent Seminary,PA,,,,,,,23250,47267,31753,,62001,0.448840382,0.2679355783,13182,Suburb,54143,,No,,,,,"Private, nonprofit",,No
215929,University of Scranton,PA,26,0.8435,0.808,30528,67795,,25500,62921,,0.7005,99882,0.5661129568,0.2034722222,14632,City,73943,No,No,0.2229,0.8734,1237,Considered but not required,"Private, nonprofit",,No
215947,Seton Hill University,PA,,0.7579,0.7099,22558,54634,,23000,43700,31044,0.9636,73134,0.6573248408,0.242506812,10176,Suburb,54100,No,No,0.295,0.8021,1186,Considered but not required,"Private, nonprofit",,No
216010,Shippensburg University of Pennsylvania,PA,,0.8555,0.5161,23553,29480,,16192,45010,,0.7813,102987,0.5271791573,0.3353272343,10635,Town,63560,No,No,0.296,0.7614,1090,Considered but not required,Public,,No
216038,Slippery Rock University of Pennsylvania,PA,23,0.7462,0.6591,19524,24781,,19500,45398,28445,0.8803,93528,0.5697211155,0.2945736434,8191,Town,54113,No,No,0.2809,0.8149,1086,Required,Public,0.0039840637,No
216047,Saint Charles Borromeo Seminary-Overbrook,PA,,1,0.4444,38775,44853,,13000,,,0.95,43623,,,12016,Suburb,58077,No,No,0.125,1,,Neither required nor recommended,"Private, nonprofit",,No
216278,Susquehanna University,PA,,0.7871,0.7409,26539,72563,,27000,51535,30117,0.6483,79605,0.5637209302,0.2158979392,12780,Town,72676,No,No,0.2388,0.7318,1211,Considered but not required,"Private, nonprofit",,No
216287,Swarthmore College,PA,34,0.0694,0.9413,18686,80014,,13000,56211,76692,0.9358,130653,0.5467625899,0.2687747036,40691,Suburb,78121,No,No,0.2001,0.9723,1527,Considered but not required,"Private, nonprofit",,No
216311,Talmudical Yeshiva of Philadelphia,PA,,0.7551,0.8158,10120,21600,,,,,,45954,,,24277,City,55122,No,No,0.2764,0.9063,,Neither required nor recommended,"Private, nonprofit",,No
216339,Temple University,PA,,0.8292,0.7468,29219,39799,,19750,50860,39882,0.5641,112347,0.550251859,0.2959157015,17268,City,66650,No,No,0.3007,0.8338,,Neither required nor recommended,Public,0.0033581195,No
216348,Theological Seminary of the Reformed Episcopal Church,PA,,,,,,,,,,,31212,,,27778,Suburb,,,No,,,,,"Private, nonprofit",,No
216357,Thiel College,PA,21,0.706,0.4355,22746,51346,,18250,40686,25248,0.6818,64053,0.3605577689,0.3155555556,9103,Town,54604,No,No,0.3905,0.7149,,Neither required nor recommended,"Private, nonprofit",,No
216366,Thomas Jefferson University,PA,28,0.8614,0.6819,28163,62110,,12500,64335,,0.4049,92385,0.7742857143,0.3297985154,31598,City,66565,No,No,0.3386,0.8199,1259,Considered but not required,"Private, nonprofit",,No
216463,Trinity Episcopal School for Ministry,PA,,,,,,,,,,0.1205,71883,,,15548,Suburb,,,No,,,,,"Private, nonprofit",,No
216524,Ursinus College,PA,30,0.8737,0.7662,30485,75378,,26000,54542,29358,0.7296,83664,0.5327868852,0.1884550085,15250,Suburb,77658,No,No,0.1984,0.8399,1304,Considered but not required,"Private, nonprofit",,No
216542,University of Valley Forge,PA,,0.7816,0.5612,27499,43134,,20166,35671,,0.2706,55701,0.5540540541,0.3333333333,7797,Suburb,63922,No,No,0.5079,0.696,,Neither required nor recommended,"Private, nonprofit",,No
216597,Villanova University,PA,33,0.2512,0.9241,44876,80866,,25000,84905,56448,0.6369,121158,0.5794684732,0.1257420399,20054,Suburb,90091,No,No,0.1155,0.9501,1466,Considered but not required,"Private, nonprofit",,No
216667,Washington & Jefferson College,PA,26,0.8154,0.7139,25544,65117,,26000,52082,,1,75015,0.5107913669,0.2160493827,17856,Suburb,61376,No,No,0.2942,0.819,,Neither required nor recommended,"Private, nonprofit",,No
216694,Waynesburg University,PA,,0.9169,0.605,25157,42526,,21500,48994,33038,0.4356,63828,0.5691906005,0.2635327635,11629,Town,52961,No,No,0.31,0.723,1114,Considered but not required,"Private, nonprofit",,No
216764,West Chester University of Pennsylvania,PA,26,0.792,0.698,22673,27559,,18750,51013,34913,0.7408,96633,0.6078871433,0.2813085705,7885,Suburb,74655,No,No,0.245,0.8442,1184,Considered but not required,Public,0.0040076948,No
216807,Westminster College,PA,23,0.8551,0.6586,20800,51808,,22825,43938,,0.5968,67356,0.4925619835,0.2553571429,9870,Rural,56138,No,No,0.2474,0.8328,,Neither required nor recommended,"Private, nonprofit",,No
216816,Westminster Theological Seminary,PA,,,,,,,,,,0.9286,81117,,,15038,Suburb,,,No,,,,,"Private, nonprofit",,No
216852,Widener University,PA,,0.8402,0.6351,30470,68305,,24567,63375,33031,0.3714,77985,0.6059171598,0.3003778338,14063,Suburb,69397,No,No,0.2485,0.7824,1170,Considered but not required,"Private, nonprofit",,No
216931,Wilkes University,PA,24,0.9146,0.6034,27700,56956,,20500,54128,35791,0.399,84825,0.535221496,0.3461237275,11141,City,56456,No,No,0.2975,0.7349,1134,Considered but not required,"Private, nonprofit",,No
217013,Wilson College,PA,,0.8998,0.5183,21241,38932,,19500,37049,,1,63684,0.7911832947,0.43,6102,City,58672,No,No,0.266,0.7721,1020,Considered but not required,"Private, nonprofit",,No
217059,York College of Pennsylvania,PA,25,0.942,0.5974,19685,35806,,19500,50940,29657,0.4185,85230,0.5522966242,0.3032258065,11630,Suburb,73378,No,No,0.2522,0.7728,1135,Considered but not required,"Private, nonprofit",,No
217156,Brown University,RI,34,0.0523,0.9595,26572,84986,,10000,79131,98647,0.9008,156015,0.5403780069,0.1704035874,37747,City,79027,No,No,0.1327,0.9866,1546,Considered but not required,"Private, nonprofit",,No
217165,Bryant University,RI,28,0.6565,0.8061,40846,67926,,23250,66488,38688,0.6037,130653,0.3977947413,0.160667252,11150,Suburb,80219,No,No,0.1076,0.8692,1263,Considered but not required,"Private, nonprofit",,No
217235,Johnson & Wales University-Providence,RI,,0.837,0.5488,32478,58330,0.002875629044,16334,35802,25600,1,94410,0.6353397118,0.3464140731,12806,City,68856,No,Yes,0.3018,0.7634,1107,Considered but not required,"Private, nonprofit",0.0024221872,No
217305,New England Institute of Technology,RI,,0.7273,0.5747,36906,48445,,12000,44363,,1,65790,0.3656983685,0.4141132776,16368,Suburb,64106,No,No,0.4448,0.2381,,Neither required nor recommended,"Private, nonprofit",0.0226820533,No
217402,Providence College,RI,29,0.4872,0.8785,45538,76667,,27000,69326,40949,0.6901,105642,0.5771028037,0.1464401294,16512,City,83293,No,No,0.1324,0.9116,1342,Considered but not required,"Private, nonprofit",,No
217420,Rhode Island College,RI,,0.8109,0.4618,10988,18490,,13833,46882,,0.9792,103743,0.685519692,0.4470872113,13284,Suburb,61569,No,No,0.4147,0.7366,1010,Considered but not required,Public,0.0038495706,No
217484,University of Rhode Island,RI,28,0.7707,0.7103,19899,32584,,17750,57446,50650,0.6565,96237,0.5947167188,0.2632854745,10124,Suburb,72503,No,No,0.2115,0.8414,1176,Considered but not required,Public,0.0019117136,No
217493,Rhode Island School of Design,RI,31,0.1381,0.8847,46253,78857,,23250,45932,,0.3868,99387,0.6612149533,0.1055155875,20493,City,80568,No,No,0.1404,0.9292,1480,Considered but not required,"Private, nonprofit",,No
217518,Roger Williams University,RI,,0.8778,0.6661,38123,60180,,19500,53845,,0.4262,117765,0.5868392665,0.1965909091,16812,Suburb,84094,No,No,0.1633,0.7871,1228,Considered but not required,"Private, nonprofit",,No
217536,Salve Regina University,RI,,0.6991,0.7492,35682,67612,,27000,55027,,0.9857,81612,0.7141403866,0.1858500528,9604,Suburb,81126,No,No,0.1548,0.853,1236,Considered but not required,"Private, nonprofit",,No
217606,Northpoint Bible College,MA,,,0.5085,27662,34411,,16657,34408,,0.2727,43911,0.4558823529,0.4375,11127,Suburb,67697,Yes,No,0.6319,0.1852,,,"Private, nonprofit",,No
217624,Allen University,SC,,0.3212,0.1323,11081,24804,,12000,23889,,0.5224,47655,0.5,0.5065616798,4900,City,49460,No,No,0.7977,0.9,,Neither required nor recommended,"Private, nonprofit",,No
217633,Anderson University,SC,,0.5281,0.7099,28183,47724,,22000,42073,27182,1,67365,0.6955882353,0.2534562212,7397,City,56100,No,No,0.2166,0.8229,1190,Considered but not required,"Private, nonprofit",,No
217688,Charleston Southern University,SC,21,0.7609,0.4858,21955,43989,,18250,40606,31716,0.6019,54027,0.6288776086,0.3071816536,9154,City,57179,No,No,0.3456,0.6194,1056,Considered but not required,"Private, nonprofit",,No
217721,Benedict College,SC,,0.673,0.2115,17781,29921,,16000,24908,19830,0.7643,64485,0.4555687204,0.4078762307,4563,City,49336,No,No,0.6348,0.6509,910,Considered but not required,"Private, nonprofit",,No
217749,Bob Jones University,SC,,,0.6961,17529,34770,,12453,40892,,0.932,58527,0.5588235294,0.1440677966,7437,City,61570,Yes,No,0.2923,0.8133,,,"Private, nonprofit",,No
217776,Southern Wesleyan University,SC,21,1,0.5202,19968,38739,,19500,41489,,1,43506,0.6313672922,0.3914956012,6506,Suburb,54696,No,No,0.2902,0.6557,1106,Considered but not required,"Private, nonprofit",,No
217819,College of Charleston,SC,26,0.72,0.6498,19518,30731,,17500,43821,35252,0.6349,90585,0.6578234976,0.2006198929,9869,City,66962,No,No,0.1947,0.823,1238,Considered but not required,Public,0.0032485111,No
217864,Citadel Military College of South Carolina,SC,,0.9809,0.7282,21002,31943,,18000,60168,44301,0.684,88425,0.1184336199,0.1881881882,12962,City,66736,No,No,0.1918,0.8817,1184,Considered but not required,Public,,No
217873,Claflin University,SC,,0.7255,0.4913,21232,33538,,22049,29227,,0.7101,68850,0.6700680272,0.3235867446,8664,Town,45792,No,No,0.7261,0.7865,,Neither required nor recommended,"Private, nonprofit",,No
217882,Clemson University,SC,30,0.3805,0.879,22112,34494,,19000,58311,44604,0.8076,105696,0.5037093399,0.1724543849,13566,Suburb,64586,No,No,0.1453,0.9283,1341,Considered but not required,Public,,No
217891,Clinton College,SC,,,0.1111,14501,23222,,12000,24047,,1,51255,0.2886597938,0.3962264151,15197,City,53955,Yes,No,0.7614,0.3636,,,"Private, nonprofit",,No
217907,Coker University,SC,20,0.9723,0.3462,18045,44355,,15000,36650,26041,0.4444,58815,0.5684647303,0.3761609907,6230,Town,49143,No,No,0.2949,0.6277,,Neither required nor recommended,"Private, nonprofit",,No
217925,Columbia International University,SC,21,0.9758,0.6552,21660,40183,,10500,33929,22478,0.2562,54882,0.5528455285,0.2413793103,5305,City,64434,No,No,0.2827,0.6582,,Neither required nor recommended,"Private, nonprofit",,No
217934,Columbia College,SC,,0.9579,0.5346,23650,37840,,14750,45863,32034,0.3333,60039,0.7253176931,0.4139037433,7505,City,56463,No,No,0.5313,0.5294,,Neither required nor recommended,"Private, nonprofit",,No
217961,Converse University,SC,,0.64,0.471,19712,35669,,22500,33110,,0.9759,57429,,0.3170212766,7729,City,57113,No,No,0.4066,0.6844,1124,Considered but not required,"Private, nonprofit",,No
217998,Erskine College,SC,20,0.6056,0.4859,22018,54484,,9500,39618,30141,1,48591,0.4461942257,0.2225352113,6156,Rural,57374,No,No,0.4014,0.6269,,Neither required nor recommended,"Private, nonprofit",,No
218061,Francis Marion University,SC,19,0.8223,0.4273,13451,22944,,15617,36304,,0.6858,75663,0.6856338028,0.3626782393,11891,Rural,49042,No,No,0.3884,0.6923,1039,Considered but not required,Public,,No
218070,Furman University,SC,31,0.5257,0.8149,29997,73760,,19500,50796,38887,0.8328,93627,0.5850556439,0.1237785016,25911,Suburb,71867,No,No,0.1121,0.9057,1364,Considered but not required,"Private, nonprofit",,No
218113,Greenville Technical College,SC,,,0.1759,6246,13925,,8604,35240,24865,0.4042,55296,0.6093178566,0.4249955301,7727,City,55861,Yes,No,0.3253,,,,Public,0.0047702337,No
218229,Lander University,SC,21,0.6792,0.4876,14501,26069,,12503,36851,20126,0.5166,64260,0.7127507163,0.317092034,5806,Town,52256,No,No,0.3974,0.6862,1057,Considered but not required,Public,,No
218238,Limestone University,SC,,0.9828,0.2757,20415,40944,,18750,38713,,1,56646,0.5612732095,0.429598562,8367,Town,53494,No,Yes,0.4345,0.6361,,Neither required nor recommended,"Private, nonprofit",0.0053050398,No
218335,Medical University of South Carolina,SC,,,,,,,13021,77677,59624,0.9129,100728,0.7023622047,0.1883116883,53406,City,58285,,No,0.1167,,,,Public,,No
218399,Morris College,SC,,,0.2043,20375,29585,,14750,24250,,0.5147,38205,0.5487603306,0.4,8372,City,45549,Yes,No,0.8177,0.4661,,,"Private, nonprofit",,No
218414,Newberry College,SC,19,0.748,0.4438,20351,44240,,15750,38983,,1,59094,0.4489795918,0.3131313131,7970,Town,57421,No,No,0.4892,0.6995,1008,Considered but not required,"Private, nonprofit",,No
218441,North Greenville University,SC,22,0.6278,0.5491,20612,40599,,15000,38173,,0.6927,56313,0.4636711281,0.267,8350,Rural,55701,No,No,0.3197,0.692,1176,Considered but not required,"Private, nonprofit",,No
218539,Presbyterian College,SC,23,0.7234,0.619,20899,57271,,13000,44387,,1,71784,0.4893617021,0.1975609756,14251,Town,62666,No,No,0.2785,0.7398,1214,Considered but not required,"Private, nonprofit",,No
218645,University of South Carolina Aiken,SC,20,0.7972,0.4011,11611,20922,,13000,39689,32407,0.5876,71640,0.6561004785,0.3270967742,9455,Suburb,53123,No,No,0.3692,0.6442,1063,Considered but not required,Public,,No
218654,University of South Carolina Beaufort,SC,,0.6918,0.3859,15309,23796,,13750,39214,26720,0.5787,74187,0.7092476489,0.3095843936,9517,Town,60345,No,No,0.4028,0.6119,,Neither required nor recommended,Public,,No
218663,University of South Carolina-Columbia,SC,29,0.6149,0.7775,24532,32840,,18500,50621,42730,0.7206,108846,0.5560063937,0.1953144894,13479,City,62188,No,No,0.1899,0.9074,1297,Considered but not required,Public,0.0019672937,No
218724,Coastal Carolina University,SC,23,0.8019,0.5084,13742,26050,0.004007285974,16979,38070,28949,1,79038,0.5346553716,0.2656186198,10276,City,64299,No,No,0.2676,0.7572,1128,Considered but not required,Public,0.0028879476,No
218733,South Carolina State University,SC,17,0.8173,0.2941,18268,29957,,20900,30064,39133,1,71253,0.4902527076,0.3593109106,8808,Town,48129,No,No,0.6849,0.5875,,Neither required nor recommended,Public,,No
218742,University of South Carolina-Upstate,SC,21,0.6961,0.4242,13725,24565,,15000,43339,32026,0.5707,73260,0.6846673095,0.3513888889,8552,Suburb,54689,No,No,0.4546,0.6934,1082,Considered but not required,Public,,No
218751,Sherman College of Chiropractic,SC,,,,,,,,,,0.8409,68661,,,16693,Suburb,53466,,No,,,,,"Private, nonprofit",,No
218821,Spartanburg Methodist College,SC,,0.814,0.3833,16295,32965,,7500,33427,39491,0.4904,53685,0.4863523573,0.3140495868,6114,Suburb,53658,No,No,0.6007,,,Neither required nor recommended,"Private, nonprofit",,No
218919,Voorhees University,SC,,,0.3779,15411,25793,,15245,24199,,0.5246,45198,0.5121212121,0.3911439114,44906,Rural,46441,Yes,No,0.7749,0.625,,,"Private, nonprofit",,No
218964,Winthrop University,SC,23,0.7506,0.6122,16353,30275,,19000,39048,24988,0.631,78615,0.6854460094,0.2821100917,8943,City,58378,No,No,0.3863,0.7284,1132,Considered but not required,Public,,No
218973,Wofford College,SC,30,0.5859,0.8075,28984,69601,,20500,52076,35682,0.8315,80928,0.5234215886,,14077,City,61134,No,No,0.1509,0.8974,1297,Considered but not required,"Private, nonprofit",,No
219000,Augustana University,SD,25,0.5925,0.7563,24723,53169,,21250,49826,,0.7232,67626,0.6524590164,0.1448275862,15227,City,60196,No,No,0.16,0.8351,1187,Considered but not required,"Private, nonprofit",,No
219046,Black Hills State University,SD,21,0.9443,0.3858,17001,21343,,15000,38927,,0.6237,72999,0.6218809981,0.2839673913,6153,Town,49477,No,No,0.1849,0.7224,1050,Considered but not required,Public,,No
219082,Dakota State University,SD,23,0.9787,0.493,19725,24447,,14250,46146,35618,0.7483,87498,0.3829604131,0.2755102041,8858,Town,52093,No,No,0.1596,0.7528,1129,Considered but not required,Public,,No
219091,Dakota Wesleyan University,SD,22,0.7277,0.4643,19300,42473,,19500,49432,27153,0.5222,60894,0.575203252,0.2894168467,7011,Town,47601,No,No,0.2628,0.6938,,Neither required nor recommended,"Private, nonprofit",,No
219198,Mount Marty University,SD,22,0.4814,0.6055,23295,45209,,14750,46984,29062,0.3281,66951,0.6840390879,0.3202846975,7828,Town,49528,No,No,0.1935,0.6959,1120,Considered but not required,"Private, nonprofit",,No
219204,National American University-Rapid City,SD,,,0.6,22086,29232,0.004094488189,20120,29641,26532,,,0.7582205029,0.5379245283,1670,City,60277,Yes,No,0.5705,0.6667,,,"Private, for-profit",0.0102663294,No
219240,Kairos University,SD,,0.7429,,,,,,,,1,55809,,,4420,City,,No,No,0,,,Considered but not required,"Private, nonprofit",,No
219259,Northern State University,SD,21,0.9279,0.5224,17094,22223,,15750,41536,,0.9841,75465,0.6053333333,0.3069164265,11178,Town,48289,No,No,0.1196,0.751,1090,Considered but not required,Public,,No
219277,Oglala Lakota College,SD,,,0.1146,2065,9841,,,20536,18348,0.6105,61632,0.5655430712,0.3888888889,7430,Rural,34518,Yes,No,0.469,0.5357,,,Public,,No
219347,South Dakota School of Mines and Technology,SD,27,0.8525,0.5817,20380,24865,,17306,62863,36004,0.875,97902,0.2246192893,0.1831357049,13266,City,52423,No,No,0.1595,0.8413,1245,Considered but not required,Public,,No
219356,South Dakota State University,SD,22,0.9871,0.5964,18219,22761,,16246,49564,33464,0.8019,88695,0.5559574949,0.2019482062,9588,Town,53049,No,No,0.161,0.8291,1121,Considered but not required,Public,0.0031652724,No
219374,Sinte Gleska University,SD,,,0,7075,15533,,,15889,,1,42291,0.6589861751,0.4407894737,6941,Rural,30228,Yes,No,0.5245,1,,,Public,,No
219383,University of Sioux Falls,SD,,0.8208,0.6051,20874,32728,,16141,46712,,1,63450,0.6408544726,0.2471590909,6429,City,57493,No,No,0.2898,0.7517,,Neither required nor recommended,"Private, nonprofit",,No
219408,Sisseton Wahpeton College,SD,,,0.1296,3050,9887,,,23940,,0.619,48843,0.6271186441,0.5208333333,9351,Rural,38421,Yes,No,0.5812,,,,Public,,No
219471,University of South Dakota,SD,22,0.9895,0.6143,19155,23544,,17500,46290,28291,0.6766,82467,0.6341711957,0.2425454545,11404,Town,53799,No,No,0.1799,0.7998,1122,Considered but not required,Public,,No
219505,American Baptist College,TN,,,0.3333,19294,27241,,19000,32665,,1,46503,0.4285714286,0.4848484848,16949,City,49435,Yes,No,0.6792,0.8,,,"Private, nonprofit",,No
219602,Austin Peay State University,TN,21,0.9595,0.445,14846,26790,,13202,38779,27781,1,79911,0.5990892892,0.395009936,10535,City,52472,No,No,0.456,0.6685,1050,Considered but not required,Public,0.0071273015,No
219639,Baptist Health Sciences University,TN,22,0.6776,0.5375,13401,21438,,16170,59224,43974,0.9737,65286,0.9200680272,0.4285714286,12784,City,61604,No,Yes,0.4698,0.5278,1050,Required,"Private, nonprofit",,No
219709,Belmont University,TN,27,0.9636,0.717,32096,60480,,17500,42770,33536,0.6256,91215,0.6539453326,0.1584582441,12471,City,70368,No,No,0.1852,0.8372,1277,Considered but not required,"Private, nonprofit",,No
219718,Bethel University,TN,18,0.9717,0.349,21803,32270,,16750,38990,33269,1,27495,0.5837135837,0.5121749897,5488,Town,50031,No,No,0.3114,0.5912,1035,Considered but not required,"Private, nonprofit",0.0066690067,No
219790,Bryan College-Dayton,TN,,,0.5593,16494,29541,,13000,45559,,0.2472,57438,0.5620300752,0.3571428571,5317,Town,56756,Yes,No,0.224,0.6452,,,"Private, nonprofit",,No
219806,Carson-Newman University,TN,22,0.6827,0.4645,18661,46345,,14519,39324,32437,0.5381,55323,0.5614213198,0.3466092573,6202,Suburb,53143,No,No,0.3917,0.7358,1111,Considered but not required,"Private, nonprofit",,No
219833,Christian Brothers University,TN,22,0.8842,0.5599,10896,45919,,17589,48592,40905,0.9835,70722,0.5854037267,0.3587921847,9251,City,61225,No,No,0.3057,0.7257,1069,Considered but not required,"Private, nonprofit",,No
219842,Pentecostal Theological Seminary,TN,,,,,,,,,,0.7333,62244,,,7903,City,,,No,0,,,,"Private, nonprofit",,No
219949,Cumberland University,TN,,0.67,0.4698,18292,41657,,11250,52246,38733,0.3609,53388,0.5794155019,0.4082191781,3866,Town,59163,No,No,0.3254,0.6217,,Neither required nor recommended,"Private, nonprofit",,No
219976,Lipscomb University,TN,26,0.6664,0.687,25610,53549,,15350,50454,42458,0.4803,79407,0.6469730124,0.2357032457,12033,City,66979,No,No,0.2118,0.8592,1248,Considered but not required,"Private, nonprofit",,No
220075,East Tennessee State University,TN,23,0.8706,0.4988,15794,25947,,14400,38704,27750,0.6421,76077,0.5834216663,0.3768948094,14786,City,47640,No,No,0.3519,0.7394,1114,Considered but not required,Public,0.0023319907,No
220181,Fisk University,TN,23,0.5791,0.4351,26135,37653,,14250,33604,,0.5798,52650,0.7410714286,0.2657807309,6882,City,55965,No,No,0.4827,0.7282,1236,Considered but not required,"Private, nonprofit",,No
220206,Welch College,TN,,,0.6143,19983,35131,,11375,34190,,0.5098,40293,0.5510204082,,7501,Suburb,55578,Yes,No,0.2725,0.65,,,"Private, nonprofit",,No
220215,Freed-Hardeman University,TN,24,0.9062,0.6837,20082,36972,,16750,40086,22449,1,65952,0.6237288136,0.185046729,8656,Town,53404,No,No,0.2249,0.8061,1109,Considered but not required,"Private, nonprofit",,No
220473,Johnson University,TN,22,0.5377,0.6216,20303,30424,,13500,35649,23733,1,55476,0.4321223709,0.2545454545,10233,Rural,60434,No,No,0.3827,0.7419,1072,Required,"Private, nonprofit",,No
220516,King University,TN,21,0.5439,0.4643,23508,47469,,18000,52248,38121,0.5983,47358,0.6662672259,0.510805501,7304,City,48448,No,No,0.4188,0.5986,,Neither required nor recommended,"Private, nonprofit",,No
220552,South College,TN,,,0.367,17182,30181,,9500,37570,30396,0.3445,77166,0.7802721088,0.4729626809,5202,City,48993,Yes,No,0.4976,0.6154,,,"Private, for-profit",0.0102040816,No
220598,Lane College,TN,,,0.1703,14494,23608,,16750,24623,20871,1,49842,0.4298169137,0.4483870968,7568,City,47796,Yes,No,0.7941,0.4505,,,"Private, nonprofit",,No
220604,Le Moyne-Owen College,TN,15,0.9717,0.247,8992,19270,,17000,25992,20444,0.3796,51768,0.6448467967,0.4876847291,6049,City,43059,No,No,0.7126,0.6,,Neither required nor recommended,"Private, nonprofit",,No
220613,Lee University,TN,24,0.7219,0.6067,20399,34299,,19500,38082,29663,0.8872,68400,0.5898234683,0.3121897408,8571,City,59528,No,No,0.2673,0.8104,1144,Considered but not required,"Private, nonprofit",,No
220631,Lincoln Memorial University,TN,22,0.5927,0.5392,17999,39096,,15337,45242,29790,0.5893,64008,0.7476099426,0.4148606811,12086,Town,43510,No,No,0.3635,0.6934,1093,Considered but not required,"Private, nonprofit",,No
220701,The University of Tennessee Southern,TN,21,0.8271,0.3566,15133,25827,,11175,36151,,1,60048,0.6321070234,0.4102564103,7362,Town,49230,No,No,0.3304,0.6425,1088,Required,Public,,No
220710,Maryville College,TN,24,0.6568,0.4718,20986,53162,,15000,39305,,1,59472,0.5051851852,0.3206951027,9377,Suburb,57523,No,No,0.3536,0.6871,1181,Considered but not required,"Private, nonprofit",,No
220792,Meharry Medical College,TN,,,,,,,,,,,,,,35498,City,57734,,No,,,,,"Private, nonprofit",,No
220862,University of Memphis,TN,,0.9338,0.4942,13253,25164,,15809,40921,36513,0.7122,84924,0.6019404019,0.3675599875,8718,City,58823,No,No,0.3996,0.7121,1051,Considered but not required,Public,0.0034650035,No
220871,Memphis Theological Seminary,TN,,,,,,,,,,1,54747,,,14700,City,,,No,,,,,"Private, nonprofit",,No
220978,Middle Tennessee State University,TN,23,0.68,0.54,12599,22754,,14093,39941,35298,0.7923,84735,0.5808518658,0.3643763797,11990,City,60340,No,No,0.3137,0.7765,1119,Required,Public,0.0042718935,No
220996,Middle Tennessee School of Anesthesia Inc,TN,,,,,,,,,,0.4375,145350,,,5866,City,,,No,,,,,"Private, nonprofit",,No
221351,Rhodes College,TN,30,0.4968,0.8164,25060,68055,,19349,48898,,0.8261,83583,0.5427435388,0.1277890467,15714,City,73395,No,No,0.1508,0.9121,1385,Considered but not required,"Private, nonprofit",,No
221519,The University of the South,TN,29,0.509,0.8237,27498,68704,,17750,53456,38533,0.8874,88047,0.5758293839,0.1323529412,22219,Rural,69475,No,No,0.1488,0.8846,1336,Considered but not required,"Private, nonprofit",,No
221661,Southern Adventist University,TN,,0.6661,0.5143,24334,37875,,18000,44818,31443,0.9941,57735,0.592864638,0.1818181818,11487,Suburb,60144,No,No,0.3092,0.8205,1116,Considered but not required,"Private, nonprofit",,No
221670,Southern College of Optometry,TN,,,,,,,,,,0.8529,97173,,,33568,City,55368,,No,,,,,"Private, nonprofit",,No
221731,Tennessee Wesleyan University,TN,21,0.5941,0.4363,14879,36828,,14000,45987,32826,1,50292,0.6201022147,0.4146788991,8345,Town,48462,No,No,0.3843,0.6378,1051,Considered but not required,"Private, nonprofit",,No
221740,The University of Tennessee-Chattanooga,TN,23,0.7702,0.5309,12817,23563,,12000,42209,35835,0.6881,85500,0.5809781273,0.2933333333,9663,City,55964,No,No,0.3247,0.7447,1117,Required,Public,0.0027033669,No
221759,The University of Tennessee-Knoxville,TN,28,0.4599,0.735,18109,32658,,16000,47782,42072,0.8375,113661,0.5301943394,0.245407184,12735,City,60752,No,No,0.2068,0.9108,1304,Required,Public,0.0015651493,No
221768,The University of Tennessee-Martin,TN,22,0.8732,0.5483,10299,21628,,12981,38863,28617,0.6875,73278,0.6175869121,0.3910690122,10439,Town,48533,No,No,0.3429,0.7339,1090,Required,Public,0.0040899796,No
221838,Tennessee State University,TN,,0.9263,0.3303,10026,23828,,17500,34160,29863,0.7118,76356,0.6611524676,0.3742838956,9579,City,53809,No,No,0.518,0.6022,1017,Considered but not required,Public,0.0030328095,No
221847,Tennessee Technological University,TN,,0.8316,0.5423,14207,25338,,11000,43759,25736,0.755,81783,0.5007582651,0.3755700326,10312,Town,49227,No,No,0.3103,0.7748,1148,Considered but not required,Public,0.0048528966,No
221892,Trevecca Nazarene University,TN,,0.7002,0.5481,14459,38726,,14750,46065,35033,0.9535,62739,0.675904542,0.3916382253,7775,City,59625,No,No,0.3049,0.7507,1090,Considered but not required,"Private, nonprofit",,No
221953,Tusculum University,TN,22,0.6042,0.3054,22874,43172,,14250,39925,33435,0.6024,44541,0.5021321962,0.4538011696,5909,Town,49705,No,No,0.4518,0.5804,,Neither required nor recommended,"Private, nonprofit",,No
221971,Union University,TN,27,0.4718,0.7092,26815,55790,,16666,45505,35725,1,71199,0.7127659574,0.3252375924,13780,City,58820,No,No,0.2521,0.8685,1243,Considered but not required,"Private, nonprofit",,No
221999,Vanderbilt University,TN,35,0.0628,0.9269,19040,84412,,12913,73909,83303,0.836,138897,0.5281124498,0.1222570533,33108,City,76279,No,No,0.1851,0.9641,1550,Considered but not required,"Private, nonprofit",,No
222178,Abilene Christian University,TX,25,0.6388,0.6021,27401,56121,,14750,46727,28876,0.6916,77310,0.6118200134,0.2445229682,9692,City,67136,No,No,0.2202,0.7953,1189,Considered but not required,"Private, nonprofit",,No
222628,Amberton University,TX,,,,,,,,,,0.3846,62316,,,4066,Suburb,,,No,0.2276,,,,"Private, nonprofit",,No
222831,Angelo State University,TX,21,0.7923,0.4073,12915,21625,,12394,41050,28911,0.7427,71226,0.5607034156,0.403975994,7755,City,49632,No,No,0.2707,0.716,1049,Considered but not required,Public,,No
222877,Arlington Baptist University,TX,,,0.0455,28599,32374,,9500,32206,22696,0.1613,36342,0.3643410853,0.4576271186,4205,City,61756,Yes,No,0.5509,0.4356,,,"Private, nonprofit",,No
222983,Austin College,TX,26,0.4666,0.6949,23451,59654,,17500,45242,,0.8551,76680,0.5053304904,0.2339449541,15720,City,74623,No,No,0.3042,0.8,1272,Considered but not required,"Private, nonprofit",,No
222992,Austin Community College District,TX,,,0.18,6306,11156,,6126,38647,31743,0.4091,78615,0.558947788,0.4522895402,10322,City,66212,Yes,No,0.2309,,,,Public,0.0106018334,No
223001,Austin Presbyterian Theological Seminary,TX,,,,,,,,,,0.875,90693,,,34243,City,,,No,,,,,"Private, nonprofit",,No
223083,Baptist Health System School of Health Professions,TX,,0,,,,,14342,73262,44254,0.5263,67347,0.8171428571,0.44,14613,City,,No,No,0.5182,,,Neither required nor recommended,"Private, for-profit",,No
223117,Baptist Missionary Association Theological Seminary,TX,,0.2308,,,,,,46562,,,36108,,,8028,Town,48842,No,No,0.339,,,Neither required nor recommended,"Private, nonprofit",,No
223223,Baylor College of Medicine,TX,,,,,,,,,,0.9159,126360,,,95613,City,72825,,No,,,,,"Private, nonprofit",,No
223232,Baylor University,TX,29,0.5099,0.8016,41942,70130,,19500,56532,37916,0.6462,104679,0.6033829841,0.1710906702,17237,City,73627,No,No,0.1298,0.9062,1313,Considered but not required,"Private, nonprofit",0.0032819995,No
223463,Remington College-Dallas Campus,TX,,,0.3762,27829,34438,0.003720065101,9500,26884,22634,,44226,0.7714097497,0.5946662943,3629,City,57418,Yes,No,0.9204,0.5,,,"Private, nonprofit",0.0081247255,No
223506,Brazosport College,TX,,,0.3867,3022,8423,,4250,37347,38900,1,68400,0.5902097902,0.5394957983,12136,Suburb,60212,Yes,No,0.1763,1,,,Public,0.0153846154,No
224004,Concordia University Texas,TX,20,0.9106,0.4051,22240,52098,,15134,48058,,1,53379,0.6484230056,0.3770491803,5782,City,72128,No,No,0.3978,0.6319,988,Considered but not required,"Private, nonprofit",,No
224147,Texas A & M University-Corpus Christi,TX,22,0.8947,0.3374,15137,24562,,15273,42933,33695,0.7362,82656,0.6254948535,0.390052356,9453,City,54287,No,No,0.3965,0.585,1086,Considered but not required,Public,0.003365004,No
224226,Dallas Baptist University,TX,23,0.9108,0.6041,30092,49343,,16000,45138,29256,1,75627,0.6104868914,0.3233143786,9507,City,71641,No,No,0.239,0.6377,1109,Considered but not required,"Private, nonprofit",,No
224244,Dallas Christian College,TX,,0.8403,0.2391,22456,32916,,15000,39868,,0.3333,50724,0.523255814,0.4013157895,5869,Suburb,69721,No,No,0.5219,0.3867,1022,Considered but not required,"Private, nonprofit",,No
224305,Dallas Theological Seminary,TX,,,,,,,,,,1,80100,,,10395,City,,,No,,,,,"Private, nonprofit",,No
224323,University of Dallas,TX,28,0.542,0.6802,25470,64752,,18478,45950,,0.5982,78813,0.5697445972,0.1646586345,12355,City,75912,No,No,0.2636,0.8065,1284,Considered but not required,"Private, nonprofit",,No
224350,Del Mar College,TX,,,0.128,4250,12022,,3500,32526,30064,1,68202,0.585812357,0.5048859935,11059,City,48967,Yes,No,0.3323,,,,Public,0.0080091533,No
224527,East Texas Baptist University,TX,,0.601,0.4797,23790,41833,,15030,41759,,1,65601,0.4719800747,0.3182423435,7581,Town,56363,No,No,0.3141,0.6915,,Neither required nor recommended,"Private, nonprofit",,No
224545,Texas A&M University-Texarkana,TX,21,0.8019,0.312,12637,22143,,12500,41785,50740,0.6405,80154,0.6505125815,0.4750519751,15383,City,44204,No,No,0.5126,0.6,1006,Considered but not required,Public,,No
224554,Texas A & M University-Commerce,TX,21,0.9259,0.4593,11268,23663,,14250,43157,31476,0.4592,79605,0.631394534,0.4202706288,8869,Town,57562,No,No,0.405,0.6306,1067,Considered but not required,Public,0.007474889,No
224615,Dallas College,TX,,,0.3553,4146,9641,,5500,35493,29747,0.3785,76527,0.7239532619,0.5606060606,2763,City,53236,Yes,No,0.2291,0.8947,,,Public,0.0065725414,No
224660,Western Technical College,TX,,,0.6786,29771,,,13406,35035,30958,0.6338,44262,0.2959401709,0.5235042735,5984,City,42295,Yes,No,0.4672,0.8846,,,"Private, for-profit",0.0251068376,No
224679,Western Technical College,TX,,,0.7131,,,,13406,35035,30958,0.7845,38493,0.2959401709,0.5235042735,4364,City,42295,Yes,No,0.1606,0.8333,,,"Private, for-profit",0.0251068376,No
224712,Episcopal Theological Seminary of the Southwest,TX,,,,,,,,,,0.9444,75735,,,43030,City,,,No,,,,,"Private, nonprofit",,No
224961,Galveston College,TX,,,0.3235,8127,14555,,7250,34299,30634,0.5463,63135,0.5901639344,0.4829351536,7097,City,47024,Yes,No,0.4181,,,,Public,0.0232240437,No
225070,Grayson College,TX,,,0.2007,4984,12290,,7500,36417,27667,0.6283,65241,0.5971786834,0.5015069319,12436,Rural,51981,Yes,No,0.3136,0.6667,,,Public,0.0161964472,No
225201,Hallmark University,TX,,0.9823,0.6827,11130,,,18989,46666,41551,0.3717,49176,0.3233458177,0.4601769912,4469,City,55040,No,No,0.4963,0.6765,,Considered but not required,"Private, nonprofit",0.0436953808,No
225247,Hardin-Simmons University,TX,21,0.9653,0.4956,21031,45059,,13359,44392,,0.6065,70227,0.5303797468,0.3147138965,11093,City,59593,No,No,0.3838,0.6533,1064,Considered but not required,"Private, nonprofit",,No
225308,Trinity Valley Community College,TX,,,0.2395,3801,13707,,6707,32725,34287,0.7315,59418,0.6272048847,0.4843940008,5326,Town,50517,Yes,No,0.3013,,,,Public,0.0071234735,No
225399,Houston Christian University,TX,25,0.8515,0.498,19710,47605,,11000,44595,36126,0.5038,71199,0.6459016393,0.3627546072,5846,City,72476,No,No,0.5395,0.6915,1092,Considered but not required,"Private, nonprofit",,No
225414,University of Houston-Clear Lake,TX,20,0.753,0.5085,11056,23788,,13548,52098,31371,0.5875,89415,0.6814381271,0.4821073559,8687,City,67975,No,No,0.438,0.7526,1105,Considered but not required,Public,0.0091973244,No
225432,University of Houston-Downtown,TX,,0.9064,0.3376,14623,23017,,13750,49120,36976,0.5218,83943,0.6537602383,0.5270877691,6757,City,59551,No,No,0.5162,0.6741,1041,Considered but not required,Public,0.0067014147,No
225502,University of Houston-Victoria,TX,,0.7671,0.2652,8624,21179,,13565,44888,35784,0.511,83835,0.6554726368,0.4573304158,10254,City,60679,No,No,0.4396,0.6127,1085,Considered but not required,Public,0.0074626866,No
225511,University of Houston,TX,26,0.6953,0.6492,13853,25056,,14000,52768,41692,0.7783,118863,0.5257100149,0.4049271339,9176,City,68874,No,No,0.4089,0.8644,1229,Considered but not required,Public,0.0040358744,No
225548,Howard Payne University,TX,,0.6769,0.3112,25255,44579,,11892,38212,25762,1,57960,0.3906705539,0.3740095087,9885,Town,55883,No,No,0.4217,0.5477,1019,Considered but not required,"Private, nonprofit",,No
225575,Huston-Tillotson University,TX,17,,0.3607,19847,25336,,15999,38342,,0.3853,50994,0.5871559633,0.4343971631,9157,City,57117,Yes,No,0.6236,0.5054,,,"Private, nonprofit",,No
225627,University of the Incarnate Word,TX,20,0.9336,0.5184,20498,45850,,21231,47625,35819,0.503,80622,0.6407207207,0.4326269492,11836,City,59715,No,No,0.4293,0.7238,1042,Considered but not required,"Private, nonprofit",0.0068468468,No
225885,Jarvis Christian University,TX,,,0.1508,10409,25054,,12000,27077,24425,0.3333,62172,0.5162790698,0.4596443228,6386,Rural,49930,Yes,No,0.5226,0.4878,,,"Private, nonprofit",,No
226091,Lamar University,TX,20,0.8573,0.3718,11429,21626,,12500,47077,34715,0.7943,80307,0.653966831,0.4325285896,5030,City,53474,No,No,0.438,0.6099,1040,Considered but not required,Public,0.0042581802,No
226134,Laredo College,TX,,,0.3054,5309,11323,,2334,27435,24417,0.5652,67068,0.5263026677,0.5432893466,5568,City,40784,Yes,No,0.3847,,,,Public,0.0047369733,No
226152,Texas A & M International University,TX,18,0.4596,0.4892,3061,14767,,11000,37327,30541,0.5793,80739,0.6114854026,0.4917466411,6281,City,43910,No,No,0.6333,0.7364,1008,Required,Public,,No
226231,LeTourneau University,TX,26,0.4068,0.6111,25314,48206,,19000,51058,35980,0.3345,57924,0.5167714885,0.3405714286,10374,City,63985,No,No,0.134,0.8054,1262,Considered but not required,"Private, nonprofit",,No
226383,Lubbock Christian University,TX,23,0.7319,0.4871,25910,40493,,15750,46464,34204,0.512,64971,0.6372430472,0.359947644,7944,City,51468,No,No,0.3306,0.7391,1086,Considered but not required,"Private, nonprofit",,No
226408,College of the Mainland,TX,,,0.2825,1975,8014,,5156,36164,40177,0.9821,62721,0.6331360947,0.4648760331,5060,City,55565,Yes,No,0.2764,,,,Public,0.011834319500000001,No
226471,University of Mary Hardin-Baylor,TX,22,0.9512,0.534,28690,45235,,15750,48368,33302,0.5412,76005,0.6331224842,0.3244084682,10900,Suburb,62566,No,No,0.3685,0.6788,1098,Considered but not required,"Private, nonprofit",0.0057504313,No
226587,McMurry University,TX,24,0.5765,0.3862,19988,43087,,19000,38647,56592,1,68229,0.4303977273,0.3742038217,9390,City,52571,No,No,0.4492,0.646,1072,Considered but not required,"Private, nonprofit",,No
226806,Midland College,TX,,,0.1713,5720,12519,,6300,38470,33845,0.4799,67032,0.6422128683,0.5471556886,7189,City,49761,Yes,No,0.1919,,,,Public,0.0078171978,No
226833,Midwestern State University,TX,,0.8738,0.4128,11882,22411,,13051,46637,34282,0.702,73305,0.5839070568,0.381792183,10910,City,57712,No,No,0.4004,0.63,,Neither required nor recommended,Public,0.0051635112,No
226879,Wade College,TX,,,0.4545,21998,28347,,14608,28055,,0.4138,53181,0.8303030303,0.3333333333,5248,City,62645,Yes,No,0.6815,1,,,"Private, for-profit",,No
227182,Lone Star College System,TX,,,0.185,9322,14637,0.001581093451,5500,32889,31342,1,70389,0.6170810107,0.5052254098,4082,City,68473,Yes,No,0.2308,,,,Public,0.0084225088,No
227216,University of North Texas,TX,23,0.7246,0.5957,14352,25470,,14000,46304,35485,0.6363,99486,0.5485318429,0.347966205,6266,City,72891,No,No,0.3608,0.7696,1109,Considered but not required,Public,0.0048807368,No
227289,Oblate School of Theology,TX,,,,,,,,,,0.96,50121,,,35659,City,,,No,,,,,"Private, nonprofit",,No
227304,Odessa College,TX,,,0.2794,9296,12315,,6000,34867,,0.3351,63783,0.6343589744,0.5713346483,6758,City,43302,Yes,No,0.2553,0.6053,,,Public,0.0056410256,No
227331,Our Lady of the Lake University,TX,19,,0.4243,17760,42137,,17084,41195,26751,0.5044,63846,0.6926713948,0.4759284732,13685,City,52505,Yes,No,0.5749,0.5833,,,"Private, nonprofit",,No
227368,The University of Texas Rio Grande Valley,TX,,0.8482,0.4927,6500,18343,,9593,35812,32769,0.8148,79119,0.5758743754,0.5259824759,9162,City,35906,No,No,0.6376,0.7891,1020,Considered but not required,Public,0.0045681656,No
227429,Paul Quinn College,TX,,0.3381,0.381,20244,24912,,11090,27021,,0.2093,61065,0.5644820296,0.4846938776,5349,City,52585,No,No,0.6976,0.5567,,Neither required nor recommended,"Private, nonprofit",,No
227526,Prairie View A & M University,TX,19,0.753,0.4322,14041,25958,,17500,36350,34110,0.8099,80037,0.6100395073,0.3349093775,8827,Rural,57579,No,No,0.6244,0.7405,949,Required,Public,0.00232396,No
227757,Rice University,TX,35,0.0788,0.9569,12640,74110,,9716,79751,98107,0.8372,162423,0.4518167457,0.1447587354,37803,City,77707,No,No,0.1607,0.9758,1553,Considered but not required,"Private, nonprofit",,No
227845,Saint Edward's University,TX,,0.8369,0.6418,23636,64975,,20000,47743,45785,0.5074,84906,0.6216216216,0.3254397835,10381,City,71197,No,No,0.3947,0.7797,1135,Considered but not required,"Private, nonprofit",,No
227863,University of St Thomas,TX,21,0.9334,0.6862,18762,44151,,12548,49971,34157,0.9811,73215,0.7171052632,0.3778625954,12533,City,71790,No,No,0.3792,0.7335,1204,Considered but not required,"Private, nonprofit",,No
227881,Sam Houston State University,TX,21,0.8539,0.5507,16025,24517,,16500,45337,31385,0.7956,74781,0.6614142466,0.4140865737,7731,Town,63900,No,No,0.3985,0.7544,1055,Considered but not required,Public,0.0070321656,No
227924,San Antonio College,TX,,,0.2206,5290,11576,0.002179123992,6500,34318,28117,0.5265,70992,0.6006489874,0.5158227848,6487,City,51882,Yes,No,0.3369,,,,Public,0.0081682891,No
227979,San Jacinto Community College,TX,,,0.3439,7540,14990,,5750,35337,31366,0.377,73242,0.5978437283,0.5342917041,9307,City,61495,Yes,No,0.303,,,,Public,0.0086946441,No
228042,Schreiner University,TX,21,0.8797,0.437,20410,46294,,13500,45527,,0.5217,68175,0.6041358936,0.3729903537,9618,Town,58273,No,No,0.4381,0.7197,,Neither required nor recommended,"Private, nonprofit",,No
228149,St. Mary's University,TX,,0.8895,0.5879,21352,46368,,19500,44130,24534,0.6432,94212,0.5690168818,0.3872387239,11887,City,56236,No,No,0.4203,0.67490000000000006,989,Considered but not required,"Private, nonprofit",,No
228194,South Texas College of Law Houston,TX,,,,,,,,,,0.4188,139257,,,21292,City,,,No,,,,,"Private, nonprofit",,No
228246,Southern Methodist University,TX,33,0.6122,0.8325,41778,82532,,15311,65556,65432,0.6808,128916,0.5095367847,0.1568247822,18056,Suburb,82038,No,No,0.1186,0.8961,1424,Considered but not required,"Private, nonprofit",,No
228325,Southwestern Assemblies of God University,TX,20,0.8423,0.3553,19655,32765,,14750,37425,24856,0.4841,56736,0.4973913043,0.3815028902,7995,Suburb,59789,No,No,0.495,0.8125,1014,Required,"Private, nonprofit",,No
228343,Southwestern University,TX,28,0.3907,0.6934,27468,63645,,19500,49249,,0.7736,79695,0.5737051793,0.2033542977,16062,City,75446,No,No,0.2313,0.8303,1269,Considered but not required,"Private, nonprofit",,No
228431,Stephen F Austin State University,TX,21,0.8825,0.5175,15152,24231,,17750,43144,31178,0.7425,76500,0.6564477848,0.353515625,8849,Town,60702,No,No,0.3679,0.7129,1074,Considered but not required,Public,0.0027689873,No
228459,Texas State University,TX,22,0.8948,0.5617,16438,26348,,14993,46716,30974,0.7667,80253,0.6008479288,0.3582704187,7021,City,66830,No,No,0.3615,0.7751,1093,Considered but not required,Public,0.0029886016,No
228468,Southwestern Adventist University,TX,21,0.5552,0.4109,20581,35804,,21500,43643,32945,0.9592,57438,0.5696517413,0.3415977961,10682,Town,57388,No,No,0.3885,0.704,1031,Considered but not required,"Private, nonprofit",,No
228486,Southwestern Christian College,TX,,,0.4918,16870,21900,,,19686,,1,26721,0.5112781955,0.389380531,12507,Town,55737,Yes,No,0.9057,,,,"Private, nonprofit",,No
228501,Sul Ross State University,TX,16,0.9562,0.2744,10991,23759,,11000,34340,25940,0.5986,67860,0.5453857791,0.4626998224,10188,Town,40704,No,No,0.5161,0.5833,984,Considered but not required,Public,,No
228529,Tarleton State University,TX,20,0.942,0.5123,20261,22981,,13989,46729,32908,0.6,73584,0.6463891249,0.4210031937,5547,Town,55170,No,No,0.3711,0.7381,1068,Considered but not required,Public,0.0040781648,No
228635,University of Texas Southwestern Medical Center,TX,,,,,,,,,,0.8989,88866,0.4297520661,,723521,City,74002,,No,,,,,Public,,No
228644,The University of Texas Health Science Center at San Antonio,TX,,,,,,,15000,73887,36368,0.748,100206,0.7620817844,0.3713692946,149762,City,63722,,No,0.3516,,,,Public,,No
228653,The University of Texas Medical Branch at Galveston,TX,,,,,,,12678,82535,36121,0.9727,98226,0.8241106719,0.3766233766,232903,City,64429,,No,0.2051,,,,Public,,No
228705,Texas A & M University-Kingsville,TX,19,0.9229,0.4559,10204,22262,,15873,44882,29738,0.8445,77346,0.5565967941,0.4587833997,10905,Town,45266,No,No,0.5455,0.6698,1030,Considered but not required,Public,0.0051787916,No
228723,Texas A & M University-College Station,TX,28,0.6325,0.8378,20924,32085,0.001344989913,15000,59386,43614,0.8444,128817,0.5116777884,0.2995074728,18980,City,67194,No,No,0.1923,0.9425,1272,Required,Public,0.0024626629,No
228769,The University of Texas at Arlington,TX,23,0.8129,0.5652,15235,25265,0.001536688436,11791,60902,45797,0.6347,99837,0.6641992791,0.4376915601,6856,City,66876,No,No,0.3958,0.7288,1116,Considered but not required,Public,0.0073377961,No
228778,The University of Texas at Austin,TX,30,0.2912,0.8764,19678,29842,,18909,60896,54929,0.8347,139590,0.5606045134,0.2751759015,20900,City,72284,No,No,0.2511,0.9612,1380,Considered but not required,Public,0.0010211375,No
228787,The University of Texas at Dallas,TX,,0.6546,0.7083,17435,28210,,13750,57249,45442,0.7309,133812,0.4620796156,0.313957935,10990,City,79361,No,No,0.2973,0.8813,1300,Considered but not required,Public,0.0046328071,No
228796,The University of Texas at El Paso,TX,,0.999,0.4595,10726,19327,,12573,37978,35229,0.6799,87975,0.5511453605,0.4063639794,7531,City,46777,No,No,0.606,0.7735,982,Considered but not required,Public,0.0055948485,No
228802,The University of Texas at Tyler,TX,22,0.9154,0.4677,13931,23669,,12500,49355,33978,0.7833,178218,0.599025974,0.3912268188,25565,City,53622,No,No,0.3796,0.7303,1113,Considered but not required,Public,0.0068181818,No
228866,Texas Chiropractic College Foundation Inc,TX,,,,,,,,,,0.6757,69282,,,15013,City,64593,,No,,,,,"Private, nonprofit",,No
228875,Texas Christian University,TX,29,0.426,0.8561,33531,72778,,19000,60435,58833,0.9986,121599,0.6027837259,0.2040586246,19710,City,76266,No,No,0.1347,0.9428,1303,Considered but not required,"Private, nonprofit",,No
228884,Texas College,TX,,,0.1069,10650,20832,,19500,27901,,0.8182,45495,0.3277962348,0.4511082138,2857,City,47120,Yes,No,0.8536,0.597,,,"Private, nonprofit",,No
228909,University of North Texas Health Science Center,TX,,,,,,,,,,0.7765,106848,,,38483,City,63070,,No,,,,,Public,,No
228981,Texas Lutheran University,TX,,0.9479,0.5518,22587,47548,,14315,48125,32842,0.5896,69417,0.4844632768,0.3554216867,11050,Town,65468,No,No,0.3763,0.6715,1124,Considered but not required,"Private, nonprofit",,No
229018,The University of Texas Permian Basin,TX,20,0.8446,0.4298,9144,21727,,12285,50020,48696,0.9623,80316,0.607340372,0.4621125144,10228,City,47475,No,No,0.356,0.6136,1031,Considered but not required,Public,,No
229027,The University of Texas at San Antonio,TX,22,0.8846,0.5119,11234,21474,,15000,46340,35191,0.7579,93357,0.5416743841,0.388502455,6417,City,63798,No,No,0.4225,0.794,1102,Considered but not required,Public,0.0044452676,No
229063,Texas Southern University,TX,17,0.9335,0.1989,19734,24899,,16250,32986,28342,0.6116,72459,0.5913492576,0.3879505924,9906,City,53781,No,No,0.713,0.5699,913,Considered but not required,Public,0.0058102001,No
229115,Texas Tech University,TX,26,0.7089,0.6747,20071,27472,,15250,52588,38737,0.8372,103905,0.4967522425,0.3237946777,8087,City,65284,No,No,0.2575,0.8487,1182,Considered but not required,Public,0.0045365502,No
229160,Texas Wesleyan University,TX,19,0.6239,0.3235,19398,50619,,13992,44773,,0.2203,75006,0.6058763931,0.4829612221,9850,City,62890,No,No,0.4114,0.6312,1051,Considered but not required,"Private, nonprofit",,No
229179,Texas Woman's University,TX,21,0.9499,0.4421,10948,20399,,14000,48773,32466,0.9933,83340,0.9028707101,0.4157868276,7221,City,69739,No,No,0.4045,0.7362,,Neither required nor recommended,Public,0.0047485431,No
229267,Trinity University,TX,31,0.2816,0.8193,23650,65774,,19500,55224,,0.7822,108396,0.5405405405,0.1736842105,20197,City,78650,No,No,0.164,0.9237,1407,Considered but not required,"Private, nonprofit",,No
229300,The University of Texas Health Science Center at Houston,TX,,,,,,,12500,89371,49393,0.6331,105840,0.8463035019,0.4071588367,246597,City,72139,,No,0.426,,,,Public,,No
229337,Texas Tech University Health Sciences Center,TX,,,,,,,11250,84007,41674,0.9526,84933,0.87001287,0.4322766571,40111,City,60332,,No,0.143,,,,Public,,No
229355,Tyler Junior College,TX,,,0.2669,9924,15881,,6500,33789,32670,0.6274,54405,0.5809876146,0.4549507709,4720,City,50647,Yes,No,0.3562,0.6095,,,Public,0.0070773685,No
229780,Wayland Baptist University,TX,,0.5405,0.1919,20540,34762,,15467,44159,37042,1,54810,0.5776031434,0.4545973729,12615,Town,52818,No,No,0.3952,0.4754,,Neither required nor recommended,"Private, nonprofit",0.0054027505,No
229799,Weatherford College,TX,,,0.2283,8664,15148,,6500,36014,,1,67410,0.7039443155,0.4874264312,7288,Town,56911,Yes,No,0.1943,,,,Public,0.007424594,No
229814,West Texas A & M University,TX,21,0.9735,0.4731,20841,23383,,12620,44399,36470,0.8167,76545,0.6003377428,0.39375,6654,Town,51385,No,No,0.3933,0.6715,1072,Considered but not required,Public,0.0028145229,No
229887,Wiley University,TX,,,0.2,10095,20322,,16833,28078,22152,0.5957,51048,0.6262740657,0.4155672823,4856,Town,46196,Yes,No,0.7708,0.3167,,,"Private, nonprofit",,No
230038,Brigham Young University,UT,29,0.6919,0.8221,14487,20879,,8310,58450,56772,0.7152,124749,0.4795278495,0.1379568885,19039,City,64914,No,No,0.3229,0.8905,1376,Considered but not required,"Private, nonprofit",0.0029509406,No
230047,Brigham Young University-Hawaii,HI,24,0.3787,0.5439,13884,22970,,5500,39316,,1,94176,0.6020558003,0.191904048,14133,Town,69190,No,No,0.2969,0.6701,1104,Required,"Private, nonprofit",,No
230171,Utah Tech University,UT,,,0.3421,15265,19660,,7191,37959,32012,0.4194,74817,0.5605573419,0.3900029061,4253,City,56462,Yes,No,0.223,0.6301,,,Public,0.005091104,No
230366,Eagle Gate College-Murray,UT,,,0.5278,28945,33925,,20000,36393,28292,0.6667,63270,0.7718446602,0.5258126195,5811,City,64280,Yes,No,0.4828,0.6667,,,"Private, for-profit",,No
230418,Ensign College,UT,,,0.3109,10003,13892,,3500,43320,34283,0.0858,77607,0.4254090472,0.2960325534,2079,City,65716,Yes,No,0.1134,0.6139,,,"Private, nonprofit",,No
230597,Snow College,UT,,,0.4665,6071,12190,,4500,34587,36889,1,71001,0.532627866,0.3255159475,7696,Town,58086,Yes,No,0.2088,0.4,,,Public,,No
230603,Southern Utah University,UT,23,0.8047,0.5899,11432,19512,,7751,41147,34884,0.706,77724,0.5524714829,0.3208985158,7172,Town,55546,No,No,0.2421,0.7352,,Neither required nor recommended,Public,0.0045627376,No
230728,Utah State University,UT,25,0.9362,0.5732,12869,21050,,9500,44822,35203,0.9719,97416,0.5495908753,0.2835781742,12729,City,60534,No,No,0.2569,0.7415,1189,Considered but not required,Public,0.0032234069,No
230737,Utah Valley University,UT,,,0.4074,8463,15172,0.001633186347,8899,46825,44275,0.4845,88758,0.47188775,0.2721558768,6096,City,65815,Yes,No,0.2337,0.6967,,,Public,0.0043785451,No
230764,University of Utah,UT,26,0.8717,0.6391,13172,21799,,14000,55239,48936,0.8866,111987,0.5055296857,0.2944091683,17807,City,69474,No,No,0.201,0.8538,1231,Considered but not required,Public,0.0045110594,No
230782,Weber State University,UT,,,0.4298,10722,16172,,9666,47061,38282,0.9459,88488,0.5842472582,0.3735113677,6610,City,66371,Yes,No,0.1642,0.666,,,Public,0.0049850449,No
230807,Westminster University,UT,27,0.6883,0.6936,26536,56801,,18500,52994,32659,1,76833,0.609394314,0.2687747036,16353,City,70649,No,No,0.2508,0.7594,1249,Considered but not required,"Private, nonprofit",,No
230816,Bennington College,VT,,0.4804,0.6667,31918,82968,,19250,24711,,0.4844,100458,0.671875,0.1260162602,22739,Town,77879,No,No,0.2124,0.8505,1358,Considered but not required,"Private, nonprofit",,No
230852,Champlain College,VT,,0.6672,0.6301,35000,63000,,19500,48844,45857,1,90999,0.4702731655,0.3172011662,10463,City,72226,No,No,0.2314,0.7666,1262,Considered but not required,"Private, nonprofit",0.0053561864,No
230889,Goddard College,VT,,0.1951,0.75,30152,36263,,16750,41102,,0.35,46503,0.821192053,0.2907801418,4569,Rural,61220,No,No,0.5268,1,,Neither required nor recommended,"Private, nonprofit",,No
230959,Middlebury College,VT,33,0.1037,0.9259,25934,82260,,11522,57291,60466,0.9221,121419,0.53432282,0.2157258065,29547,Town,77169,No,No,0.1673,0.9358,1500,Considered but not required,"Private, nonprofit",,No
230995,Norwich University,VT,,0.7361,0.6103,25600,65098,,17501,59743,39656,0.4759,72792,0.2662429379,0.2363090773,9535,Rural,68974,No,No,0.2445,0.694,1190,Considered but not required,"Private, nonprofit",,No
231059,Saint Michael's College,VT,,0.9185,0.6887,30033,67174,,21500,46898,,0.9815,80352,0.6151515152,0.1171875,10686,Suburb,75427,No,No,0.177,0.8411,1241,Considered but not required,"Private, nonprofit",,No
231068,SIT Graduate Institute,VT,,,,,,,,,,0.1333,63567,,,39502,Rural,68457,,No,,,,,"Private, nonprofit",,No
231095,Sterling College,VT,,0.9231,0.4286,30785,52300,,13625,27109,,0.5455,49014,0.6542056075,,25308,Rural,65828,No,No,0.3465,0.3,,Neither required nor recommended,"Private, nonprofit",,No
231147,Vermont Law and Graduate School,VT,,,,,,,,,,1,80721,,,23121,Rural,66187,,No,,,,,"Private, nonprofit",,No
231165,Vermont State University,VT,,0.8323,0.4894,20865,30074,,11000,41340,30280,1,69912,0.538807649,0.3808948005,13327,Rural,58283,No,No,0.3148,0.6681,,Neither required nor recommended,Public,,No
231174,University of Vermont,VT,31,0.6002,0.7856,20860,35116,,17500,48164,37086,0.7804,93951,0.6014972646,0.1151121606,13126,City,74257,No,No,0.1283,0.8816,1357,Considered but not required,Public,,No
231420,Averett University,VA,20,0.478,0.4357,23262,51456,,16750,46273,30435,1,58581,0.5265760198,0.3755102041,10409,Town,58009,No,No,0.3904,0.5863,1054,Considered but not required,"Private, nonprofit",,No
231554,Bluefield University,VA,,0.6272,0.2714,22198,41806,,13000,41923,,1,52893,0.5660091047,0.4250411862,8087,Town,55033,No,No,0.4567,0.4932,,Neither required nor recommended,"Private, nonprofit",,No
231581,Bridgewater College,VA,25,0.9081,0.4944,20173,56195,,17500,45620,30446,0.7163,65628,0.5239043825,0.320212766,8268,Suburb,65460,No,No,0.2939,0.7749,1225,Considered but not required,"Private, nonprofit",,No
231624,William & Mary,VA,33,0.3272,0.9101,22529,41118,,15500,62959,45906,0.7906,117630,0.6071726439,0.1316695353,16353,Suburb,83534,No,No,0.1208,0.9463,1458,Considered but not required,Public,,No
231651,Regent University,VA,26,0.4118,0.5409,18749,30550,,11000,42066,40340,0.773,75285,0.653869969,0.4198855508,3911,City,64029,No,No,0.48,0.6627,1169,Considered but not required,"Private, nonprofit",0.0111455108,No
231712,Christopher Newport University,VA,27,0.8796,0.7508,22197,32242,,19500,51931,33413,0.6335,95472,0.5952380952,0.181010929,11976,City,79798,No,No,0.1457,0.8277,1207,Considered but not required,Public,,No
231785,Bryant & Stratton College-Virginia Beach,VA,,,0.281,12134,22769,0.004953560372,9500,27873,23903,0.2209,54837,0.8171590332,0.5378553335,7802,City,48773,Yes,Yes,0.6187,0.4,,,"Private, nonprofit",0.0111780504,No
231970,Eastern Virginia Medical School,VA,,,,,,,,,,0.9237,100494,,,45621,City,68853,,No,,,,,Public,,No
232025,Emory & Henry University,VA,,0.963,0.5375,20591,52311,,18460,39448,,0.9667,68139,0.4874100719,0.2670565302,14294,Rural,53554,No,No,0.4085,0.6916,1171,Considered but not required,"Private, nonprofit",,No
232043,Eastern Mennonite University,VA,30,0.9975,0.4709,23615,54378,,16750,48158,29735,0.9505,57168,0.6357142857,0.3190661479,13158,City,59648,No,No,0.2691,0.7612,,Neither required nor recommended,"Private, nonprofit",,No
232089,Ferrum College,VA,21,1,0.2886,22085,54506,,14250,36418,23700,1,51795,0.3958785249,0.3884892086,8527,Rural,59937,No,No,0.4651,0.586,990,Considered but not required,"Private, nonprofit",,No
232186,George Mason University,VA,28,0.8883,0.6932,18287,26972,,15750,60536,41491,0.529,124281,0.557201846,0.2998785917,15131,Suburb,95275,No,No,0.2951,0.8735,1247,Considered but not required,Public,0.0024289531,No
232256,Hampden-Sydney College,VA,24,0.5013,0.6527,24668,67129,,19500,55846,32448,0.8774,79533,,,19893,Rural,68823,No,No,0.22,0.8495,1168,Considered but not required,"Private, nonprofit",,No
232265,Hampton University,VA,,0.4827,0.5567,32145,45968,,19500,42721,34385,1,71730,0.6915351506,0.1975116641,17051,Suburb,65714,No,No,0.3806,0.8478,1062,Considered but not required,"Private, nonprofit",,No
232308,Hollins University,VA,,0.7086,0.6968,22263,57481,,22925,29863,,0.6797,64962,,0.2582417582,17553,Suburb,65801,No,No,0.3314,0.7429,1256,Considered but not required,"Private, nonprofit",,Yes
232423,James Madison University,VA,27,0.7625,0.8089,21816,30213,,17272,57438,40350,0.8047,93852,0.6132253203,0.2083089526,10477,City,81580,No,No,0.1683,0.9014,1247,Considered but not required,Public,,No
232557,Liberty University,VA,,0.9932,0.6348,29552,41707,0.002036526081,15943,39707,34399,0.1555,72378,0.6439648587,0.4239865593,4101,City,62401,No,No,0.3908,0.7879,,Neither required nor recommended,"Private, nonprofit",0.0080977846,No
232566,Longwood University,VA,20,0.848,0.616,20814,32870,,19000,46058,,1,78543,0.6877637131,0.2788768347,11227,Town,69841,No,No,0.26,0.7775,1117,Considered but not required,Public,,No
232609,University of Lynchburg,VA,,0.8219,0.6162,20187,48300,,22500,44261,28698,0.7269,74088,0.6171548117,0.3015184382,12557,City,73876,No,No,0.2731,0.7585,1100,Considered but not required,"Private, nonprofit",,No
232618,Centra College,VA,,1,1,24868,31771,,12000,60052,,0.4815,68958,0.9234972678,0.5602409639,21962,City,52002,No,No,0.4367,1,,Neither required nor recommended,"Private, nonprofit",,No
232672,Mary Baldwin University,VA,,,0.5566,17833,44435,,12250,39075,,0.3094,71964,0.9311258278,0.4,10614,City,62187,Yes,No,0.4833,0.61240000000000006,,,"Private, nonprofit",,No
232681,University of Mary Washington,VA,29,0.8626,0.6738,21108,29234,,16250,49411,29698,0.6957,85932,0.6853146853,0.2479892761,11682,Suburb,83782,No,No,0.2024,0.8197,1241,Considered but not required,Public,,No
232706,Marymount University,VA,,0.8052,0.5789,25153,55748,,20000,57801,40365,0.4098,76653,0.7027559055,0.2982646421,9175,City,89815,No,No,0.2211,0.76,,Neither required nor recommended,"Private, nonprofit",,No
232797,American National University,VA,,,0.2632,20215,24065,,7567,23830,21047,,34695,0.8436098655,0.5898681471,5532,Suburb,47753,Yes,No,0.7147,0.7143,,,"Private, for-profit",0.0168161435,No
232885,Sentara College of Health Sciences,VA,,,,,,,15694,78992,29627,0.5672,79632,0.9133574007,0.368,15746,City,61444,,No,0.3449,,,,"Private, nonprofit",,No
232937,Norfolk State University,VA,18,0.8746,0.3267,12973,26093,,17277,33412,27764,0.6301,85680,0.6717408275,0.3735213831,12665,City,56695,No,No,0.6219,0.7197,980,Considered but not required,Public,0.0054644809,No
232982,Old Dominion University,VA,24,0.9052,0.4435,14170,27180,,16300,46732,30840,0.9509,91386,0.6019766397,0.3321371117,12032,City,63797,No,No,0.3694,0.7592,1190,Required,Public,0.0053908356,No
233277,Radford University,VA,21,0.9064,0.4962,16640,26681,,17500,44830,30691,0.6799,85131,0.5950139914,0.3143638851,15606,Town,67375,No,No,0.3537,0.7267,1061,Considered but not required,Public,0.0027982702,No
233295,Randolph-Macon College,VA,,0.834,0.746,27759,61174,,22500,48067,,0.6439,78624,0.546191248,0.2254237288,13321,Suburb,76295,No,No,0.202,0.8092,1148,Considered but not required,"Private, nonprofit",,No
233301,Randolph College,VA,25,0.9494,0.5149,18436,43838,,17455,39122,,1,74502,0.7146892655,0.2626865672,17013,City,68832,No,No,0.4059,0.6803,1109,Considered but not required,"Private, nonprofit",,No
233356,Bon Secours Memorial College of Nursing,VA,,,,,,,23933,75150,,0.7541,76185,0.90625,0.3620689655,7402,Suburb,70965,,No,0.2058,,,,"Private, nonprofit",,No
233374,University of Richmond,VA,,0.2331,0.8784,33417,77290,,19000,67927,57279,0.7138,124974,0.5490909091,0.1226295828,24785,City,83716,No,No,0.1755,0.9318,1474,Considered but not required,"Private, nonprofit",,No
233408,Riverside College of Health Careers,VA,,0.1667,0.625,25596,29743,,14250,54261,,0.75,74241,,0.344,13816,City,61090,No,No,0.4792,,,Neither required nor recommended,"Private, nonprofit",,No
233426,Roanoke College,VA,25,0.8007,0.6589,27786,54059,,22313,45330,29776,0.8394,67977,0.5968523002,0.206590621,12604,Suburb,74630,No,No,0.2432,0.7789,1193,Considered but not required,"Private, nonprofit",,No
233541,Shenandoah University,VA,,0.7784,0.7055,30055,50500,,19500,48167,36801,0.58,75393,0.6084990958,0.2771317829,11384,City,74666,No,No,0.1865,0.8168,,Neither required nor recommended,"Private, nonprofit",,No
233602,Southeastern Free Will Baptist Bible College,NC,,,0.5455,13467,20643,,5000,,,,51273,,,5316,Rural,,Yes,No,0.3649,0.9333,,,"Private, nonprofit",,No
233611,Southern Virginia University,VA,22,0.9964,0.3829,24014,33066,,14250,36988,30613,1,58671,0.511627907,0.1714285714,6508,Town,65610,No,No,0.4329,0.8246,1099,Considered but not required,"Private, nonprofit",,No
233684,Strayer University-Virginia,VA,,,0.1333,,,0.003405401125,14000,36582,33784,0.1795,76797,0.7508344853,0.5372940338,1961,City,66472,Yes,No,0.5469,0.5,,,"Private, for-profit",0.0144306956,No
233718,Sweet Briar College,VA,25,0.7174,0.481,23383,41832,,21000,35533,,0.75,64341,,0.232,21545,Rural,72916,No,No,0.3129,0.7662,1227,Considered but not required,"Private, nonprofit",,Yes
233842,Union Presbyterian Seminary,VA,,,,,,,,,,0.7647,76617,,,39162,City,,,No,,,,,"Private, nonprofit",,No
233897,University of Virginia's College at Wise,VA,22,0.9392,0.4981,11180,24315,,10695,39725,22389,1,82260,0.4957160343,0.3679369251,12348,Town,48782,No,No,0.3298,0.732,1104,Considered but not required,Public,,No
233921,Virginia Polytechnic Institute and State University,VA,29,0.5703,0.8628,23790,32040,,19000,67377,45582,0.98740000000000006,121608,0.4649326521,0.1776347546,15066,City,77607,No,No,0.1501,0.9179,1337,Considered but not required,Public,,No
234030,Virginia Commonwealth University,VA,25,0.9306,0.6538,19452,34346,,17021,47161,34650,0.6399,106902,0.6243783971,0.2760338814,16410,City,72221,No,No,0.2971,0.8563,1168,Considered but not required,Public,0.0020816468,No
234076,University of Virginia-Main Campus,VA,34,0.1686,0.953,22881,38132,,15153,72359,60318,0.9579,151929,0.5454545455,0.1580020387,22810,Suburb,79524,No,No,0.1371,0.9734,1488,Considered but not required,Public,,No
234085,Virginia Military Institute,VA,25,0.8173,0.818,18849,33738,,19000,63545,27182,1,78084,0.1434108527,0.1524752475,20949,Town,73425,No,No,0.1647,0.8444,1183,Considered but not required,Public,,No
234137,Virginia University of Lynchburg,VA,,,0.2609,18184,25548,,9859,24718,,0.2273,33597,0.2132963989,0.5202702703,6024,City,48547,Yes,No,0.7853,0.75,,,"Private, nonprofit",,No
234155,Virginia State University,VA,18,0.891,0.4072,14553,24173,,17500,33630,30309,0.6447,82944,0.5609447491,0.3416387159,21853,Suburb,59119,No,No,0.71,0.7118,917,Considered but not required,Public,,No
234164,Virginia Union University,VA,16,0.9773,0.4133,19580,34960,,22500,27977,,0.9839,50841,0.5431472081,0.4080882353,4758,City,59784,No,No,0.5064,0.6182,860,Considered but not required,"Private, nonprofit",,No
234173,Virginia Wesleyan University,VA,29,0.7129,0.4905,20583,51192,,14000,39200,25300,0.7293,75879,0.6270136307,0.3087248322,9189,City,71508,No,No,0.2617,0.6679,1281,Considered but not required,"Private, nonprofit",,No
234207,Washington and Lee University,VA,34,0.1736,0.949,23911,82990,,16617,76516,76584,0.8811,124911,0.4401408451,,39474,Town,80995,No,No,0.1109,0.9538,1504,Considered but not required,"Private, nonprofit",,No
234669,Bellevue College,WA,,,0.335,11289,19798,,8282,47460,41613,0.29,98271,0.55911427440000006,0.4112149533,8222,City,78517,Yes,No,0.0977,,,,Public,0.0059311981,No
234696,Bellingham Technical College,WA,,,0.4545,4971,14885,,9500,43235,34073,0.9859,87750,0.4825538233,0.405451448,13298,City,55729,Yes,No,0.3113,,,,Public,0.0148478099,No
234711,Big Bend Community College,WA,,,0.3667,10875,19691,,6832,35267,30211,0.9821,85230,0.5634847081,0.5256723716,9853,Town,49854,Yes,No,0.2944,,,,Public,,No
234827,Central Washington University,WA,,0.9022,0.4985,14715,25148,,13000,49398,36987,0.663,87336,0.5458908218,0.4004042219,10491,Town,63170,No,No,0.3114,0.6897,,Neither required nor recommended,Public,0.0053989202,No
234845,Centralia College,WA,,,0.4582,7600,17550,,,35989,,1,78831,0.5987708516,0.4661016949,8753,Town,51494,Yes,No,0.209,,,,Public,0.0114135206,No
234915,City University of Seattle,WA,,,0.1667,35049,35049,,14091,56195,46267,0.0797,70281,0.6012658228,0.409252669,9171,City,67486,Yes,No,0.1284,0,,,"Private, nonprofit",,No
234933,Clark College,WA,,,0.3574,9826,17485,,6666,37411,32520,0.9788,95706,0.5683831672,0.4245954693,10342,City,64209,Yes,No,0.2211,,,,Public,0.0146733112,No
234951,Clover Park Technical College,WA,,,0.4066,3912,13974,,9063,36840,26882,0.9829,72504,0.6108165429,0.4594771242,7199,City,59661,Yes,No,0.1797,,,,Public,0.0100742312,No
234979,Columbia Basin College,WA,,,0.2765,8302,17357,,7506,38255,30648,0.9735,78534,0.6027216857,0.5005903188,6086,Suburb,59028,Yes,No,0.2406,,,,Public,,No
235024,Cornish College of the Arts,WA,,0.7046,0.5198,39060,55150,,20610,27580,29722,0.4672,49194,0.6422764228,0.2257142857,19023,City,69763,No,No,0.3002,0.6855,,Neither required nor recommended,"Private, nonprofit",,No
235097,Eastern Washington University,WA,,0.9177,0.4721,13091,22772,,14053,46469,42770,0.6429,89505,0.575044405,0.3623188406,10391,Town,56952,No,No,0.3451,0.6707,,Neither required nor recommended,Public,0.0028863233,No
235103,Edmonds College,WA,,,0.3315,13461,20380,,7442,41063,38081,0.9328,87273,0.5905669844,0.4378378378,11321,Suburb,70427,Yes,No,0.1457,,,,Public,0.0075263422,No
235167,The Evergreen State College,WA,23,0.9723,0.4356,22585,25934,,15000,34774,30810,0.7037,82224,0.6072393301,0.3009009009,12636,Suburb,63843,No,No,0.4108,0.682,1161,Considered but not required,Public,0.0059427337,No
235237,Pierce College District,WA,,,0.3122,10123,17048,,8532,39406,33902,0.9463,80649,0.648098434,0.4532317394,6442,City,62175,Yes,No,0.2019,,,,Public,0.0199105145,No
235316,Gonzaga University,WA,29,0.7596,0.8687,36371,69290,,20500,66525,37062,0.5576,95490,0.5262440354,0.1331010453,14933,City,67848,No,No,0.1326,0.9391,1316,Considered but not required,"Private, nonprofit",,No
235334,Grays Harbor College,WA,,,0.3156,3149,13677,,7665,33119,25630,0.9683,77508,0.5552380952,0.5112960761,9824,Rural,47231,Yes,No,0.2814,,,,Public,0.0219047619,No
235343,Green River College,WA,,,0.4121,12447,20074,,7125,43127,34585,0.9786,87957,0.5222752586,0.4482589505,8021,City,72294,Yes,No,0.1943,,,,Public,0.0143198091,No
235422,Heritage University,WA,,,0.3981,11893,29632,,11925,47001,,0.29,72063,0.7416481069,0.6344827586,12289,Rural,46851,Yes,No,0.6269,0.5794,,,"Private, nonprofit",,No
235431,Highline College,WA,,,0.3862,10878,19642,,6113,42323,36150,0.9632,91683,0.6058252427,0.4987046632,9657,Suburb,65376,Yes,No,0.1712,,,,Public,0.0077669903,No
235547,Bastyr University,WA,,,,,,,12500,46867,35998,0.6792,63180,0.7948717949,,22936,Suburb,70371,,No,0.3784,,,,"Private, nonprofit",,No
235699,Lake Washington Institute of Technology,WA,,,0.3985,5886,15351,,10356,44895,,0.9778,83925,0.5479452055,0.4133165829,11169,Suburb,80146,Yes,No,0.1197,,,,Public,0.0179135933,No
235750,Lower Columbia College,WA,,,0.25,8222,16748,,6487,36296,28494,0.9359,85347,0.6196581197,0.4661525278,8936,City,55501,Yes,No,0.3113,,,,Public,0.0206552707,No
236072,North Seattle College,WA,,,0.3243,8351,16377,,7000,46383,42538,1,90972,0.5414847162,0.3994732221,10411,City,64972,Yes,No,0.1365,,,,Public,0.018922853,No
236133,Northwest University,WA,28,0.8805,0.6349,25161,48442,,15000,50495,,0.3161,70074,0.6165254237,0.3636363636,14229,Suburb,71872,No,No,0.2306,0.7308,1204,Considered but not required,"Private, nonprofit",,No
236188,Olympic College,WA,,,0.3403,7755,15380,,8000,34510,33863,0.9722,85086,0.6009876543,0.4201973302,8463,City,60981,Yes,No,0.1645,,,,Public,0.0133333333,No
236230,Pacific Lutheran University,WA,25,0.8053,0.7099,21370,62921,,17074,52212,42575,0.6495,79704,0.6463414634,0.2958139535,11657,Suburb,65366,No,No,0.3277,0.7943,1152,Considered but not required,"Private, nonprofit",,No
236258,Peninsula College,WA,,,0.4063,4529,13974,,9000,34154,22567,0.3618,67590,0.5459183673,0.443597561,11505,Town,50921,Yes,No,0.3076,,,,Public,0.0191326531,No
236328,University of Puget Sound,WA,29,0.7628,0.6791,38920,75509,,19250,46802,38863,0.7519,103257,0.6393861893,0.1231788079,23200,City,72356,No,No,0.1671,0.8045,1332,Considered but not required,"Private, nonprofit",,No
236382,Renton Technical College,WA,,,0.55,5051,15067,,6993,45679,36444,0.9634,87543,0.5815831987,0.52,13084,City,69724,Yes,No,0.18,,,,Public,0.0088852989,No
236452,Saint Martin's University,WA,21,0.7593,0.5709,22618,56353,,15625,57998,,0.4977,68148,0.5875216638,0.340952381,9077,City,61347,No,No,0.3978,0.7329,1057,Considered but not required,"Private, nonprofit",,No
236504,South Seattle College,WA,,,0.2625,6802,15497,,5478,43070,32111,0.973,72531,0.4665293512,0.4848066298,10888,City,61438,Yes,No,0.0981,,,,Public,,No
236513,Seattle Central College,WA,,,0.3141,6329,15104,,8943,39072,37057,0.993,94608,0.5536723164,0.4375757576,10086,City,60043,Yes,No,0.2147,,,,Public,0.0155367232,No
236577,Seattle Pacific University,WA,24,0.9109,0.6215,24820,53986,,16946,51496,33471,0.5094,83916,0.6959064327,0.2286995516,14749,City,72206,No,No,0.3318,0.7462,1191,Considered but not required,"Private, nonprofit",,No
236595,Seattle University,WA,28,0.7605,0.7331,34802,68633,,16658,64656,48418,0.6726,94887,0.6507009346,0.1940298507,17945,City,70785,No,No,0.2161,0.846,1266,Considered but not required,"Private, nonprofit",,No
236638,Skagit Valley College,WA,,,0.336,6116,14326,,8798,36892,28356,1,85329,0.6227436823,0.4403470716,8366,City,59561,Yes,No,0.2819,,,,Public,0.0102286402,No
236692,Spokane Community College,WA,,,0.3726,6206,14083,,8625,37814,35149,1,84393,0.5628415301,0.4042553191,8383,City,51114,Yes,No,0.2775,,,,Public,0.0092896175,No
236708,Spokane Falls Community College,WA,,,0.3039,7402,14536,,7645,34393,25304,1,83178,0.5684762492,0.361754386,6412,City,50226,Yes,No,0.2909,,,,Public,0.0040098705,No
236753,Tacoma Community College,WA,,,0.3277,9321,16197,,7718,38790,32448,0.9603,85014,0.6433850702,0.450525394,8935,City,58132,Yes,No,0.2432,,,,Public,0.0173688101,No
236887,Walla Walla Community College,WA,,,0.4746,8343,17580,,9500,37119,30063,1,79983,0.55448098,0.4568181818,9367,City,48729,Yes,No,0.2896,,,,Public,0.0064474533,No
236896,Walla Walla University,WA,,,0.6416,23992,44075,,19306,52840,58373,1,52911,0.5194029851,0.1661442006,14624,Suburb,59374,Yes,No,0.2515,0.8446,,,"Private, nonprofit",,No
236939,Washington State University,WA,,0.8536,0.6164,14401,27176,,14853,53510,38888,0.8449,98991,0.5742963356,0.3408797654,11400,Town,63710,No,No,0.2559,0.7957,,Neither required nor recommended,Public,0.0036112586,No
236948,University of Washington-Seattle Campus,WA,,0.4253,0.837,13485,30282,,12375,62979,59588,0.7991,131940,0.5746355424,0.3272745332,34742,City,69752,No,No,0.1546,0.949,,Neither required nor recommended,Public,0.0030408729,No
236975,Wenatchee Valley College,WA,,,0.3955,10733,20346,,7046,37011,26240,1,92916,0.5768357305,0.5275275275,8147,City,50375,Yes,No,0.2705,,,,Public,0.0090840273,No
237011,Western Washington University,WA,26,0.9131,0.6555,18680,28305,,13500,45272,34563,0.691,102348,0.6000439271,0.2668539326,12941,City,66707,No,No,0.2076,0.7973,1235,Considered but not required,Public,0.0026356249,No
237039,Whatcom Community College,WA,,,0.3643,9608,18173,,8000,38429,26860,0.9783,91485,0.5811777655,0.4124365482,9824,City,55345,Yes,No,0.1859,,,,Public,0.008255366,No
237057,Whitman College,WA,31,0.4999,0.8098,35506,75042,,12000,45594,38662,0.913,95058,0.6171617162,0.116838488,21344,City,70542,No,No,0.1467,0.8869,1365,Considered but not required,"Private, nonprofit",,No
237066,Whitworth University,WA,25,0.8677,0.6839,25884,65711,,18000,49510,29454,1,71982,0.646684832,0.242248062,12771,Suburb,63739,No,No,0.2799,0.8035,1212,Considered but not required,"Private, nonprofit",,No
237109,Yakima Valley College,WA,,,0.3377,10402,19374,,8834,35969,26767,0.9851,79434,0.6475409836,0.555849306,9267,City,49327,Yes,No,0.3794,,,,Public,0.0063752277,No
237136,Appalachian Bible College,WV,23,0.9857,0.7561,17401,29451,,6767,29147,,0.6053,30141,0.5697674419,,5105,Suburb,52011,No,No,0.4091,0.85,1068,Required,"Private, nonprofit",,No
237181,Bethany College,WV,22,0.6049,0.4625,15306,49137,,23750,37124,,1,56763,0.2921914358,0.3387978142,5918,Rural,53018,No,No,0.4097,0.6307,,Neither required nor recommended,"Private, nonprofit",,No
237215,Bluefield State University,WV,20,0.8722,0.3456,12529,20747,,12038,35030,,0.6075,66564,0.6272965879,0.4924924925,8229,Town,36594,No,No,0.4075,0.5533,998,Considered but not required,Public,,No
237312,University of Charleston,WV,,0.6453,0.4633,22012,44031,,12666,42698,38093,0.5261,63144,0.5870069606,0.4312736444,6573,City,50707,No,No,0.2863,0.6907,,Neither required nor recommended,"Private, nonprofit",,No
237330,Concord University,WV,21,0.8965,0.4225,9983,18969,,11250,33094,25539,0.8092,67149,0.5857699805,0.4765380605,6398,Rural,41360,No,No,0.4682,0.4904,980,Considered but not required,Public,,No
237358,Davis & Elkins College,WV,,0.5823,0.366,19428,44322,,17057,38495,27700,0.6282,50301,0.6949891068,0.4784688995,10000,Town,46441,No,No,0.4031,0.581,985,Considered but not required,"Private, nonprofit",,No
237367,Fairmont State University,WV,20,0.9924,0.4832,9055,18091,,12500,41197,32533,0.9286,63441,0.5655696203,0.4139814309,8253,Town,42179,No,No,0.3304,0.6421,993,Required,Public,,No
237385,Glenville State University,WV,,,0.3549,16358,22974,,11123,34917,23066,0.5652,58851,0.4413716814,0.4847715736,6127,Rural,38830,Yes,No,0.4204,0.6293,,,Public,,No
237525,Marshall University,WV,22,0.9646,0.4869,8327,21299,,16750,39561,38446,0.7677,74853,0.586842761,0.3740231743,11736,City,45141,No,No,0.3784,0.787,1051,Considered but not required,Public,0.0027410915,No
237686,West Virginia University at Parkersburg,WV,,,0.3061,3613,10643,,8250,31076,26675,0.2698,55143,0.6146788991,0.449031171,6009,Rural,43946,Yes,No,0.2972,,,,Public,,No
237701,Potomac State College of West Virginia University,WV,,,0.2598,7403,15593,,15500,45181,35507,0.7846,64359,0.5012559027,0.3039163376,3664,Town,57483,Yes,No,0.3943,0.6016,,,Public,0.0017080277,No
237783,Salem University,WV,,,0.273,14469,21792,,7405,31612,,0.27,30753,0.5482717521,0.5395683453,2877,Rural,51416,Yes,No,0.5144,0.5197,,,"Private, for-profit",0.0131108462,No
237792,Shepherd University,WV,23,0.9565,0.4949,12391,19863,,14297,43726,38426,0.5378,69111,0.600388601,0.4086097389,8226,Rural,62744,No,No,0.2694,0.7206,1022,Considered but not required,Public,,No
237880,West Virginia School of Osteopathic Medicine,WV,,,,,,,,,,,,,,24333,Town,52425,,No,,,,,Public,,No
237899,West Virginia State University,WV,,0.9637,0.3351,10191,19906,,15250,32849,40266,0.6474,63828,0.5362445415,0.4338725024,5933,Suburb,48790,No,No,0.1758,0.6324,979,Considered but not required,Public,,No
237932,West Liberty University,WV,21,0.7212,0.6062,16295,23526,,16000,36822,25693,0.6504,61587,0.6127744511,0.3562970936,6424,Rural,46862,No,No,0.3194,0.691,1041,Considered but not required,Public,,No
237950,West Virginia University Institute of Technology,WV,22,0.61,0.3612,9957,18343,,15500,45181,35507,0.7411,73701,0.5012559027,0.3039163376,6371,City,57483,No,No,0.2429,0.6094,1044,Considered but not required,Public,0.0017080277,No
237969,West Virginia Wesleyan College,WV,21,0.9505,0.4945,18148,47374,,15750,42672,,0.65,54981,0.5723172628,0.295379538,8381,Town,54372,No,No,0.3735,0.6836,1045,Considered but not required,"Private, nonprofit",,No
238032,West Virginia University,WV,24,0.8626,0.612,12997,23678,,15500,45181,35507,0.767,103716,0.5012559027,0.3039163376,13542,City,57483,No,No,0.2041,0.8145,1129,Considered but not required,Public,0.0017080277,No
238078,Wheeling University,WV,20,0.7518,0.3204,19040,41265,,15375,48482,31049,1,37782,0.5320512821,0.3673469388,7622,City,49606,No,No,0.2524,0.6552,,Neither required nor recommended,"Private, nonprofit",,No
238193,Alverno College,WI,,0.931,0.5051,16722,44163,,22000,51755,33697,0.4251,56277,,0.4426470588,10846,City,58784,No,No,0.4911,0.7863,,Neither required nor recommended,"Private, nonprofit",,Yes
238263,Madison Area Technical College,WI,,,0.2626,12392,17215,,8728,40928,29560,0.3998,99702,0.5684697366,0.404903758,23006,City,64533,Yes,No,0.1906,,,,Public,0.0098532073,No
238324,Bellin College,WI,22,1,0.7429,27313,32000,,15000,72118,,0.8727,70875,0.8878504673,0.3103448276,10839,Suburb,63205,No,No,0.1332,0.9111,,Neither required nor recommended,"Private, nonprofit",,No
238333,Beloit College,WI,26,0.5736,0.6718,21924,68653,,22773,41660,,0.781,67257,0.5325443787,0.1930184805,11669,City,74481,No,No,0.2946,0.8621,1318,Considered but not required,"Private, nonprofit",,No
238458,Carroll University,WI,25,0.5841,0.696,24362,49935,,22000,54456,,0.4101,76734,0.6638846737,0.2715654952,8925,City,73362,No,No,0.2165,0.7889,1209,Considered but not required,"Private, nonprofit",,No
238476,Carthage College,WI,24,0.8415,0.6051,24813,47980,,19500,46116,,0.4965,76707,0.5505535055,0.2623839009,9794,City,76392,No,No,0.2577,0.8164,1113,Considered but not required,"Private, nonprofit",,No
238616,Concordia University-Wisconsin,WI,23,0.6753,0.6431,26067,51718,,19500,49761,33287,1,68895,0.6421004146,0.3183879093,10559,Suburb,64715,No,No,0.2247,0.7845,1250,Considered but not required,"Private, nonprofit",0.0069092584,No
238661,Edgewood College,WI,,0.9452,0.6738,25634,48450,,19000,53843,,0.4147,62910,0.7546419098,0.2810271041,9908,City,68115,No,No,0.2344,0.749,,Neither required nor recommended,"Private, nonprofit",,No
238980,Lakeland University,WI,,0.9109,0.5575,22092,45751,,19500,49546,,0.1561,68778,0.5765765766,0.4363636364,8804,Rural,62779,No,No,0.2898,0.6652,,Neither required nor recommended,"Private, nonprofit",0.0099099099,No
239017,Lawrence University,WI,30,0.6303,0.7642,24563,67824,,19500,40653,,0.8243,78858,0.5249457701,0.1739130435,20408,City,74097,No,No,0.2076,0.8709,1349,Considered but not required,"Private, nonprofit",,No
239071,Maranatha Baptist University,WI,24,0.7087,0.6569,24659,33496,,12375,40403,23596,0.6186,34398,0.5561643836,0.1915492958,7539,Town,62743,No,No,0.3397,0.7568,1141,Required,"Private, nonprofit",,No
239080,Marian University,WI,21,0.6685,0.4119,23341,40733,,17340,49839,,0.9362,72882,0.6948130277,0.3896961691,6031,City,63695,No,No,0.3174,0.6233,,Neither required nor recommended,"Private, nonprofit",,No
239105,Marquette University,WI,28,0.8744,0.8006,29237,63233,,20500,65241,39291,0.5724,97470,0.5854070013,0.1934628975,14409,City,75591,No,No,0.1876,0.9135,1306,Considered but not required,"Private, nonprofit",,No
239169,Medical College of Wisconsin,WI,,,,,,,,,,,,0.5,,84778,Suburb,68483,,No,,,,,"Private, nonprofit",,No
239309,Milwaukee Institute of Art & Design,WI,,0.628,0.6327,27514,52646,,15750,29841,27412,0.4191,59049,0.6534391534,0.3005780347,10369,City,69249,No,No,0.3638,0.8371,1155,Considered but not required,"Private, nonprofit",,No
239318,Milwaukee School of Engineering,WI,27,0.6039,0.7154,24021,60439,,24500,75114,29330,0.5884,90144,0.2927970065,0.2359882006,13424,City,68757,No,No,0.2268,0.8318,,Neither required nor recommended,"Private, nonprofit",,No
239390,Mount Mary University,WI,19,0.9335,0.5887,18295,47328,,19000,40421,,0.3568,59445,,0.3933161954,10794,City,62361,No,No,0.5768,0.6581,1050,Considered but not required,"Private, nonprofit",,Yes
239424,Nashotah House,WI,,,,,,,,,,1,48123,,,8443,Suburb,,,No,,,,,"Private, nonprofit",,No
239512,Northland College,WI,24,0.7181,0.4332,20780,54375,,15500,35819,21584,0.7606,60813,0.5284280936,0.2014134276,10727,Town,59747,No,No,0.3185,0.7131,1153,Considered but not required,"Private, nonprofit",,No
239628,Ripon College,WI,24,0.8392,0.5991,21176,61495,,19500,42334,,0.9804,71136,0.4960422164,0.2808022923,12462,Town,66802,No,No,0.3329,0.7551,1143,Considered but not required,"Private, nonprofit",,No
239637,Sacred Heart Seminary and School of Theology,WI,,,,,,,,,,1,63720,,,19772,Suburb,,,No,,,,,"Private, nonprofit",,No
239716,Saint Norbert College,WI,27,0.9215,0.7357,25674,56194,,21500,49775,,0.8086,81576,0.5704989154,0.2054176072,12241,Suburb,71321,No,No,0.1358,0.8214,1233,Considered but not required,"Private, nonprofit",,No
240107,Viterbo University,WI,23,0.7327,0.6516,22633,44123,,19500,56804,31233,0.4,61695,0.7528216704,0.2816229117,8298,City,56953,No,No,0.2249,0.6979,1184,Considered but not required,"Private, nonprofit",,No
240189,University of Wisconsin-Whitewater,WI,21,0.8276,0.643,14785,18661,,16241,47909,27016,0.8368,79353,0.5143684562,0.2996237065,7746,Town,67955,No,No,0.2503,0.7754,1090,Considered but not required,Public,,No
240213,Wisconsin School of Professional Psychology,WI,,,,,,,,,,,,,,11767,City,,,No,,,,,"Private, nonprofit",,No
240268,University of Wisconsin-Eau Claire,WI,24,0.7608,0.6756,16948,21014,,13000,50011,23569,0.778,80766,0.644375324,0.2198406156,8810,City,64551,No,No,0.1867,0.8189,1190,Considered but not required,Public,,No
240277,University of Wisconsin-Green Bay,WI,22,0.8784,0.5309,12878,18161,,11250,46546,28098,0.6992,70659,0.6803966438,0.3631100083,6454,City,63413,No,No,0.2257,0.7042,1090,Considered but not required,Public,0.0091533181,No
240329,University of Wisconsin-La Crosse,WI,24,0.7325,0.7119,15374,18115,,18000,49626,26997,0.8394,73341,0.5774361949,0.2138098122,7669,City,64374,No,No,0.1423,0.8573,1190,Considered but not required,Public,,No
240338,Wisconsin Lutheran College,WI,25,0.7905,0.6266,21315,47026,,19500,49095,34558,0.961,64737,0.5499124343,0.2936802974,10318,City,69126,No,No,0.2542,0.7994,1214,Considered but not required,"Private, nonprofit",,No
240365,University of Wisconsin-Oshkosh,WI,21,0.8668,0.5789,14761,19063,,12500,50140,28884,0.6814,78174,0.6097161572,0.3102329696,10603,City,64650,No,No,0.158,0.7226,1090,Considered but not required,Public,0.0030021834,No
240374,University of Wisconsin-Parkside,WI,21,0.7262,0.3982,10044,16768,,14000,42154,28937,0.6955,74124,0.5664477009,0.4094707521,8136,Rural,64274,No,No,0.3421,0.7126,1090,Considered but not required,Public,0.0075795856,No
240392,Herzing University-Madison,WI,,0.9415,0.2759,20319,26687,0.003789792825,11756,35295,31369,0.1381,60984,0.8135465189,0.5209032652,5495,City,60281,No,No,0.6683,0.4828,,Neither required nor recommended,"Private, nonprofit",0.0093163792,No
240417,University of Wisconsin-Stout,WI,23,0.8474,0.5253,17365,21618,,16000,50251,32815,0.6983,73179,0.475708502,0.2783985102,8457,Town,65020,No,No,0.2274,0.741,1150,Considered but not required,Public,0.002891845,No
240426,University of Wisconsin-Superior,WI,21,0.9364,0.4412,13405,18415,,14055,41868,35972,0.8414,63810,0.6422764228,0.2959285005,9765,Suburb,53835,No,No,0.296,0.7074,1050,Considered but not required,Public,,No
240444,University of Wisconsin-Madison,WI,29,0.4335,0.8933,16928,27770,,18058,61275,38042,0.838,135675,0.5311327832,0.1680527224,19583,City,71185,No,No,0.1532,0.9453,1402,Considered but not required,Public,0.0019504876,No
240453,University of Wisconsin-Milwaukee,WI,22,0.8844,0.5119,16177,22174,0.002514142049,15250,45851,29759,0.633,87399,0.56415828,0.3304775104,10216,City,65921,No,No,0.3019,0.7206,1090,Considered but not required,Public,0.0068618481,No
240462,University of Wisconsin-Platteville,WI,23,0.8726,0.6154,14754,20049,,15000,54825,32217,0.8256,70101,0.3766723842,0.2873563218,7176,Town,61602,No,No,0.2104,0.8006,1190,Considered but not required,Public,,No
240471,University of Wisconsin-River Falls,WI,22,0.8162,0.6088,14714,19576,,14865,46524,,0.6078,77184,0.6388333999,0.2645299145,8801,Town,69159,No,No,0.2048,0.7282,1120,Considered but not required,Public,0.0043947263,No
240480,University of Wisconsin-Stevens Point,WI,22,0.9014,0.5596,13726,18804,,14674,43371,23625,0.7476,70335,0.5432506887,0.3057193396,7440,Town,62211,No,No,0.2777,0.7544,1120,Considered but not required,Public,0.0027548209,No
240514,Central Wyoming College,WY,,,0.4043,13622,17894,,5500,30833,27249,1,61614,0.5747572816,0.4462242563,9451,Town,47164,Yes,No,0.1768,0.9,,,Public,,No
240620,Laramie County Community College,WY,,,0.3131,7143,12722,,7015,38656,26589,1,72405,0.6098484848,0.3827851645,12479,Rural,52834,Yes,No,0.2361,,,,Public,0.0069444444,No
240657,Northwest College,WY,,,0.4375,7394,15710,,6500,33237,,0.9455,66411,0.5564387917,0.3625,8041,Town,48881,Yes,No,0.1848,,,,Public,,No
240693,Western Wyoming Community College,WY,,,0.3333,8420,15333,,4500,38726,,1,63801,0.5896834701,0.4742698192,9617,Town,60496,Yes,No,0.1752,0.5,,,Public,,No
240727,University of Wyoming,WY,,0.9741,0.5985,11779,22371,,12000,48360,39747,0.9906,96309,0.5437196391,0.277271069,16781,Town,56061,No,No,0.2218,0.7749,,Neither required nor recommended,Public,0.0076335878,No
240736,American Samoa Community College,AS,,,0.4774,4812,10560,,,24164,,1,45900,0.6439588689,0.5780346821,7156,Rural,66132,Yes,No,0.6717,,,,Public,,No
240745,Guam Community College,GU,,,0.224,4620,10615,,,23684,17623,0.6584,64260,0.6091954023,0.5677352637,10031,Suburb,60598,Yes,No,0.5229,,,,Public,,No
240754,University of Guam,GU,,,0.4211,9424,15155,,12500,28270,21891,0.602,90864,0.5951065509,0.4598792062,8719,Suburb,58836,Yes,No,0.311,0.7563,,,Public,0.0078926598,No
240790,Northern Marianas College,MP,,,0.4216,2795,9939,,,21925,,0.5147,45000,0.5616438356,0.4982394366,3386,Town,,Yes,No,0.7371,0.5926,,,Public,,No
241191,Universidad Adventista de las Antillas,PR,,1,0.4603,8471,14855,,11725,27766,36580,0.4487,28071,0.6401225115,0.3829431438,4445,Suburb,23998,No,No,0.804,0.7614,,Neither required nor recommended,"Private, nonprofit",,No
241216,Atlantic University,PR,,,0.3574,6305,12363,,4500,19079,,0.8796,24489,0.2654867257,0.1530120482,2632,City,26906,Yes,No,0.8351,0.7305,,,"Private, nonprofit",,No
241225,Universidad Central de Bayamon,PR,,0.8636,0.3789,4285,11164,,7250,19745,28165,1,25542,0.6189917937,0.3075862069,4609,City,23530,No,No,0.8331,0.7971,,Neither required nor recommended,"Private, nonprofit",,No
241304,Columbia Central University-Caguas,PR,,,0.5386,4181,12377,,5001,19591,21575,0.5167,22347,0.5844618674,0.3946917808,1786,City,18753,Yes,No,0.8082,0.4583,,,"Private, for-profit",,No
241331,Albizu University-San Juan,PR,,1,0.69,10933,19676,,5000,32168,23706,0.2363,37782,0.8042105263,0.2505800464,2781,City,45249,No,No,0.6913,0.7919,,Neither required nor recommended,"Private, nonprofit",,No
241377,Caribbean University-Bayamon,PR,,,0.367,6392,9748,,7000,18349,26130,0.1183,21582,0.5554968288,0.4988095238,6910,City,20253,Yes,No,0.7546,0.6528,,,"Private, nonprofit",,No
241386,Caribbean University-Carolina,PR,,,0.44,7635,10784,,7000,18349,26130,,18900,0.5554968288,0.4988095238,2667,Suburb,20253,Yes,No,0.7176,0.5714,,,"Private, nonprofit",,No
241395,Pontifical Catholic University of Puerto Rico-Arecibo,PR,,0.8538,0.3919,9421,16058,,11337,20637,,0.4915,38160,0.5843023256,0.3084022915,15224,Suburb,17277,No,No,0.7597,0.8235,,Considered but not required,"Private, nonprofit",0.0029069767,No
241410,Pontifical Catholic University of Puerto Rico-Ponce,PR,,0.9033,0.4794,10082,17106,,11337,20637,,0.6659,40554,0.5843023256,0.3084022915,4629,City,17277,No,No,0.8137,0.7893,1285,Considered but not required,"Private, nonprofit",0.0029069767,No
241517,CEM College-San Juan,PR,,,0.2584,14817,18668,,3700,18141,24392,,,0.6796285548,0.6864295125,1542,City,22631,Yes,No,0.8952,0.5,,,"Private, for-profit",,No
241614,Universidad Teologica del Caribe,PR,,,0.2105,11987,14285,,5750,24867,,0.2787,9234,0.4365482234,0.5487804878,2836,Suburb,24024,Yes,No,0.5836,1,,,"Private, nonprofit",,No
241720,Colegio Universitario de San Juan,PR,,0.8088,0.3013,200,6362,,,22675,,1,28305,0.5611510791,0.4522502744,2533,City,24896,No,No,0.7768,0.7647,,Neither required nor recommended,Public,,No
241739,Universidad Ana G. Mendez-Cupey Campus,PR,,,0.3111,7559,14154,,10006,21596,25197,1,37548,0.6213793103,0.4282491758,4804,City,24604,Yes,No,0.6885,0.7037,,,"Private, nonprofit",0.004137931,No
241766,Puerto Rico Conservatory of Music,PR,,0.8101,0.5714,5244,7920,,8750,9910,,0.4568,33309,0.3165467626,0.0952380952,20377,City,21018,No,No,0.6598,1,,Neither required nor recommended,Public,,No
241793,Center for Advanced Studies On Puerto Rico and the Caribbean,PR,,,,,,,,,,,,,,7653,City,,,No,,,,,"Private, nonprofit",,No
241836,EDP University of Puerto Rico Inc-San Sebastian,PR,,0.9615,0.3727,4496,13701,,10500,21535,28995,0.95,24543,0.664742268,0.44092827,3706,Suburb,19799,No,No,0.6342,0.7273,,Neither required nor recommended,"Private, nonprofit",0.0065979381,No
241951,Escuela de Artes Plasticas y Diseno de Puerto Rico,PR,,1,0.4493,5231,8277,,,12949,,1,25578,0.6595744681,0.1734104046,3843,City,26303,No,No,0.7689,0.76,985,Considered but not required,Public,,No
242112,Huertas College,PR,,,0.5811,9104,14265,,6625,20348,22364,0.1134,24885,0.5720640569,0.3597206054,3981,City,20558,Yes,No,0.7908,0.5,,,"Private, for-profit",0.0088967972,No
242121,Humacao Community College,PR,,,0.5493,2879,9849,,,19411,18238,,24615,0.6846473029,0.5220588235,4810,Suburb,19045,Yes,No,0.9673,0,,,"Private, nonprofit",,No
242617,Inter American University of Puerto Rico-San German,PR,,0.5067,0.4272,9034,15442,,7000,21573,25604,1,52200,0.5214465938,0.3579571363,3942,Suburb,,No,No,0.8245,0.7872,,Neither required nor recommended,"Private, nonprofit",,No
242626,Inter American University of Puerto Rico-Aguadilla,PR,,0.4674,0.3871,7607,14449,,5500,23322,24425,1,45270,0.5400225479,0.4288086343,3325,Suburb,,No,No,0.8396,0.7457,,Neither required nor recommended,"Private, nonprofit",,No
242635,Inter American University of Puerto Rico-Arecibo,PR,,0.3778,0.3537,8036,14628,,6750,22401,19750,1,49644,0.5963442498,0.3528673085,3672,City,,No,No,0.8139,0.75,,Neither required nor recommended,"Private, nonprofit",,No
242644,Inter American University of Puerto Rico-Barranquitas,PR,,0.6583,0.3837,7382,14358,,3500,18186,,1,45144,0.56182380220000006,0.5058139535,4938,Suburb,,No,No,0.889,0.7748,,Neither required nor recommended,"Private, nonprofit",,No
242653,Inter American University of Puerto Rico-Metro,PR,,0.6644,0.316,8964,15252,,8666,27318,28320,1,53019,0.574260995,0.2553742038,4813,City,,No,No,0.6592,0.7296,,Neither required nor recommended,"Private, nonprofit",0.0050468637,No
242662,Inter American University of Puerto Rico-Ponce,PR,,0.7029,0.4311,8245,14845,,4850,22276,23415,1,50067,0.582067322,0.3379380054,3727,Rural,,No,No,0.8194,0.7643,,Neither required nor recommended,"Private, nonprofit",,No
242680,Inter American University of Puerto Rico-Fajardo,PR,,0.3556,0.3285,8787,14991,,5500,21557,26764,1,46638,0.5718370264,0.3214574899,3862,Suburb,,No,No,0.8348,0.6914,,Neither required nor recommended,"Private, nonprofit",,No
242699,Inter American University of Puerto Rico-Guayama,PR,,0.485,0.3936,8932,15791,,6775,21635,22854,1,42534,0.6653905054,0.3826311264,3019,City,,No,No,0.752,0.8063,,Neither required nor recommended,"Private, nonprofit",,No
242705,Inter American University of Puerto Rico-Bayamon,PR,,0.3642,0.3301,8783,14935,,5500,23776,,1,49500,0.4349914237,0.2726588943,3077,City,,No,No,0.8089,0.7149,,Neither required nor recommended,"Private, nonprofit",0.0034305317,No
242723,Inter American University of Puerto Rico-School of Law,PR,,,,,,,,,,1,86760,,,6143,City,,,No,,,,,"Private, nonprofit",,No
242972,NUC University,PR,,,0.5618,5732,13778,,9500,24259,22810,0.1726,22833,0.6684603558,0.4685216414,2532,City,20548,Yes,No,0.7146,0.5575,,,"Private, for-profit",0.0079068746,No
243081,Ponce Health Sciences University,PR,,,,,,,15500,,,0.4779,52263,,,13733,City,,,No,,,,,"Private, for-profit",,No
243106,University of Puerto Rico-Aguadilla,PR,,0.8174,0.4766,8142,14727,,5500,18193,,0.7887,53784,0.5503199535,0.2815472416,5640,Suburb,,No,No,0.8196,0.9788,921,Required,Public,,No
243115,University of Puerto Rico-Arecibo,PR,,0.6226,0.5068,11759,18320,,4500,19546,18954,0.8341,72495,0.5957883924,0.2242355606,5955,City,,No,No,0.8571,0.7875,,Neither required nor recommended,Public,,No
243133,University of Puerto Rico-Bayamon,PR,,0.9245,0.3141,9657,12527,,5500,22382,27983,0.8304,51066,0.5019588639,0.1820608649,5307,City,,No,No,0.7793,0.7846,,Neither required nor recommended,Public,,No
243142,University of Puerto Rico-Carolina,PR,,0.5273,0.4023,14072,21072,,4500,22317,,0.6237,67113,0.6201705971,0.1844011142,5974,Suburb,,No,No,0.7419,0.7576,904,Considered but not required,Public,,No
243151,University of Puerto Rico at Cayey,PR,,0.9584,0.4861,9148,15746,,5000,21819,,0.9103,51345,0.664516129,0.1912908243,5717,Suburb,,No,No,0.7568,0.7884,978,Required,Public,,No
243179,University of Puerto Rico-Humacao,PR,,0.5849,0.5293,13487,19404,,5500,20013,,0.7927,52146,0.6555676856,0.2226967663,9608,Suburb,,No,No,0.7935,0.748,,Neither required nor recommended,Public,,No
243188,University of Puerto Rico-Utuado,PR,,0.6411,0.2457,12386,18868,,3500,21063,19148,0.78,74079,0.5121293801,0.2723658052,10634,Rural,,No,No,0.815,0.6,,Neither required nor recommended,Public,,No
243197,University of Puerto Rico-Mayaguez,PR,,0.5217,0.4696,12684,19190,,8000,32706,34605,0.9472,77373,0.4739855614,0.1701680672,6629,City,,No,No,0.6456,0.8421,,Neither required nor recommended,Public,,No
243203,University of Puerto Rico-Medical Sciences,PR,,,,,,,5500,38222,24919,0.6674,64305,0.7346278317,0.1689655172,37739,City,,,No,0.6629,,,,Public,,No
243212,University of Puerto Rico at Ponce,PR,,0.5614,0.5058,7455,14399,,5500,22404,23019,0.5856,51912,0.565099946,0.2142857143,4839,City,,No,No,0.8113,0.8029,,Neither required nor recommended,Public,,No
243221,University of Puerto Rico-Rio Piedras,PR,,0.532,0.5248,6507,13337,,5500,22417,22647,0.7308,55071,0.6184486373,0.1558323896,10324,City,,No,No,0.6475,0.7986,,Neither required nor recommended,Public,,No
243346,Universidad Ana G. Mendez-Carolina Campus,PR,,,0.3641,7569,13837,,10000,21125,22293,1,35739,0.5856521739,0.4060663507,4297,Suburb,21682,Yes,No,0.699,0.6991,,,"Private, nonprofit",0.0036231884,No
243443,Universidad del Sagrado Corazon,PR,,0.5341,0.436,13024,19550,,11250,27544,34802,0.2177,36801,0.6112886049,0.2772397094,4447,City,25395,No,No,0.7081,0.7909,,Neither required nor recommended,"Private, nonprofit",,No
243498,Seminario Evangelico de Puerto Rico,PR,,,,,,,,,,0.2931,39951,,,5463,City,,,No,,,,,"Private, nonprofit",,No
243568,Universidad Central Del Caribe,PR,,0.6154,0.5909,8011,14697,,7050,24669,,0.6441,36333,0.7476635514,0.3275862069,10928,City,20779,No,No,0.7321,0.8462,,Neither required nor recommended,"Private, nonprofit",,No
243577,Universidad Politecnica de Puerto Rico,PR,,,0.2356,16338,21894,,12830,37753,28764,0.629,44568,0.2235217674,0.2195994278,2887,City,25912,Yes,No,0.6232,0.7736,,,"Private, nonprofit",,No
243586,Pontifical Catholic University of Puerto Rico-Mayaguez,PR,,0.973,0.4211,8264,15334,,11337,20637,,0.6875,36162,0.5843023256,0.3084022915,14534,City,17277,No,No,0.8346,0.7667,,Considered but not required,"Private, nonprofit",0.0029069767,No
243601,Universidad Ana G. Mendez-Gurabo Campus,PR,,,0.3021,7668,14081,,9000,23727,26862,1,39321,0.579454058,0.3655705996,4129,Suburb,21538,Yes,No,0.8266,0.7513,,,"Private, nonprofit",0.0043870339,No
243638,College of Micronesia-FSM,FM,,0.8091,0.2947,7012,10519,,,21711,,1,28503,0.5843997562,0.4718361375,4711,,62088,No,No,0.6348,0.6596,,Neither required nor recommended,Public,,No
243665,University of the Virgin Islands,VI,17,0.9744,0.2857,7563,16582,,9500,32360,,1,63360,0.6825208086,0.4661764706,11478,Rural,59543,No,No,0.4623,0.7644,915,Considered but not required,Public,,No
243744,Stanford University,CA,35,0.0391,0.9282,12136,82162,,9851,102887,126494,0.99,218034,0.4940191388,0.3033854167,140522,Suburb,80275,No,No,0.1923,0.9781,1553,Considered but not required,"Private, nonprofit",,No
243780,Purdue University-Main Campus,IN,30,0.503,0.831,13945,22567,,15000,60838,46041,0.9669,126963,0.4732072498,0.1853810686,20528,City,68624,No,No,0.1298,0.9203,1342,Required,Public,0.0023640662,No
243823,Parker University,TX,,,0.7179,25491,35819,,9500,44181,30684,0.5762,60912,0.7336956522,0.3894736842,10006,City,69941,Yes,No,0.4795,0.25,,,"Private, nonprofit",0.0362318841,No
243832,EDP University of Puerto Rico Inc-San Juan,PR,,0.7714,0.2362,4989,12983,,10500,21535,28995,0.94,24174,0.664742268,0.44092827,3535,City,19799,No,No,0.5775,0.8636,,Neither required nor recommended,"Private, nonprofit",0.0065979381,No
244233,City College-Hollywood,FL,,1,0.8333,,,,15285,30726,24116,,51876,0.734204793,0.4930232558,6472,Suburb,51554,No,No,1,,,Neither required nor recommended,"Private, for-profit",0.0087145969,No
245652,St. John's College,NM,28,0.4946,0.6,24351,53018,,13500,33770,,0.7213,84006,0.3819444444,,16533,Rural,73387,No,No,0.2418,0.7841,1367,Considered but not required,"Private, nonprofit",,No
245777,Bais Medrash Elyon,NY,,0.8,,,,,,,,,25407,,,6582,Suburb,59318,No,No,0.1111,0.6667,,Neither required nor recommended,"Private, nonprofit",,No
245838,Antioch University-Los Angeles,CA,,,,,,,17103,47986,44248,,57942,0.7478991597,0.3682539683,11425,Suburb,65831,,No,0.3514,,,,"Private, nonprofit",,No
245847,Antioch University-Santa Barbara,CA,,,,,,,17103,47986,44248,,62055,0.7478991597,0.3682539683,8451,City,65831,,No,0.4167,,,,"Private, nonprofit",,No
245865,Antioch University-New England,NH,,,,,,,17103,47986,44248,,51750,0.7478991597,0.3682539683,8661,Town,65831,,No,,,,,"Private, nonprofit",,No
245883,Antioch University-Seattle,WA,,,,,,,17103,47986,44248,,54279,0.7478991597,0.3682539683,10164,City,65831,,No,0.325,,,,"Private, nonprofit",,No
245892,Antioch University,OH,,,,,,,17103,47986,44248,,59193,0.7478991597,0.3682539683,8370,Rural,65831,,No,0.4286,,,,"Private, nonprofit",,No
245953,Mid-America Christian University,OK,,,0.3333,17123,30612,,15444,39265,32238,1,50877,0.662586075,0.497824195,3627,City,51555,Yes,No,0.3974,0.7045,,,"Private, nonprofit",0.0160673298,No
246789,HJ International Graduate School for Peace and Public Leadership,NY,,,,,,,,,,,52551,,,5088,City,,,No,,,,,"Private, nonprofit",,No
247065,Beckfield College-Florence,KY,,,0.303,27539,32665,,13722,34873,25666,1,60966,0.8933669186,0.5902777778,8472,Suburb,64318,Yes,No,0.5666,,,,"Private, for-profit",0.0235096558,No
247162,Ecumenical Theological Seminary,MI,,,,,,,,,,,36000,,,5326,City,,,No,0,,,,"Private, nonprofit",,No
247649,Landmark College,VT,,0.4365,0.2651,50879,81895,,8875,30033,,1,63180,0.2994652406,,15505,Rural,82731,No,No,0.1436,,,Considered but not required,"Private, nonprofit",,No
247773,Yeshiva Gedolah of Greater Detroit,MI,,0.9259,0.4615,4913,16400,,,,,,41652,,,24159,Suburb,63218,No,No,0.3824,0.8095,,Neither required nor recommended,"Private, nonprofit",,No
247834,Collin County Community College District,TX,,,0.2181,8986,14409,,4500,38984,33641,0.2696,73890,0.5997043805,0.4099119963,6518,Suburb,88568,Yes,No,0.1622,,,,Public,0.0094060736,No
248934,ECPI University,VA,,0.829,0.447,20473,27999,,13915,41278,30601,0.3502,60165,0.6373831776,0.4767248084,9788,City,61373,No,No,0.4857,0.5296,,Neither required nor recommended,"Private, for-profit",0.0193457944,No
251312,South University-Columbia,SC,,,0,22886,31298,0.003513513514,13000,34115,35235,0.2787,59031,0.7628668652,0.4722883373,8376,Suburb,55764,Yes,No,0.5762,0.1,,,"Private, for-profit",0.0162342266,No
260372,Lac Courte Oreilles Ojibwe University,WI,,,0.1333,11536,16228,,,18027,73937,0.6957,62937,0.5,0.5079365079,13757,Rural,44174,Yes,No,0.7396,0.5,,,Public,,No
260789,Platt College-Los Angeles,CA,,,0.6225,28014,33216,,15215,38619,31933,0.3396,57672,0.7755666114,0.5471296953,11188,Suburb,60243,Yes,No,0.5487,,,,"Private, for-profit",0.0077390824,No
260813,Platt College-Aurora,CO,,0.3636,0.2,42287,44255,,33443,77963,,0.2453,70758,0.8404907975,,8230,Suburb,77904,No,No,0.3147,0.8333,,Considered but not required,"Private, for-profit",0.0613496933,No
262086,University of Massachusetts Global,CA,,,0,31601,33365,,18750,55438,42286,0.1068,86481,0.7008343266,0.499765808,4800,City,,Yes,No,0.2292,0.4231,,,Public,0.021454112,No
262129,New College of Florida,FL,26,0.74,0.6181,4536,20732,,12000,32611,,0.845,84951,0.6745762712,0.2093862816,23376,City,65255,No,No,0.3034,0.6489,1137,Required,Public,,No
262165,Montana Bible College,MT,,0.8462,0.5714,,,,,,,,,,,,Suburb,,No,No,0,0.5455,,Neither required nor recommended,"Private, nonprofit",,No
363712,Yeshivah Gedolah Rabbinical College,FL,,,0.3636,11581,18200,,,29286,,,32706,,,20914,City,56133,Yes,No,0.3864,0.8333,,,"Private, nonprofit",,No
363907,Caribbean University-Ponce,PR,,,0.4167,6680,10042,,7000,18349,26130,0.2581,20529,0.5554968288,0.4988095238,1592,City,20253,Yes,No,0.7457,0.5,,,"Private, nonprofit",,No
363916,Caribbean University-Vega Baja,PR,,,0.625,6310,9920,,7000,18349,26130,,19665,0.5554968288,0.4988095238,2446,Suburb,20253,Yes,No,0.7943,0.6875,,,"Private, nonprofit",,No
363934,University of Advancing Technology,AZ,,0.9541,0.3929,20913,31353,,12000,39016,41250,0.6735,59166,0.1522633745,0.3470319635,5610,City,65222,No,No,0.5773,0.7864,,Neither required nor recommended,"Private, for-profit",,No
366003,South Florida Bible College and Theological Seminary,FL,,,0,,,,,35869,,0.7,35091,0.5142857143,,6089,City,,Yes,No,0.2143,0.5,,,"Private, nonprofit",,No
366252,Pennsylvania College of Technology,PA,,,0.5042,26084,32595,,15250,47995,32313,0.5784,88884,0.396522902,0.3634732687,20107,City,54926,Yes,No,0.3187,0.7561,,,Public,0.0056837178,No
366340,Stone Child College,MT,,,0.325,5580,13607,,,11860,,0.5909,53460,0.5128205128,0.2680412371,4888,Rural,33467,Yes,No,0.4164,,,,Public,,No
366368,New York Academy of Art,NY,,,,,,,,,,0.0617,56250,,,13781,City,,,No,,,,,"Private, nonprofit",,No
366553,Southern Technical College,FL,,,,24026,27949,,9897,32841,27012,0.3542,48609,0.8118668596,0.5400183993,4160,City,54496,Yes,No,0.699,,,,"Private, for-profit",0.0390738061,No
366711,California State University-San Marcos,CA,,0.957,0.5418,10550,21144,,13500,48673,37712,0.4793,97470,0.6596839397,0.4825760918,8479,Suburb,72827,No,No,0.436,0.7481,,Neither required nor recommended,Public,0.0056964351,No
367884,Hodges University,FL,,,0.2239,22602,28157,,17600,32533,29667,0.1917,67536,0.6440756109,0.6504192872,14818,City,59125,Yes,No,0.2465,1,,,"Private, nonprofit",0.0092208391,No
367954,University of St. Augustine for Health Sciences,CA,,,,,,,,,,0.3237,78840,,,9447,Suburb,,,No,,,,,"Private, for-profit",,No
368452,Nossi College of Art and Design,TN,,0.4327,0.3548,23591,26846,,17708,28099,,0.093,56250,0.6074766355,0.3957219251,7451,City,55745,No,No,0.5772,0.75,,Neither required nor recommended,"Private, for-profit",,No
369002,Massachusetts School of Law,MA,,,,,,,,,,0.2642,111834,,,6960,Suburb,,,No,,,,,"Private, nonprofit",,No
369516,Bryan University,MO,,,0.275,20383,26177,,16999,28498,20888,,26253,0.6578947368,0.5971896956,2000,City,44825,Yes,No,0.7652,,,,"Private, for-profit",0.0210526316,No
369659,Oregon College of Oriental Medicine,OR,,,,,,,,,,1,62964,,,10919,City,,,No,,,,,"Private, nonprofit",,No
372073,Fremont University,CA,,,0.338,32256,,,20000,30681,27059,0.069,,0.6319702602,0.5404040404,3429,Suburb,62794,Yes,No,0.6167,,,,"Private, for-profit",,No
374024,Adler Graduate School,MN,,,,,,,,,,0.2927,66240,,,8548,City,,,No,,,,,"Private, nonprofit",,No
375230,Yeshiva Gedolah Imrei Yosef D'spinka,NY,,,0.6154,10079,18269,,,26392,,,50598,,,4682,City,37316,Yes,No,0.9133,0.9375,,,"Private, nonprofit",,No
376224,CEM College-Humacao,PR,,,0.44,9418,18485,,3700,18141,24392,0.1053,24714,0.6796285548,0.6864295125,1956,Suburb,22631,Yes,No,0.8865,1,,,"Private, for-profit",,No
376385,Universal Technology College of Puerto Rico,PR,,,0.5487,6326,,,,18083,,0.3621,16236,0.5806916427,0.6040609137,4208,City,16201,Yes,No,0.6023,1,,,"Private, nonprofit",,No
376695,College of the Marshall Islands,MH,,,0.1418,11050,17852,,,16587,,0.5679,21447,0.5093555094,0.5945611867,2221,,59416,Yes,No,0.9552,,,,Public,,No
377546,Northwest College of Art & Design,WA,,0.7647,0.3636,20185,30217,,29030,27505,,,,0.6349206349,,3600,City,71291,No,No,0.521,0.7826,,Neither required nor recommended,"Private, for-profit",,No
377555,University of Washington-Bothell Campus,WA,,0.9177,0.6822,10898,24462,,12375,62979,59588,0.6358,115524,0.5746355424,0.3272745332,6826,Suburb,69752,No,No,0.2843,0.8617,1376,Considered but not required,Public,0.0030408729,No
377564,University of Washington-Tacoma Campus,WA,,0.8295,0.6226,10017,24528,,12375,62979,59588,0.8087,106488,0.5746355424,0.3272745332,7772,City,69752,No,No,0.4019,0.7768,,Neither required nor recommended,Public,0.0030408729,No
377661,Valley College-Martinsburg,WV,,,0.5828,25666,,,9418,25548,19205,,63504,0.788,0.6305418719,803,Suburb,53619,Yes,No,0.7176,,,,"Private, for-profit",,No
378576,Pacific College of Health and Science,CA,,,0.6727,39710,41495,,9500,25108,,0.1275,51282,0.7377521614,0.4090909091,4899,City,64347,Yes,No,0.3664,,,,"Private, for-profit",,No
380359,Bay Mills Community College,MI,,,0.3036,4282,11801,,,28213,,0.2025,54252,0.702020202,0.5614035088,5527,Rural,47067,Yes,No,0.4209,,,,Public,,No
380377,Northwest Indian College,WA,,,0.2692,7625,14696,,,29768,,0.3176,50337,0.6545454545,0.4666666667,11264,Suburb,57041,Yes,No,0.4946,0.5333,,,Public,,No
380438,Provo College,UT,,,0.6364,30255,34045,,24262,32673,,0.75,58806,0.7590618337,0.3752913753,4683,City,61675,Yes,No,0.5688,0.7619,,,"Private, for-profit",,No
381352,Colorado Chinese Medicine University,CO,,,,,,,,,,,,,,4076,City,,,No,,,,,"Private, for-profit",,No
381459,Phoenix Seminary,AZ,,,,,,,,,,0.5556,59274,,,11511,City,,,No,,,,,"Private, nonprofit",,No
383020,Midwest College of Oriental Medicine-Racine,WI,,,,,,,15000,,,,46503,,,4904,City,73238,,No,0.5,,,,"Private, for-profit",,No
384254,Beacon College,FL,,0.6037,0.5732,36576,68815,,18500,19919,,1,60552,0.4657534247,0.1911764706,8556,Suburb,77814,No,No,0.2601,0.7647,,Neither required nor recommended,"Private, nonprofit",,No
384306,Acupuncture and Integrative Medicine College-Berkeley,CA,,,,,,,,,,,67500,,,9286,City,,,No,,,,,"Private, nonprofit",,No
384412,University of the Potomac-Washington DC Campus,DC,,,0.5,18868,21791,,7500,38444,,0.9091,31248,0.5,0.4833333333,2010,City,78717,Yes,No,0.2632,0.75,,,"Private, for-profit",,No
384421,Rabbi Jacob Joseph School,NJ,,0.9032,0.0357,5774,20300,,,,,,60003,,,19553,Suburb,,No,No,0.1789,0.9063,,Neither required nor recommended,"Private, nonprofit",,No
385415,Albert Einstein College of Medicine,NY,,,,,,,,,,,,,,88389,City,,,No,,,,,"Private, nonprofit",,No
385619,Everglades University,FL,,0.8644,0.5775,27704,36311,,18950,38557,40111,0.2155,46584,0.552253116,0.4180238871,5543,City,60322,No,No,0.5147,0.775,,Neither required nor recommended,"Private, nonprofit",0.0316395014,No
386472,Herzing University-Orlando,FL,,0.8993,0.4545,19758,26011,0.003789792825,11756,35295,31369,0.1905,65367,0.8135465189,0.5209032652,5499,Suburb,60281,No,No,0.5986,0.5,,Neither required nor recommended,"Private, nonprofit",0.0093163792,No
388520,College of Biblical Studies-Houston,TX,,,0.6,16267,20532,,14750,33366,,0.5435,49176,0.5495495495,0.5088757396,10616,City,62100,Yes,No,0.7854,,,,"Private, nonprofit",,No
392257,The College of Health Care Professions-Northwest,TX,,,0.4593,25937,,,9473,31970,22106,0.3814,50013,0.8658772354,0.5601286174,3218,City,57325,Yes,No,0.6629,,,,"Private, for-profit",0.0079748671,No
399869,Southern California Institute of Technology,CA,,0.875,0.7944,27735,33835,,10651,60630,42359,0.3171,65556,0.0415584416,0.6184210526,1400,City,67551,No,No,0.7121,0.8125,,Neither required nor recommended,"Private, for-profit",0.0350649351,No
399911,Soka University of America,CA,26,0.6952,0.8692,21446,52758,,15250,42696,,0.7292,118692,0.7419354839,,47041,Suburb,79623,No,No,0.1685,0.9225,1360,Considered but not required,"Private, nonprofit",,No
401223,World Mission University,CA,,,0.5,16598,22556,,,,,0.6364,51984,,,2922,City,62541,Yes,No,0.4688,1,,,"Private, nonprofit",,No
401250,Yo San University of Traditional Chinese Medicine,CA,,,,,,,,,,,31896,,,7398,Suburb,,,No,,,,,"Private, nonprofit",,No
404055,Brookline College-Tempe,AZ,,,0.6548,19642,,,9500,32705,28700,,50994,0.7960954447,0.5590327169,4661,City,50758,Yes,No,0.5843,,,,"Private, for-profit",0.0068691251,No
404222,Inter American University of Puerto Rico-School of Optometry,PR,,,,,,,,,,1,72954,,,13213,City,,,No,,,,,"Private, nonprofit",,No
404338,Schiller International University,FL,,,0.5,24840,24840,,23224,37538,41163,,,0.5208333333,,1267,City,69055,Yes,No,0.1071,0.5,,,"Private, for-profit",,No
405854,Rabbinical College of Ohr Shimon Yisroel,NY,,,0.4,12860,27700,,,,,,26379,,,8221,City,36010,Yes,No,0.8017,0.6,,,"Private, nonprofit",,No
406024,Galen College of Nursing-Tampa Bay,FL,,,0.6449,29598,35084,,16500,58951,37907,0.5886,56430,0.8711656442,0.4930104843,4845,City,54499,Yes,No,0.4832,0.5,,,"Private, for-profit",0.0105170903,No
406033,Galen College of Nursing-San Antonio,TX,,,0.6809,29824,34745,,16500,58951,37907,0.5192,56889,0.8711656442,0.4930104843,4590,City,54499,Yes,No,0.5324,0.7179,,,"Private, for-profit",0.0105170903,No
407629,Lake Erie College of Osteopathic Medicine,PA,,,,,,,,,,0.3757,90450,,,13976,City,,,No,0,,,,"Private, nonprofit",,No
408844,Florida National University-Main Campus,FL,,,0.2811,23629,33531,,16492,29347,30810,0.3763,41409,0.7377845996,0.5662162162,2559,Suburb,51661,Yes,No,0.8362,0.6195,,,"Private, for-profit",0.005372218,No
409254,Erikson Institute,IL,,,,,,,,,,1,76743,,,47023,City,,,No,,,,,"Private, nonprofit",,No
409315,South Texas College,TX,,,0.2758,1291,7505,,,28239,34014,0.5701,63234,0.5448604733,0.6088904204,5557,City,33391,Yes,No,0.3593,0.6111,,,Public,0.0063581773,No
409616,Roger Williams University School of Law,RI,,,,,,,19500,53845,,0.5082,131706,0.5868392665,0.1965909091,15031,Suburb,84094,,No,,,,,"Private, nonprofit",,No
409698,California State University-Monterey Bay,CA,,0.9483,0.6323,14487,26017,,11000,48648,43413,0.472,99117,0.6709870389,0.5177157149,10834,Suburb,70802,No,No,0.4299,0.7912,,Neither required nor recommended,Public,0.0043203722,No
413413,Capella University,MN,,,0.3333,18305,22029,0.006123837605,8814,48500,45957,0.1189,67428,0.7469279984,0.4966973343,1998,City,64334,Yes,No,0.3657,0.2273,,,"Private, for-profit",0.0450898751,No
413617,College of Menominee Nation,WI,,,0.275,10498,16327,,,25934,,0.4,58347,0.6571428571,0.55,38854,Rural,51926,Yes,No,0.5089,,,,"Private, nonprofit",,No
414595,Pacific College of Health and Science,NY,,,0.6774,46892,47478,,9500,25108,,0.1127,67644,0.7377521614,0.4090909091,3796,City,64347,Yes,No,0.2811,0.25,,,"Private, for-profit",,No
414878,Trine University-Regional/Non-Traditional Campuses,IN,,0.2162,1,21976,21976,,18500,53010,,0.2355,75393,0.3919510061,0.3215613383,3046,Town,60275,No,No,0.1298,1,,Neither required nor recommended,"Private, nonprofit",,No
414966,Phillips Theological Seminary,OK,,,,,,,,,,1,64620,,,25849,City,,,No,,,,,"Private, nonprofit",,No
416801,The University of Texas MD Anderson Cancer Center,TX,,,,,,,12500,72924,,1,122049,0.7068965517,0.4557823129,16448,City,67446,,No,0.3205,,,,Public,,No
417734,Southeast Missouri Hospital College of Nursing and Health Sciences,MO,22,1,1,25189,27592,,9860,60055,,1,55746,0.8476821192,0.4785714286,10685,City,47776,No,No,0.4627,,1020,Considered but not required,"Private, nonprofit",,No
417752,Messenger College,TX,,0.5,0.5556,18541,26199,,27000,29135,,,16722,0.3442622951,,4774,Suburb,47706,No,No,0.8421,0.6667,,Neither required nor recommended,"Private, nonprofit",,No
418126,New York College of Health Professions,NY,,,0.5417,42908,46556,,17644,30476,,,49203,0.7306733167,0.4496644295,11685,Suburb,84146,Yes,No,0.3226,,,,"Private, nonprofit",,No
420024,Centura College-Chesapeake,VA,,,0.6667,26254,32162,,10054,26077,22984,,49275,0.8573529412,0.5207156309,2312,City,50931,Yes,No,0.8413,,,,"Private, for-profit",0.0117647059,No
420042,University of Phoenix-Hawaii,HI,,,0.6667,,,0.003617123042,16690,35359,36266,,,0.6972811618,0.5435338797,1102,Suburb,62086,,No,0.125,,,,"Private, for-profit",0.0303186769,No
420246,Sonoran University of Health Sciences,AZ,,,,,,,,,,0.2432,59607,,,21668,City,,,No,,,,,"Private, nonprofit",,No
420325,Yeshiva D'monsey Rabbinical College,NY,,0.4231,0.0526,6266,17700,,,,,,26640,,,5545,Suburb,47056,No,No,0.8353,0.7619,,Neither required nor recommended,"Private, nonprofit",,No
420705,Bakke Graduate University,TX,,,,,,,,,,,,,,2197,City,,,No,,,,,"Private, nonprofit",,No
421708,Arizona College of Nursing-Tempe,AZ,,1,0.0909,31502,35067,,9500,32840,22441,0.2482,69426,0.8486707566,0.5442307692,7887,City,55688,No,No,0.4665,0.7647,,Neither required nor recommended,"Private, for-profit",0.0071574642,No
421878,Eastern International College-Jersey City,NJ,,1,0.2545,23532,29693,,18499,36936,42305,0.5865,65781,0.9048780488,0.5227272727,6061,City,52758,No,No,0.4537,0.3333,,Neither required nor recommended,"Private, for-profit",,No
422695,Pacific College,CA,,0.5,0.7586,21941,,,20869,62792,,0.1089,67680,0.9016853933,0.6342412451,12372,City,73126,No,No,0.5082,,,Neither required nor recommended,"Private, for-profit",,No
423643,Midwestern University-Glendale,AZ,,,,,,,,,,0.9655,112005,,,32447,Suburb,74224,,No,,,,,"Private, nonprofit",,No
426314,Embry-Riddle Aeronautical University-Worldwide,FL,,0.6175,0.21560000000000001,19733,24015,,14250,65391,40736,0.2298,76347,0.1816434407,0.3554592721,5682,City,66671,No,No,0.2506,0.6667,1193,Considered but not required,"Private, nonprofit",0.0195418869,No
428170,Southeastern College-West Palm Beach,FL,,0.8062,0.6667,33952,42393,,12039,35935,33778,0.4825,47772,0.835600907,0.5180722892,4638,Suburb,54474,No,No,0.773,1,,Neither required nor recommended,"Private, for-profit",0.0113378685,No
428259,Ottawa University-Milwaukee,WI,,,,,,,12500,49139,42315,,57636,0.6274509804,0.4008683068,1756,Suburb,65346,,No,0.4603,,,,"Private, nonprofit",0.0130718954,No
429085,American College of Acupuncture and Oriental Med,TX,,,,,,,,,,,47097,,,6520,City,58401,,No,,,,,"Private, for-profit",,No
429094,AOMA Graduate School of Integrative Medicine,TX,,,,,,,,,,1,51345,,,5469,City,78343,,No,,,,,"Private, for-profit",,No
430184,Strayer University-Maryland,MD,,,0,18092,23838,0.003405401125,14000,36582,33784,0.1923,71676,0.7508344853,0.5372940338,1954,Suburb,66472,Yes,No,0.5955,0.6,,,"Private, for-profit",0.0144306956,No
430670,San Juan Bautista School of Medicine,PR,,1,0.3333,7589,13129,,7000,,,,,,,12026,City,,No,No,0.8767,0.625,,Neither required nor recommended,"Private, nonprofit",,No
430704,Texas Health and Science University,TX,,,,,,,,,,,55431,,,7739,City,,,No,,,,,"Private, for-profit",,No
431983,Yeshiva of the Telshe Alumni,NY,,,0.0606,,,,,,,,41589,,,20162,City,58482,No,No,0.473,,,Neither required nor recommended,"Private, nonprofit",,No
432348,Appalachian School of Law,VA,,,,,,,,,,1,85302,,,19708,Rural,,,No,,,,,"Private, nonprofit",,No
432384,Platt College-Ontario,CA,,,0.5729,27002,32366,,15215,38619,31933,0.3393,50715,0.7755666114,0.5471296953,11428,City,60243,Yes,No,0.6561,,,,"Private, for-profit",0.0077390824,No
433004,American University of Health Sciences,CA,,1,0.5,,,,32484,111064,33059,0.4384,100035,0.7808219178,0.3515625,10234,Suburb,58092,No,No,0.4598,,,Neither required nor recommended,"Private, for-profit",,No
433174,Carolinas College of Health Sciences,NC,,0.8148,1,,,,9500,59817,,0.5577,72342,0.9108280255,0.3184931507,19244,City,68067,No,No,0.1663,,,Required,Public,,No
433387,Western Governors University,UT,,,0.5089,10442,14464,0.00229431224,8318,69572,52240,0.7279,55512,0.6895346564,0.4706482625,2952,Suburb,62039,Yes,No,0.3488,0.6151,,,"Private, nonprofit",0.0213608368,No
433420,California Aeronautical University,CA,,,0.4194,38205,44854,,13354,37182,54041,0.2456,52974,0.6019417476,0.5,21850,Suburb,65732,Yes,No,0.4985,0.6207,,,"Private, for-profit",,No
433536,Herzing University-New Orleans,LA,,0.8913,0.2857,21090,26702,0.003789792825,11756,35295,31369,0.5,64089,0.8135465189,0.5209032652,3804,City,60281,No,No,0.7225,0.4167,,Neither required nor recommended,"Private, nonprofit",0.0093163792,No
433660,Florida Gulf Coast University,FL,22,0.7675,0.5602,10319,18269,,11999,45029,33570,0.6756,83889,0.5940099834,0.3594800538,7203,Suburb,62394,No,No,0.2857,0.8303,1120,Required,Public,0.003327787,No
434441,Florida College of Integrative Medicine,FL,,,,,,,,,,,39240,,,2496,Suburb,59999,,No,,,,,"Private, for-profit",,No
434584,Ilisagvik College,AK,,,0.3571,5542,9740,,,31396,,1,73251,0.48,,32792,Rural,89256,Yes,No,0.1069,,,,Public,,No
434900,Dewey University-Carolina,PR,,,0.6197,3645,10826,,5000,17132,26008,1,24372,0.6527531083,0.4795996921,3610,Suburb,21613,Yes,No,0.8512,0.6129,,,"Private, nonprofit",,No
434937,Yeshiva College of the Nations Capital,MD,,,0.5,2200,24800,,,,,,73791,,,1672,Suburb,,Yes,No,0.186,0.7,,,"Private, nonprofit",,No
435000,Louisiana State University Health Sciences Center-Shreveport,LA,,,,,,,15719,65160,,0.9508,70578,,,164320,City,49260,,No,0.1739,,,,Public,,No
436429,Los Angeles Film School,CA,,,0.4216,33130,,,15934,24375,,0.8835,48069,0.2445652174,0.4219771242,5414,City,,Yes,No,0.6492,0.4982,,,"Private, for-profit",0.0268342391,No
436614,International Baptist College and Seminary,AZ,,,0.4286,16828,26104,,,28602,,,34164,0.48,,5838,City,55892,Yes,No,0.3091,1,,,"Private, nonprofit",,No
436818,University of Connecticut-Waterbury Campus,CT,23,0.8704,0.5948,8896,20917,,18610,63322,40473,0.6538,145539,0.5309655084,0.2664932932,3971,City,80999,No,No,0.5,0.7949,1070,Required,Public,0.0020515451,No
436827,University of Connecticut-Avery Point,CT,25,0.8651,0.5667,11504,21603,,18610,63322,40473,0.6538,145539,0.5309655084,0.2664932932,18740,Suburb,80999,No,No,0.3428,0.7989,1130,Required,Public,0.0020515451,No
436836,University of Connecticut-Stamford,CT,25,0.8019,0.5686,14059,27737,,18610,63322,40473,0.6538,145539,0.5309655084,0.2664932932,3076,City,80999,No,No,0.5037,0.7783,1080,Required,Public,0.0020515451,No
437097,University of Management and Technology,VA,,,1,,,,8971,63721,,0.92,10881,0.4776119403,0.52,496,City,,Yes,No,0.0483,,,,"Private, for-profit",0.3432835821,No
438586,American InterContinental University-Atlanta,GA,,,0.2105,15774,22756,0.007980435062,9500,27823,27689,,64881,0.6963450033,0.5548700548,1253,City,58772,Yes,No,0.833,0.3462,,,"Private, for-profit",0.0284935727,No
439020,Midwest College of Oriental Medicine-Skokie,IL,,,,,,,15000,,,,36747,,,7306,City,73238,,No,0.3333,,,,"Private, for-profit",,No
439190,Cascadia College,WA,,,0.4124,12612,20058,,5215,44620,,1,90873,0.5022026432,0.3829431438,8389,Suburb,85119,Yes,No,0.0976,,,,Public,,No
439367,CBD College,CA,,,0.686,21100,,,16733,34724,,0.8621,65808,0.7144790257,0.4343257443,2705,City,45797,Yes,No,0.4259,,,,"Private, nonprofit",,No
439394,East West College of Natural Medicine,FL,,,,,,,,,,,60003,,,1955,City,58632,,No,,,,,"Private, for-profit",,No
439446,Atlantic Institute of Oriental Medicine,FL,,,,,,,,,,1,42642,,,9046,City,,,No,0,,,,"Private, nonprofit",,No
439701,The King's University,TX,,1,0.4,23878,25128,,14250,30883,33450,1,70497,0.5378151261,0.4,8239,Suburb,68510,No,No,0.0824,1,,Required,"Private, nonprofit",,No
439783,New York College of Traditional Chinese Medicine,NY,,,,,,,12500,,,,73404,0.75,,5326,Suburb,,,No,,,,,"Private, nonprofit",,No
439817,Northeastern Seminary,NY,,,,,,,,,,,60669,,,7667,Suburb,,,No,,,,,"Private, nonprofit",,No
439862,Pacific Islands University,GU,,0.3944,0.5,6746,12823,,,,,,25875,0.5303030303,0.3913043478,2936,Suburb,,No,No,0.3333,1,,Neither required nor recommended,"Private, nonprofit",,No
439871,PCI College,CA,,,0.7692,24046,,,15272,29823,34651,,56250,0.9038461538,0.6119402985,2196,Suburb,56367,Yes,No,0.671,,,,"Private, for-profit",,No
439914,Seattle Institute of East Asian Medicine,WA,,,,,,,,,,,,,,3251,City,,,No,,,,,"Private, nonprofit",,No
439969,Acupuncture and Massage College,FL,,,0.7931,34656,38168,,7600,22121,,,42966,0.6063829787,,22196,City,62657,Yes,No,0.6567,,,,"Private, for-profit",,No
440004,Upper Valley Educators Institute,NH,,,,,,,12500,,,,,0.6111111111,,18884,Town,65297,,No,,,,,"Private, nonprofit",,No
440031,Keck Graduate Institute,CA,,,,,,,12500,67541,77221,0.4898,110655,0.5090909091,,18021,Suburb,,,No,,,,,"Private, nonprofit",,No
440396,New Saint Andrews College,ID,,0.8571,0.697,,,,,,,0.8929,60039,,,8162,Town,,No,No,0,0.8767,1245,Required,"Private, nonprofit",,No
440651,Atenas College,PR,,,0.4259,6544,15338,,6600,18391,,0.5287,15597,0.6946808511,0.5214646465,4582,Suburb,17009,Yes,No,0.8119,0.76,,,"Private, nonprofit",,No
440794,Pillar College,NJ,,,0.3409,5804,33662,,17817,37885,,0.3333,42948,0.6756756757,0.5873015873,5293,City,86049,Yes,No,0.5556,0.8125,,,"Private, nonprofit",,No
440828,Oregon State University-Cascades Campus,OR,25,0.6844,0.5116,17722,27461,,15000,50843,44793,0.7143,111285,0.5083557321,0.31369606,3439,City,60312,No,No,0.2795,0.7823,,Neither required nor recommended,Public,0.0045576721,No
440916,Southern University Law Center,LA,,,,,,,15455,33033,36511,0.4894,78777,0.6367601246,0.3966005666,9077,City,45854,,No,,0.6011,,,Public,,No
441104,Richmont Graduate University,TN,,,,,,,,,,0.2794,51795,,,7819,City,,,No,,,,,"Private, nonprofit",,No
441131,The Seattle School of Theology & Psychology,WA,,,,,,,,,,1,61542,,,14726,City,,,No,,,,,"Private, nonprofit",,No
441229,Smith Chason College,CA,,,0.4851,34402,37295,,16640,48956,36928,1,92142,0.8077239113,0.497995992,5360,City,59467,Yes,No,0.5579,,,,"Private, for-profit",0.0197206245,No
441609,Yeshiva Shaarei Torah of Rockland,NY,,0.3469,,15444,24095,,,,,0.6667,55818,,,7635,Suburb,54851,No,No,0.2404,0.8,,Neither required nor recommended,"Private, nonprofit",,No
441636,American Institute of Alternative Medicine,OH,,0.8438,0.5455,32285,35639,,9500,47719,,1,52128,0.7984293194,0.5053003534,4407,City,58848,No,No,0.6637,,,Neither required nor recommended,"Private, for-profit",,No
441690,Universidad Pentecostal Mizpa,PR,,,0.1429,5607,12652,,,20908,,,,0.4466666667,0.56,2322,City,22787,Yes,No,0.5786,0,,,"Private, nonprofit",,No
441900,Nevada State University,NV,,0.8615,0.3103,13208,23035,,12547,47092,35490,1,78318,0.7599734043,0.4877488515,6164,Rural,,No,No,0.2207,0.7697,,Neither required nor recommended,Public,0.0099734043,No
441937,California State University-Channel Islands,CA,,0.9306,0.5345,9792,24039,,12500,46785,38019,0.5477,101889,0.6834629692,0.5068836045,12332,Rural,78662,No,No,0.469,0.7259,,Neither required nor recommended,Public,0.0043963476,No
441982,Franklin W Olin College of Engineering,MA,35,0.2166,0.9222,20575,81486,,14287,105483,106955,0.8254,122706,0.4923076923,,35331,Suburb,,No,No,0.1347,0.9867,1540,Considered but not required,"Private, nonprofit",,No
442064,Won Institute of Graduate Studies,PA,,,,,,,,,,0.1061,34911,,,8382,Suburb,,,No,,,,,"Private, nonprofit",,No
442295,Ave Maria School of Law,FL,,,,,,,,,,1,89550,,,13823,Suburb,,,No,,,,,"Private, nonprofit",,No
442356,Pennsylvania College of Health Sciences,PA,,0.4412,0.6703,37208,41566,,13352,69019,37669,0.8506,69399,0.8852258852,0.4654939107,12487,Rural,63119,No,No,0.3018,0.65,,Considered but not required,"Private, nonprofit",,No
442426,St Louis College of Health Careers-Fenton,MO,,1,0.7419,,,,9500,28788,24701,0.375,51912,0.9248366013,0.4874504624,2965,Suburb,44081,No,No,0.5971,,,Neither required nor recommended,"Private, for-profit",0.0119825708,No
442569,University of Arkansas Grantham,AR,,,0.243,9325,14752,0.00395256917,8491,26870,27254,,,0.6541742414,0.5862972669,1666,City,,Yes,No,0.6221,0.2368,,,Public,0.0190183191,No
442639,University of the Potomac-VA Campus,VA,,,0.7778,,,,7500,38444,,1,46872,0.5,0.4833333333,2754,Suburb,78717,Yes,No,0,0.75,,,"Private, for-profit",,No
442806,Edward Via College of Osteopathic Medicine,VA,,,,,,,,,,,,,,24924,City,,,No,,,,,"Private, nonprofit",,No
442842,Pacific College of Health and Science,IL,,,0.6786,,,,9500,25108,,,43551,0.7377521614,0.4090909091,2890,City,64347,Yes,No,0.5833,,,,"Private, for-profit",,No
443030,NorthShore University HealthSystem School of Nurse Anesthesia,IL,,,,,,,,,,,,,,24519,City,,,No,,,,,"Private, nonprofit",,No
443049,Faith International University,WA,,,0.6667,18361,20793,,12500,52989,,0.3704,34839,0.4,,2602,City,60716,Yes,No,0.4716,0.6667,,,"Private, nonprofit",,No
443058,Family of Faith Christian University,OK,,1,0.25,,,,,,,,16272,,,2568,Rural,50394,No,No,0.4118,,,Considered but not required,"Private, nonprofit",,No
443076,Hood Theological Seminary,NC,,,,,,,,,,0.2941,34515,,,18319,Suburb,,,No,,,,,"Private, nonprofit",,No
443331,West Coast University-Los Angeles,CA,,,0.4444,51992,58637,,24145,96114,45814,0.3727,73908,0.7977900552,0.3973442288,12704,City,63221,Yes,No,0.4527,1,,,"Private, for-profit",0.0095027624,No
443340,Williamson Christian College,TN,,,0.5,22721,28954,,,47309,,,10539,,,5454,City,75055,Yes,No,0.3902,0.75,,,"Private, nonprofit",,No
443410,DigiPen Institute of Technology,WA,28,0.6802,0.5156,42033,51366,,21163,58771,60033,0.5373,91071,0.2588555858,0.1742857143,11488,City,70283,No,No,0.224,0.7322,1295,Considered but not required,"Private, for-profit",,No
443562,Dewey University-Hato Rey,PR,,,0.5224,4704,11591,,5000,17132,26008,1,18000,0.6527531083,0.4795996921,4201,City,21613,Yes,No,0.8996,0.6071,,,"Private, nonprofit",,No
443599,American College of Healthcare Sciences,OR,,0.5822,,24016,28848,,9500,26458,26776,0.5833,42795,0.9460431655,0.4430894309,3126,City,,No,No,0.6192,0.5,,Considered but not required,"Private, for-profit",,No
443702,Bexley Hall Seabury Western Theological Seminary Federation Inc.,IL,,,,,,,,,,,69786,,,41101,City,,,No,,,,,"Private, nonprofit",,No
443766,Strayer University-Tennessee,TN,,,0,18466,23838,0.003405401125,14000,36582,33784,0.1739,64323,0.7508344853,0.5372940338,2024,City,66472,Yes,No,0.8603,0.4,,,"Private, for-profit",0.0144306956,No
443784,Strayer University-Pennsylvania,PA,,,,21360,23838,0.003405401125,14000,36582,33784,0.1923,71676,0.7508344853,0.5372940338,2179,Suburb,66472,Yes,No,0.68,0,,,"Private, for-profit",0.0144306956,No
444088,Brookline College-Albuquerque,NM,,,0.6528,39885,,,9500,32705,28700,0.4478,66078,0.7960954447,0.5590327169,6248,City,50758,Yes,No,0.5184,0.3333,,,"Private, for-profit",0.0068691251,No
444103,Byzantine Catholic Seminary of Saints Cyril and Methodius,PA,,,,,,,,,,,18900,,,18321,City,,,No,,,,,"Private, nonprofit",,No
444130,Northcentral University,CA,,,,,,,9430,46759,,,,0.8163265306,0.4444444444,1466,City,63198,,No,0.2547,,,,"Private, nonprofit",,No
444325,ATI College-Whittier,CA,,,0.2,26689,,,11853,36256,,,36405,0.8,,5017,Suburb,61267,Yes,No,0.5391,0.25,,,"Private, for-profit",,No
444398,Baptist University of the Americas,TX,,,0.2727,8750,15001,,,27315,,0.0556,37314,0.5555555556,0.5535714286,7354,City,47253,Yes,No,0.3241,0.5556,,,"Private, nonprofit",,No
444413,Beis Medrash Heichal Dovid,NY,,0.7,0.1765,7125,20500,,,,,,115209,,,3267,City,52100,No,No,0.1497,0.8723,,Neither required nor recommended,"Private, nonprofit",,No
444699,Institute of Clinical Acupuncture & Oriental Med,HI,,,,,,,,,,,27504,,,6465,City,,,No,,,,,"Private, for-profit",,No
444778,Charlotte Christian College and Theological Seminary,NC,,,0,,,,8701,41684,,0.3889,20286,0.5689655172,,3527,City,62379,Yes,No,0.5556,,,,"Private, nonprofit",,No
444787,Nightingale College,UT,,,0.45,29378,,,10500,63412,,0.9324,66249,0.8615384615,0.447592068,3329,City,60498,Yes,No,0.4347,0.5745,,,"Private, for-profit",,No
445027,American InterContinental University System,AZ,,,0.212,14449,20949,0.007980435062,9500,27823,27689,,56943,0.6963450033,0.5548700548,1593,City,58772,Yes,No,0.7291,0.2013,,,"Private, for-profit",0.0284935727,No
445054,Toyota Technological Institute at Chicago,IL,,,,,,,,,,1,229347,,,292208,City,,,No,,,,,"Private, nonprofit",,No
445133,American InterContinental University-Houston,TX,,,0.4545,18264,25557,0.007980435062,9500,27823,27689,,67653,0.6963450033,0.5548700548,5108,City,58772,Yes,No,0.7705,0.5,,,"Private, for-profit",0.0284935727,No
445188,University of California-Merced,CA,,0.3918,0.6915,12744,37098,,12750,48475,38152,0.9345,126558,0.536360938,0.5741399763,11707,Suburb,,No,No,0.5901,0.8309,,Neither required nor recommended,Public,,No
445267,Central Methodist University-College of Graduate and Extended Studies,MO,,0.8714,0,14774,20195,,13292,43860,39112,1,54540,0.6899563319,0.4372781065,2484,Rural,49478,No,No,0.2678,0.5,,Considered but not required,"Private, nonprofit",0.010371179,No
445692,Neumont College of Computer Science,UT,,0.8924,0.5655,28979,39004,,,77865,110600,1,96624,0.1379310345,0.3041958042,4513,City,65341,No,No,0.5733,0.7716,1112,Considered but not required,"Private, for-profit",,No
445708,Johnson & Wales University-Charlotte,NC,,0.7528,0.5211,28901,55989,0.002875629044,16334,35802,25600,1,93420,0.6353397118,0.3464140731,14515,City,68856,No,Yes,0.5193,0.6393,1015,Considered but not required,"Private, nonprofit",0.0024221872,No
445735,Roseman University of Health Sciences,NV,,,,,,,25000,96993,40079,0.5681,103518,0.7429378531,0.3375,18565,City,,,No,0.2265,,,,"Private, nonprofit",,No
445869,Divine Mercy University,VA,,,,,,,,,,0.9375,70380,,,10020,Suburb,,,No,,,,,"Private, nonprofit",,No
446002,American Academy of Health and Wellness,MN,,,,,,,,,,,9279,,,3338,Suburb,,,No,,,,,"Private, for-profit",,No
446039,Arizona School of Acupuncture and Oriental Medicine,AZ,,,,,,,,,,,,,,4158,City,,,No,,,,,"Private, for-profit",,No
446048,Ave Maria University,FL,,0.4481,0.5548,23655,43220,,12000,43572,,1,78642,0.4839400428,0.1763392857,11817,Rural,72612,No,No,0.2318,0.75,,Neither required nor recommended,"Private, nonprofit",,No
446224,Eastern School of Acupuncture and Traditional Medicine,NJ,,,,,,,,,,,,,,6665,Suburb,85380,,No,0,,,,"Private, for-profit",,No
446233,Ecclesia College,AR,,0.475,0.3654,24294,31344,,9000,32147,,0.2571,12870,0.3755868545,0.4742268041,5633,Rural,50250,No,No,0.5346,0.4091,,Neither required nor recommended,"Private, nonprofit",,No
446385,Los Angeles College of Music,CA,,0.8137,0.4737,40853,50873,,17521,20538,,0.0079,52497,0.3367346939,,9143,City,65564,No,No,0.2611,0.6852,,Neither required nor recommended,"Private, for-profit",,No
446525,SAE Institute of Technology-Nashville,TN,,,0.4575,21299,25834,,9245,23932,28385,0.3219,40446,0.1458333333,0.3394308943,2238,City,58039,Yes,No,0.7596,,,,"Private, for-profit",,No
446561,Stanbridge University,CA,,0.1137,0.7719,25114,,,16500,53729,35572,0.3886,57951,0.7677130045,0.4163179916,2792,City,90341,No,No,0.4534,0.9254,,Neither required nor recommended,"Private, for-profit",0.0762331839,No
446604,Uta Mesivta of Kiryas Joel,NY,,,0.7841,5023,21452,,,27871,46399,1,31167,,,6433,City,57817,Yes,No,0.8625,0.9561,,,"Private, nonprofit",,No
446640,Harrisburg University of Science and Technology,PA,,0.8178,0.4337,13766,33434,,11848,34365,,0.4018,72756,0.4899328859,0.44,13550,City,,No,No,0.4823,0.7252,,Neither required nor recommended,"Private, nonprofit",,No
447050,United States University,CA,,,,21557,28358,,13598,34909,35603,1,67662,0.6914893617,0.5303030303,3531,City,63190,Yes,No,0.1179,,,,"Private, for-profit",,No
447263,Joyce University of Nursing and Health Sciences,UT,,0.8944,0.4706,31013,33321,,10470,45177,33925,0.4409,65493,0.8031746032,0.384219554,9821,Suburb,62933,No,No,0.3443,0.8125,,Neither required nor recommended,"Private, for-profit",0.0158730159,No
447421,Eagle Gate College-Layton,UT,,,0.68,32097,,,20000,36393,28292,,62334,0.7718446602,0.5258126195,5683,Suburb,64280,Yes,No,0.5884,0.625,,,"Private, for-profit",,No
447689,Georgia Gwinnett College,GA,20,0.9557,0.198,11696,18033,,9000,36756,30782,0.7402,71541,0.5964338782,0.3561382184,6017,Suburb,,No,No,0.5034,0.6879,,Neither required nor recommended,Public,0.0040118871,No
447698,Phoenix Institute of Herbal Medicine & Acupuncture,AZ,,,,,,,,,,0.08,42750,,,1894,City,,,No,,,,,"Private, for-profit",,No
447801,University of East-West Medicine,CA,,,,,,,,,,,45000,,,2212,City,,,No,,,,,"Private, for-profit",,No
447953,SUM Bible College and Theological Seminary,CA,,0.6421,0.4615,21042,24340,,13815,30871,,1,45000,0.5038560411,0.5363636364,2067,Suburb,,No,No,0.5288,0.5806,,Neither required nor recommended,"Private, nonprofit",,No
448239,Careers Unlimited,UT,,,,,,,27396,48228,,,94923,,,7375,City,,,No,0.5311,,,,"Private, for-profit",,No
448691,International Institute for Restorative Practices,PA,,,,,,,,,,1,60669,,,80883,City,,,No,,,,,"Private, nonprofit",,No
449038,Strayer University-Florida,FL,,,0,17518,23838,0.003405401125,14000,36582,33784,0.1923,71676,0.7508344853,0.5372940338,1979,Suburb,66472,Yes,No,0.7009,0.75,,,"Private, for-profit",0.0144306956,No
449135,Dewey University-Juana Diaz,PR,,,0.7083,4142,11190,,5000,17132,26008,1,24246,0.6527531083,0.4795996921,1762,Suburb,21613,Yes,No,0.9186,0.6154,,,"Private, nonprofit",,No
449339,American Public University System,WV,,,0.5323,9104,16358,0.005192276489,10282,32917,37271,0.2037,59166,0.5000920132,0.5344448113,1750,Town,,Yes,No,0.2467,0.9362,,,"Private, for-profit",0.0391056312,No
449348,Huntsville Bible College,AL,,,0,11562,17595,,28500,25470,,,,0.6056338028,0.6666666667,7375,City,,Yes,No,0.4545,1,,,"Private, nonprofit",,No
449384,Gnomon,CA,,0.3968,0.6667,45824,48010,,28332,90652,,,101601,0.2892561983,,8955,City,,No,No,0.1429,0.88,,Neither required nor recommended,"Private, for-profit",,No
449481,Dragon Rises College of Oriental Medicine,FL,,,,,,,,,,,,,,3960,City,,,No,,,,,"Private, nonprofit",,No
449658,Bais Medrash Toras Chesed,NJ,,0.6301,0.3214,6505,13700,,,,,,46854,,,5269,City,,No,No,0.3182,0.8788,,Neither required nor recommended,"Private, nonprofit",,No
449764,Visible Music College,TN,19,0.2868,0.4828,26181,31386,,9500,32345,,0.5294,30555,0.4246575342,,11019,City,,No,No,0.4408,0.7273,1050,Considered but not required,"Private, nonprofit",,No
449834,Virginia Beach Theological Seminary,VA,,,,,,,,,,,45864,,,18652,City,,No,No,,,,Neither required nor recommended,"Private, nonprofit",,No
449870,University of the West,CA,,1,0.3111,11137,24944,,15000,33856,,0.2414,66456,0.5769230769,,20930,Suburb,,No,No,0.4194,0.4,,Neither required nor recommended,"Private, nonprofit",,No
449889,American College of Education,IN,,,,,,,,,,0.2881,29754,,,,City,,,No,0,,,,"Private, for-profit",,No
449898,South University-Tampa,FL,,,0.0455,24280,33016,0.003513513514,13000,34115,35235,0.2903,67077,0.7628668652,0.4722883373,7989,City,55764,Yes,No,0.4774,0.1111,,,"Private, for-profit",0.0162342266,No
449922,Appalachian College of Pharmacy,VA,,,,,,,,,,1,87210,,,24356,Rural,,,No,,,,,"Private, nonprofit",,No
450298,Strayer University-Delaware,DE,,,,,,0.003405401125,14000,36582,33784,0.1667,89595,0.7508344853,0.5372940338,2681,City,66472,Yes,No,0.6862,0,,,"Private, for-profit",0.0144306956,No
450304,Brite Divinity School,TX,,,,,,,19000,60435,58833,1,95427,0.6027837259,0.2040586246,46095,City,76266,,No,,,,,"Private, nonprofit",,No
450377,Strayer University-Alabama,AL,,,,22923,23838,0.003405401125,14000,36582,33784,0.1923,71676,0.7508344853,0.5372940338,2174,City,66472,Yes,No,0.8254,0,,,"Private, for-profit",0.0144306956,No
450571,Rasmussen University-Wisconsin,WI,,,0.625,18847,24230,0.002715030408,13000,41436,33857,0.1395,70056,0.814446146,0.4757427831,6142,City,66941,Yes,No,0.5717,1,,,"Private, for-profit",0.0124042879,No
450933,Columbia Southern University,AL,,,0.3722,14975,18002,,13980,55140,44463,0.4093,37863,0.5196488294,0.5352340839,1516,Town,,Yes,No,0.2122,0.5876,,,"Private, for-profit",0.028567447,No
451079,Academy for Five Element Acupuncture,FL,,,,,,,,,,,,,,6119,City,,,No,,,,,"Private, nonprofit",,No
451103,Miami Regional University,FL,,,0.2083,28535,,,20000,43161,41027,0.55,70497,0.7532467532,0.5174757282,3683,Suburb,,Yes,No,0.2344,0.9063,,,"Private, for-profit",0.0097402597,No
451370,Yeshivas Be'er Yitzchok,NJ,,1,0.1429,16189,32040,,,,,,38115,,,7630,Suburb,,No,No,0.569,0.6,,Neither required nor recommended,"Private, nonprofit",,No
451398,Yeshiva Toras Chaim,NJ,,0.9841,0.2698,5014,21574,,,,,,49788,,,10485,Suburb,,No,No,0.4178,0.931,,Neither required nor recommended,"Private, nonprofit",,No
451404,Talmudical Seminary of Bobov,NY,,0.9807,0.4304,1525,18400,,,24642,,1,28287,,0.8509090909,3652,City,,No,No,0.9455,0.7697,,Neither required nor recommended,"Private, nonprofit",,No
451510,Charleston School of Law,SC,,,,,,,,,,0.5294,120447,,,9273,City,,,No,,,,,"Private, for-profit",,No
451556,Southwest University at El Paso,TX,,,0.6565,17803,23946,,14000,29611,22960,,39285,0.6031111111,0.5078219013,2188,City,,Yes,No,0.7909,0.6382,,,"Private, for-profit",0.0071111111,No
451750,Bryant & Stratton College-Wauwatosa,WI,,,0.2349,15135,25392,0.004953560372,9500,27873,23903,0.4112,59085,0.8171590332,0.5378553335,9424,Suburb,48773,Yes,No,0.5738,0.52,,,"Private, nonprofit",0.0111780504,No
451866,Remington College-Shreveport Campus,LA,,,0.2593,30248,37056,0.003720065101,9500,26884,22634,,35019,0.7714097497,0.5946662943,2569,City,57418,Yes,No,0.9091,,,,"Private, nonprofit",0.0081247255,No
451927,Patrick Henry College,VA,30,0.8198,0.6545,,,,,,,1,64629,,,12338,Town,,No,No,0,0.8788,1351,Required,"Private, nonprofit",,No
452948,Galen College of Nursing-Cincinnati,OH,,,0.5476,29150,33343,,16500,58951,37907,0.65,57843,0.8711656442,0.4930104843,5543,Suburb,54499,Yes,No,0.5665,0.7778,,,"Private, for-profit",0.0105170903,No
453163,Strayer University-North Carolina,NC,,,0.1667,,,0.003405401125,14000,36582,33784,0.1923,66681,0.7508344853,0.5372940338,1894,City,66472,Yes,No,0.7997,0,,,"Private, for-profit",0.0144306956,No
453215,Strayer University-New Jersey,NJ,,,0,,,0.003405401125,14000,36582,33784,0.1667,89595,0.7508344853,0.5372940338,1384,Suburb,66472,Yes,No,0.6624,,,,"Private, for-profit",0.0144306956,No
454227,Chamberlain University-Illinois,IL,,0.8857,0.5,26933,36346,,16458,84533,45246,0.1135,71118,0.8969863014,0.47309798,2849,Suburb,63402,No,No,0.2994,0.7692,868,Considered but not required,"Private, for-profit",0.0111780822,No
454236,Chamberlain University-Ohio,OH,,0.75,0,32074,38833,,16458,84533,45246,0.1017,79884,0.8969863014,0.47309798,6682,City,63402,No,No,0.486,0.4,,Considered but not required,"Private, for-profit",0.0111780822,No
454245,Chamberlain University-Arizona,AZ,,0.875,0.6667,37002,39034,,16458,84533,45246,0.1017,79884,0.8969863014,0.47309798,6109,City,63402,No,No,0.4352,0.5556,,Considered but not required,"Private, for-profit",0.0111780822,No
454582,Ottawa University-Online,KS,,,,,,,12500,49139,42315,0.9231,67671,0.6274509804,0.4008683068,2699,City,65346,,No,0.2955,,,,"Private, nonprofit",0.0130718954,No
454689,Taft University System,CO,,,,,,,,,,,,,,824,City,,,No,,,,,"Private, for-profit",,No
454786,Laurus College,CA,,,0.3846,15693,,,18334,33247,,0.7027,45108,0.5469988675,0.5199362041,3389,City,,Yes,No,0.6742,0.9211,,,"Private, for-profit",0.0226500566,No
454829,Aspen University,AZ,,,,,,,7802,29448,,1,54468,0.7810218978,0.5145348837,3742,City,,Yes,No,0.1287,,,,"Private, for-profit",,No
454838,Institute of Taoist Education and Acupuncture,CO,,,,,,,,,,,,,,14675,Suburb,,,No,,,,,"Private, nonprofit",,No
454856,Denver College of Nursing,CO,,,,,,,21110,80184,37375,0.1294,56655,0.8568994889,0.3224043716,5643,City,,,No,0.2514,,,,"Private, for-profit",,No
455099,Urshan Graduate School of Theology,MO,,,,,,,,,,,57150,,,11634,Suburb,,,No,,,,,"Private, nonprofit",,No
455178,Daoist Traditions College of Chinese Medical Arts,NC,,,,,,,,,,,,,,3688,City,,,No,,,,,"Private, for-profit",,No
455257,Yeshiva of Machzikai Hadas,NY,,0.6615,0.7121,18970,31390,,,27601,,0.6129,22446,,,7141,City,,No,No,0.8422,0.9495,,Neither required nor recommended,"Private, nonprofit",,No
455406,Pacific Northwest University of Health Sciences,WA,,,,,,,,,,0.6765,94779,,,27572,Suburb,,,No,,,,,"Private, nonprofit",,No
455433,The Chicago School at Anaheim,CA,,,,,,,10250,51817,43786,1,72216,0.8325123153,0.4642857143,7563,City,,,No,,,,,"Private, nonprofit",,No
455664,The Chicago School at Los Angeles,CA,,0.4017,,,,,10250,51817,43786,0.8091,70704,0.8325123153,0.4642857143,9905,City,,No,No,0.6056,,,Considered but not required,"Private, nonprofit",,No
455770,Providence Christian College,CA,,0.9252,0.5263,25378,51852,,14500,32827,,0.625,50697,0.5801526718,0.3025210084,9573,City,,No,No,0.3382,0.8158,,Neither required nor recommended,"Private, nonprofit",,No
455804,Institute of World Politics,DC,,,,,,,,,,1,107496,,,43142,City,,,No,,,,,"Private, nonprofit",,No
455813,Pontifical John Paul II Institute for Studies on Marriage and Family,DC,,,,,,,,,,,90693,,,57662,City,,,No,,,,,"Private, nonprofit",,No
455992,Vermont College of Fine Arts,VT,,,,,,,,,,,,,,9129,Town,,,No,,,,,"Private, nonprofit",,No
456481,Polytechnic University of Puerto Rico-Miami,FL,,,0,,,,12830,37753,28764,,40347,0.2235217674,0.2195994278,5206,City,25912,Yes,No,0.7059,,,,"Private, nonprofit",,No
456490,Polytechnic University of Puerto Rico-Orlando,FL,,,0.0833,20040,21955,,12830,37753,28764,0.4318,54270,0.2235217674,0.2195994278,9393,Suburb,25912,Yes,No,0.5913,0.2,,,"Private, nonprofit",,No
456542,Geisinger Commonwealth School of Medicine,PA,,,,,,,,79224,,0.963,64908,,,29024,City,,Yes,No,,,,,"Private, nonprofit",,No
456621,Strayer University-West Virginia,WV,,,0.5,16943,23838,0.003405401125,14000,36582,33784,0.1667,89595,0.7508344853,0.5372940338,2122,Suburb,66472,Yes,No,0.8507,1,,,"Private, for-profit",0.0144306956,No
456959,University of Minnesota-Rochester,MN,26,0.7183,0.5691,12785,27237,,16727,57984,44031,1,75114,0.5593906672,0.1865601991,6730,City,70741,No,No,0.3556,0.7211,1220,Considered but not required,Public,0.001156961,No
457129,Chamberlain University-Florida,FL,,1,0.3333,29539,34657,,16458,84533,45246,0.1124,71892,0.8969863014,0.47309798,6726,City,63402,No,No,0.5327,1,,Considered but not required,"Private, for-profit",0.0111780822,No
457226,Horizon University,IN,,,,,,,,,,,,,,4657,Suburb,,Yes,No,0.1463,1,,,"Private, nonprofit",,No
457271,Academy for Jewish Religion California,CA,,,,,,,,,,,11997,,,15054,City,,,No,,,,,"Private, nonprofit",,No
457299,Angeles College,CA,,,0.9714,25805,,,16000,26732,,0.6129,75699,0.7382198953,0.7339449541,4166,City,,Yes,No,0.5147,0.5,,,"Private, for-profit",,No
457402,University of Fort Lauderdale,FL,,,0.75,15245,20726,,5500,,,0.129,34875,0.2127659574,0.46875,2984,Suburb,,Yes,No,0.5812,,,,"Private, nonprofit",,No
457484,Pacific Rim Christian University,HI,,,0.5238,22668,24042,,13616,,,,,0.4787234043,,3032,City,,Yes,No,0.8632,0.8571,,,"Private, nonprofit",,No
457697,City Vision University,MO,,,,6709,12568,,,40650,45783,,,0.5064935065,0.4848484848,1539,City,,Yes,No,0.6591,0.6667,,,"Private, nonprofit",,No
458113,Ascent College,VA,,,0.5,,,,,31455,,,16875,0.6,,2328,Suburb,,Yes,No,0.26,,,,"Private, nonprofit",,No
458210,West Coast University-Orange County,CA,,,0.6429,36836,38599,,24145,96114,45814,0.2022,78471,0.7977900552,0.3973442288,10230,City,63221,Yes,No,0.4122,0.8571,,,"Private, for-profit",0.0095027624,No
458229,West Coast University-Ontario,CA,,,0.5,49752,51950,,24145,96114,45814,0.2183,81864,0.7977900552,0.3973442288,11951,City,63221,Yes,No,0.4971,0.8333,,,"Private, for-profit",0.0095027624,No
458885,Strayer University-Arkansas,AR,,,,,,0.003405401125,14000,36582,33784,0.1667,89595,0.7508344853,0.5372940338,2106,City,66472,Yes,No,0.9273,,,,"Private, for-profit",0.0144306956,No
458919,Strayer University-Georgia,GA,,,0.2308,18224,23838,0.003405401125,14000,36582,33784,0.1848,64323,0.7508344853,0.5372940338,1889,Suburb,66472,Yes,No,0.7837,0.5,,,"Private, for-profit",0.0144306956,No
458955,Strayer University-Mississippi,MS,,,,,,0.003405401125,14000,36582,33784,0.1667,89595,0.7508344853,0.5372940338,2299,City,66472,Yes,No,0.8339,,,,"Private, for-profit",0.0144306956,No
458964,Strayer University-South Carolina,SC,,,0,22134,23838,0.003405401125,14000,36582,33784,0.1875,74664,0.7508344853,0.5372940338,1960,City,66472,Yes,No,0.7889,0.1667,,,"Private, for-profit",0.0144306956,No
458973,Strayer University-Texas,TX,,,0.5,17517,23838,0.003405401125,14000,36582,33784,0.1795,76797,0.7508344853,0.5372940338,2000,Suburb,66472,Yes,No,0.7428,0.2,,,"Private, for-profit",0.0144306956,No
459204,Unitek College,CA,,,0.7168,25719,,,9769,62043,52962,0.5029,69561,0.7945476096,0.4405797101,7695,City,,Yes,No,0.4186,0.8571,,,"Private, for-profit",0.0071118135,No
459213,Gurnick Academy of Medical Arts,CA,,,0.6985,30558,,,16832,64364,41562,0.4274,78678,0.8566838046,0.4819078947,7378,City,,Yes,No,0.442,0.5,,,"Private, for-profit",,No
459259,South University-Richmond,VA,,,0.2069,26205,33875,0.003513513514,13000,34115,35235,0.339,64611,0.7628668652,0.4722883373,8069,Suburb,55764,Yes,No,0.4125,0.6364,,,"Private, for-profit",0.0162342266,No
459268,South University-Virginia Beach,VA,,,0.1364,24372,33875,0.003513513514,13000,34115,35235,0.2,58086,0.7628668652,0.4722883373,10890,City,55764,Yes,No,0.5122,0.25,,,"Private, for-profit",0.0162342266,No
459727,Touro University Worldwide,CA,,,0.4231,16599,27755,,14437,48057,,0.0643,65772,0.8021978022,0.4026845638,2938,Suburb,,Yes,No,0.5194,0.7826,,,"Private, nonprofit",,No
459736,Touro University California,CA,,,,,,,12500,92446,,0.4063,97020,0.8041237113,0.3058823529,19610,City,,,No,,,,,"Private, nonprofit",,No
459745,The Chicago School at Washington DC,DC,,,,,,,10250,51817,43786,1,72567,0.8325123153,0.4642857143,9001,City,,,No,,,,,"Private, nonprofit",,No
459824,Touro University Nevada,NV,,,,,,,12500,92446,,0.408,89883,0.8041237113,0.3058823529,14117,City,,,No,0.2667,,,,"Private, nonprofit",,No
459842,Herzing University-Kenosha,WI,,0.8939,0.5,17613,23590,0.003789792825,11756,35295,31369,0.3191,66465,0.8135465189,0.5209032652,6692,City,60281,No,No,0.6204,0.7692,,Neither required nor recommended,"Private, nonprofit",0.0093163792,No
459851,Herzing University-Brookfield,WI,,0.9079,0.4,18796,25879,0.003789792825,11756,35295,31369,0.2778,66366,0.8135465189,0.5209032652,7271,Suburb,60281,No,No,0.6046,0.3333,,Neither required nor recommended,"Private, nonprofit",0.0093163792,No
459949,Texas A&M University-San Antonio,TX,20,0.92,0.2937,13220,21840,,12500,43479,,1,74232,0.6667575675,0.5349344978,8822,City,,No,No,0.5083,0.6316,954,Considered but not required,Public,0.0051813472,No
459994,Strayer University-Global Region,DC,,,0.2,18918,23838,0.003405401125,14000,36582,33784,0.1905,64071,0.7508344853,0.5372940338,2237,City,66472,Yes,No,0.5278,0.3333,,,"Private, for-profit",0.0144306956,No
460349,Johnson & Wales University-Online,RI,,0.5426,0,21611,25365,0.002875629044,16334,35802,25600,1,89415,0.6353397118,0.3464140731,5464,City,68856,No,No,0.3559,0.5417,,Neither required nor recommended,"Private, nonprofit",0.0024221872,No
460376,Fairfax University of America,VA,,,0,,,,,,,0.0667,60498,,,31249,Suburb,,No,No,0,0.625,,Neither required nor recommended,"Private, nonprofit",,No
460871,Chamberlain University-Virginia,VA,,1,1,,,,16458,84533,45246,0.1017,79884,0.8969863014,0.47309798,6803,Suburb,63402,No,No,0.4389,,,Considered but not required,"Private, for-profit",0.0111780822,No
461023,National Paralegal College,AZ,,,0.3191,15524,19691,,13994,34769,28675,,,0.9007633588,0.4678492239,2107,City,,Yes,No,0.3968,0.1667,,,"Private, for-profit",0.0400763359,No
461032,Carolina College of Biblical Studies,NC,,,0.2222,18745,24267,,17500,34156,,,,0.4955752212,0.5730337079,2379,City,,Yes,No,0.5625,0,,,"Private, nonprofit",0.185840708,No
461120,Omega Graduate School,TN,,,,,,,,,,,4392,,,6375,Rural,,,No,,,,,"Private, nonprofit",,No
461139,Jung Tao School of Classical Chinese Medicine,NC,,,,,,,,,,,,,,2526,Rural,,,No,,,,,"Private, nonprofit",,No
461148,New York Film Academy,CA,,,0.709,46420,62291,,10750,25150,33578,0.1953,30852,0.3512269939,0.3129251701,11587,City,,Yes,No,0.2028,0.7843,,,"Private, for-profit",0.032208589,No
461263,American Medical Sciences Center,CA,,,1,23566,,,15418,36193,,,,0.8674698795,0.5714285714,3411,City,,Yes,No,0.6667,0.75,,,"Private, for-profit",,No
461281,Jose Maria Vargas University,FL,,,,,,,14250,,,,32229,,,2922,Suburb,,Yes,No,0.5728,,,,"Private, for-profit",,No
461485,Shepherds Theological Seminary,NC,,,,,,,,,,0.6552,61605,,,8842,City,,,No,,,,,"Private, nonprofit",,No
461528,Manna University,NC,,1,0.6923,20170,23618,,9500,33431,,0.3571,10161,0.5263157895,,1188,City,,No,No,0.3448,0.6,,Neither required nor recommended,"Private, nonprofit",,No
461643,Bergin University of Canine Studies,CA,,,,,,,,,,,48114,,,25672,Suburb,,,No,0.2941,,,,"Private, nonprofit",,No
461759,Simmons College of Kentucky,KY,14,0.9821,0.34,19960,25981,,,22732,,1,37179,0.4848484848,0.4692307692,5067,City,,No,No,0.4304,0.5135,,Neither required nor recommended,"Private, nonprofit",,No
461795,North American University,TX,,,0.2698,17950,24909,,4750,32221,,0.3125,40023,0.3691275168,0.4464285714,6761,Suburb,,Yes,No,0.5143,0.4333,,,"Private, nonprofit",,No
461847,Keser Torah-Mayan Hatalmud,NJ,,0.7143,0.3333,9706,16600,,,,,,58500,,,4003,Suburb,,No,No,0.1887,0.9167,,Neither required nor recommended,"Private, nonprofit",,No
461883,Millennia Atlantic University,FL,,,1,,,,,,,0.4848,,,,3821,City,,Yes,No,0.0714,0,,,"Private, for-profit",,No
462044,Institute for Doctoral Studies in the Visual Arts,ME,,,,,,,,,,,89505,,,12723,City,,,No,,,,,"Private, nonprofit",,No
462354,John Paul the Great Catholic University,CA,22,0.7929,0.6533,29124,47492,,21500,34360,,0.3143,68436,0.4857142857,,18760,Suburb,,No,No,0.38,0.6986,1181,Considered but not required,"Private, nonprofit",,No
463056,University of Connecticut-Hartford Campus,CT,19,0.8645,0.6536,13339,25031,,18610,63322,40473,0.6538,145539,0.5309655084,0.2664932932,4165,City,80999,No,No,0.458,0.7752,1081,Required,Public,0.0020515451,No
464226,Ottawa University-Surprise,AZ,19,0.3988,0.2252,35081,51400,,12500,49139,42315,0.9412,59841,0.6274509804,0.4008683068,4681,Suburb,65346,No,No,0.3745,0.4359,978,Considered but not required,"Private, nonprofit",0.0130718954,No
466921,Chamberlain University-Missouri,MO,,0.8333,0.3333,34947,41617,,16458,84533,45246,0.1034,79884,0.8969863014,0.47309798,6121,Suburb,63402,No,No,0.4773,0.6667,,Considered but not required,"Private, for-profit",0.0111780822,No
466930,Chamberlain University-Texas,TX,,0.9565,0,32247,39297,,16458,84533,45246,0.1139,71001,0.8969863014,0.47309798,5432,City,63402,No,No,0.4952,0.75,,Considered but not required,"Private, for-profit",0.0111780822,No
469416,Dewey University-Manati,PR,,,0.7429,4039,11572,,5000,17132,26008,1,23850,0.6527531083,0.4795996921,3278,Suburb,21613,Yes,No,0.8938,0.6667,,,"Private, nonprofit",,No
474863,Los Angeles Pacific University,CA,,,0.325,20170,28144,,10806,,,0.104,64962,,,1979,Suburb,,Yes,No,0.4782,0.2,,,"Private, nonprofit",,No
475033,Relay Graduate School of Education,NY,,,,,,,,,,0.6319,87624,,,11396,City,,,No,0,,,,"Private, nonprofit",,No
475121,South University-Savannah Online,GA,,,0.0506,26308,31716,0.003513513514,13000,34115,35235,0.0979,54387,0.7628668652,0.4722883373,2677,City,55764,Yes,No,0.7625,0.2378,,,"Private, for-profit",0.0162342266,No
475200,Whitworth University-Adult Degree Programs,WA,,,,,,,18000,49510,29454,,39501,0.646684832,0.242248062,8859,Suburb,63739,,No,0.4689,,,,"Private, nonprofit",,No
475228,The Colleges of Law at Santa Barbara,CA,,,,,,,,,,,,,,10598,City,,,No,,,,,"Private, nonprofit",,No
475273,Springfield College-Regional Online and Continuing Education,MA,,,,,,,23000,43692,26186,1,73197,0.5983240223,0.3138871275,5533,City,64281,,No,0.5621,,,,"Private, nonprofit",,No
475398,Catholic Distance University,WV,,,,,,,,,,0.2286,22059,,,4362,Town,,Yes,No,0.2,,,,"Private, nonprofit",,No
475495,Rocky Mountain University of Health Professions,UT,,,,,,,,,,0.2759,86580,,,4444,City,,,No,,,,,"Private, for-profit",,No
475608,Criswell College,TX,,0.9167,0.5714,12929,26555,,11803,42026,,0.359,59616,0.2625,,27029,City,,No,No,0.3443,0.6364,,Neither required nor recommended,"Private, nonprofit",,No
475635,Beverly Hills Design Institute,CA,,,0,,,,,,,,18747,,,4662,Suburb,,Yes,No,0.5,,,,"Private, for-profit",,No
475732,Chamberlain University-Georgia,GA,,0.9615,,31471,38137,,16458,84533,45246,0.1102,73737,0.8969863014,0.47309798,5441,City,63402,No,No,0.4828,0.7778,,Considered but not required,"Private, for-profit",0.0111780822,No
475741,Chamberlain University-Indiana,IN,,1,1,36219,41617,,16458,84533,45246,0.1034,79884,0.8969863014,0.47309798,5456,City,63402,No,No,0.4851,0.5,,Considered but not required,"Private, for-profit",0.0111780822,No
475839,Sessions College for Professional Design,AZ,,,0.5,15156,21244,,9500,36805,,,,0.6633165829,0.4628571429,3692,City,,Yes,No,0.3312,1,,,"Private, for-profit",,No
476601,Bais HaMedrash and Mesivta of Baltimore,MD,,1,0.12,9482,23500,,,,,,46224,,,16983,Suburb,,No,No,0.4651,0.84,,Neither required nor recommended,"Private, nonprofit",,No
476692,Yeshiva Gedolah Zichron Leyma,NJ,,0.7059,0.75,6833,17550,,,,,,25497,,,7409,Suburb,,No,No,0.45,0.8571,,Neither required nor recommended,"Private, nonprofit",,No
476717,Be'er Yaakov Talmudic Seminary,NY,,,0.5304,4843,19351,,,26758,,0.5968,14850,,,5355,Suburb,,Yes,No,0.8934,0.9689,,,"Private, nonprofit",,No
476975,Colorado State University Global,CO,17,0.9286,,14099,18384,,14405,65131,52629,0.0499,56304,0.6171623074,0.4480062549,3133,City,,No,No,0.2427,0.5625,,Considered but not required,Public,0.0186313149,No
477039,West Coast University-Dallas,TX,,,,25957,33502,,24145,96114,45814,0.3171,71145,0.7977900552,0.3973442288,8881,City,63221,Yes,No,0.52,0.75,,,"Private, for-profit",0.0095027624,No
479956,Pennsylvania State University-World Campus,PA,,0.8027,0.3363,20826,27938,0.001071811361,19500,55620,40873,,,0.5012260053,0.2875652533,1669,City,63381,No,No,0.2967,0.6629,1198,Considered but not required,Public,0.004693849,No
480073,South University-Austin,TX,,,0.0909,24532,31666,0.003513513514,13000,34115,35235,0.4286,68112,0.7628668652,0.4722883373,7659,City,55764,Yes,No,0.5382,0.1667,,,"Private, for-profit",0.0162342266,No
480091,Bryant & Stratton College-Online,NY,,,0.1833,14642,20558,0.004953560372,9500,27873,23903,0.1317,42138,0.8171590332,0.5378553335,839,Suburb,48773,Yes,No,0.7524,0.3158,,,"Private, nonprofit",0.0111780504,No
480198,Warner Pacific University Professional and Graduate Studies,OR,,0.6706,,,,,20250,45660,33488,1,82170,0.6840336134,0.4658869396,6542,City,63798,No,No,0.29,,,Neither required nor recommended,"Private, nonprofit",,No
480204,Platt College-Riverside,CA,,,0.5611,26217,32321,,15215,38619,31933,0.2667,52992,0.7755666114,0.5471296953,10530,City,60243,Yes,No,0.6996,,,,"Private, for-profit",0.0077390824,No
480569,Florida Institute of Technology-Online,FL,,0.4444,,25374,28715,,14049,41941,39250,,75996,0.5243741765,0.4013402829,231,City,68086,No,No,0.4852,0.2222,,Considered but not required,"Private, nonprofit",0.0194334651,No
480657,Rasmussen University-Kansas,KS,,,0.5,18289,24908,0.002715030408,13000,41436,33857,0.3421,66582,0.814446146,0.4757427831,4842,City,66941,Yes,No,0.5712,,,,"Private, for-profit",0.0124042879,No
480781,California Miramar University,CA,,0.6552,0,11007,16789,,12664,,,,,0.1397849462,0.4810126582,3304,City,,No,No,0.4646,0.4444,,Neither required nor recommended,"Private, for-profit",,No
480790,Rocky Vista University,CO,,,,,,,,,,0.8095,93762,,,22254,Suburb,,,No,,,,,"Private, for-profit",,No
480985,Midwives College of Utah,UT,,0.6,0,26463,33358,,8270,24743,,,43515,,0.4150943396,2245,City,,No,No,0.5161,1,,Neither required nor recommended,"Private, nonprofit",,No
481030,Future Generations University,WV,,,,,,,,,,0.5,65979,,,49917,Rural,,,No,,,,,"Private, nonprofit",,No
481058,Grace Mission University,CA,,,0,,,,,,,,,,,3074,Suburb,,Yes,No,0.19,0.5714,,,"Private, nonprofit",,No
481094,Sotheby's Institute of Art-NY,NY,,,,,,,,,,0.12,62154,,,21007,City,,,No,,,,,"Private, for-profit",,No
481225,Mid-South Christian College,TN,,1,0.75,11881,19761,,,,,0.4375,33354,,,6075,City,,No,No,0.3529,1,,Required,"Private, nonprofit",,No
481401,Grace School of Theology,TX,,,,,,,,,,0.1957,54387,0.3142857143,,3870,City,,Yes,No,0.1196,,,,"Private, nonprofit",,No
481410,Yeshiva Gedolah Kesser Torah,NY,,0.3571,0.381,9215,20100,,,,,,24498,,,4778,Suburb,,No,No,0.3797,1,,Neither required nor recommended,"Private, nonprofit",,No
481438,Yeshiva Yesodei Hatorah,NJ,,1,0.0741,9429,18411,,,,,,30897,,,18337,Suburb,,No,No,0.3881,0.6522,,Neither required nor recommended,"Private, nonprofit",,No
481535,Sanford Burnham Prebys Medical Discovery Institute,CA,,,,,,,,,,0.9762,161001,,,0,City,,,No,,,,,"Private, nonprofit",,No
481720,South University-High Point,NC,,,0,27634,36215,0.003513513514,13000,34115,35235,,,0.7628668652,0.4722883373,6442,City,55764,Yes,No,0.5532,0.5,,,"Private, for-profit",0.0162342266,No
482149,Augusta University,GA,25,0.8931,0.4865,13347,22146,,13015,45037,34342,0.6551,88119,0.673245614,0.2831900669,17460,City,60039,No,No,0.3838,0.7347,1113,Required,Public,,No
482158,Middle Georgia State University,GA,22,0.9977,0.256,13922,20189,,9500,39624,33333,0.7417,74349,0.5888059701,0.356277533,7364,City,49684,No,No,0.4092,0.6085,1055,Considered but not required,Public,0.0029850746,No
482228,Veritas Baptist College,IN,,1,0.2857,13539,18643,,11783,30634,,,28089,0.4285714286,,3192,Town,,No,No,0.3333,0.6,,Neither required nor recommended,"Private, nonprofit",,No
482413,DeVry College of New York,NY,,1,0.3333,34530,41672,0.002145922747,12805,42178,36335,0.2857,97992,0.6059049017,0.5022521408,2955,City,63213,No,No,0.5579,0,,Considered but not required,"Private, for-profit",0.0243454857,No
482422,DeVry University-Arizona,AZ,,,0.625,,,0.002145922747,12805,42178,36335,0.25,87048,0.6059049017,0.5022521408,14557,City,63213,No,No,0.5167,,,Considered but not required,"Private, for-profit",0.0243454857,No
482431,DeVry University-California,CA,,0.4325,0.4286,33294,39643,0.002145922747,12805,42178,36335,0.1901,84690,0.6059049017,0.5022521408,2398,City,63213,No,No,0.5357,0.7222,,Considered but not required,"Private, for-profit",0.0243454857,No
482459,DeVry University-Florida,FL,,1,0.4,,,0.002145922747,12805,42178,36335,0.3043,82341,0.6059049017,0.5022521408,2766,City,63213,No,No,0.5267,,,Considered but not required,"Private, for-profit",0.0243454857,No
482468,DeVry University-Georgia,GA,,0.8125,0.3636,30243,39356,0.002145922747,12805,42178,36335,0.1455,82647,0.6059049017,0.5022521408,2135,Suburb,63213,No,No,0.611,1,,Considered but not required,"Private, for-profit",0.0243454857,No
482477,DeVry University-Illinois,IL,,0.4325,0.3686,30878,38020,0.002145922747,12805,42178,36335,0.0741,78966,0.6059049017,0.5022521408,903,Suburb,63213,No,No,0.6524,0.6509,1050,Considered but not required,"Private, for-profit",0.0243454857,No
482547,DeVry University-Nevada,NV,,,0,,,0.002145922747,12805,42178,36335,,72288,0.6059049017,0.5022521408,15684,City,63213,No,No,0.3,,,Considered but not required,"Private, for-profit",0.0243454857,No
482556,DeVry University-New Jersey,NJ,,1,0.3333,,,0.002145922747,12805,42178,36335,0.2121,107649,0.6059049017,0.5022521408,12843,Suburb,63213,No,No,0.6023,,,Considered but not required,"Private, for-profit",0.0243454857,No
482574,DeVry University-Ohio,OH,,0.8889,0.45,,,0.002145922747,12805,42178,36335,0.3333,83988,0.6059049017,0.5022521408,3263,City,63213,No,No,0.5459,,,Considered but not required,"Private, for-profit",0.0243454857,No
482635,DeVry University-Texas,TX,,0,0.3333,,,0.002145922747,12805,42178,36335,0.3571,76491,0.6059049017,0.5022521408,15162,City,63213,No,No,0.369,,,Considered but not required,"Private, for-profit",0.0243454857,No
482653,DeVry University-Virginia,VA,,1,1,22341,33556,0.002145922747,12805,42178,36335,,75699,0.6059049017,0.5022521408,7114,City,63213,No,No,0.4237,0.5,,Considered but not required,"Private, for-profit",0.0243454857,No
482680,University of North Georgia,GA,23,0.7216,0.3685,10785,18062,,9673,43085,33055,0.7566,73710,0.5747065101,0.3404130658,5917,Town,68510,No,No,0.2769,0.7272,1136,Considered but not required,Public,0.0022678762,No
482699,South Georgia State College,GA,,,0.2031,9300,16015,,7000,30570,22603,0.6337,62955,0.6108134437,0.3226332971,7323,Town,44246,Yes,No,0.5223,0.6,,,Public,,No
482705,Northeastern University Professional Programs,MA,,,,,,,22000,78413,54239,0.1193,84402,0.541089566,0.1851581509,5061,City,80190,,No,0.0428,,,,"Private, nonprofit",0.0039242844,No
482936,Florida Polytechnic University,FL,29,0.5573,0.5302,9899,20807,,7500,77545,,0.8673,91611,,,8196,Rural,,No,No,0.3305,0.7536,1294,Required,Public,,No
483018,Antioch College,OH,23,0.8167,0.2632,6602,50383,,6518,32114,,1,60228,0.67,0.2777777778,17276,Rural,,No,No,0.748,0.6129,,Considered but not required,"Private, nonprofit",,No
483036,Texas A&M University-Central Texas,TX,,1,,1113,13220,,13000,50382,30004,0.5167,76653,0.6629955947,0.4310051107,9356,Rural,,No,No,0.4847,,,Neither required nor recommended,Public,0.0212922173,No
483124,Arizona State University Digital Immersion,AZ,,0.6411,,,,0.001611485497,13610,52843,44758,0.6272,97065,0.5568306611,0.3813179205,4617,City,69074,No,No,0.3789,,,Neither required nor recommended,Public,0.0065341533,No
483373,Integrity College of Health,CA,,,0.6,18132,,,8444,53294,,0.4545,66564,0.8441558442,0.4821428571,3711,City,,Yes,No,0.4889,,,,"Private, for-profit",,No
483595,Ana G. Mendez University,FL,,,,,,,5592,,,0.07,52713,,,2578,City,,Yes,No,0.455,0.6325,,,"Private, nonprofit",,No
483780,Washington University of Science and Technology,VA,,0.1149,0.5455,,,,,,,0.0455,90000,,,1064,Suburb,,No,No,0,0.5965,,Neither required nor recommended,"Private, for-profit",,No
483975,Alabama College of Osteopathic Medicine,AL,,,,,,,,,,,,,,20319,City,,,No,,,,,"Private, nonprofit",,No
484473,University of Florida-Online,FL,29,0.6438,0.7766,4702,17036,,14000,56398,52119,0.093,56718,0.5937902879,0.3076658251,4433,City,60120,No,No,0.2039,0.935,1331,Required,Public,0.0020412548,No
484613,University of Phoenix-Arizona,AZ,,,0.1951,13571,19449,0.003617123042,16690,35359,36266,0.0654,73386,0.6972811618,0.5435338797,1275,City,62086,Yes,No,0.4534,0.4091,,,"Private, for-profit",0.0303186769,No
484631,University of Phoenix-California,CA,,,0.1837,,,0.003617123042,16690,35359,36266,0.0417,,0.6972811618,0.5435338797,1214,City,62086,,No,0.2397,,,,"Private, for-profit",0.0303186769,No
484710,University of Phoenix-Nevada,NV,,,0,,,0.003617123042,16690,35359,36266,,,0.6972811618,0.5435338797,1322,Suburb,62086,,No,0.1667,,,,"Private, for-profit",0.0303186769,No
484756,University of Phoenix-Texas,TX,,,0,,,0.003617123042,16690,35359,36266,,,0.6972811618,0.5435338797,1259,City,62086,,No,0.2222,,,,"Private, for-profit",0.0303186769,No
484844,Minerva University,CA,,0.0355,0.8883,,,,,,,0.8947,123561,,,13343,City,,No,No,0,0.9571,,Neither required nor recommended,"Private, nonprofit",,No
484862,University of West Los Angeles,CA,,,,,,,,,,0.0682,71640,,,10869,Suburb,58283,,No,0.1429,,,,"Private, for-profit",,No
484871,Rabbinical College Ohr Yisroel,NY,,,0.5152,6147,15850,,,,,,31977,,,7874,City,,Yes,No,0.3826,0.8611,,,"Private, nonprofit",,No
484905,University of North Texas at Dallas,TX,18,0.9386,0.4379,8376,21003,,12500,51716,,0.9533,81108,0.7336792045,0.5781339439,8615,City,,No,No,0.5148,0.7042,916,Considered but not required,Public,0.0060527454,No
485111,Georgia Military College,GA,,,0.3294,14693,18298,,5500,32351,27273,0.1446,49185,0.6150068213,0.4072618673,3891,Town,52769,Yes,No,0.3298,0.4,,,Public,0.0060027285,No
485272,West Coast University-Miami,FL,,,0.5,38218,42172,,24145,96114,45814,0.2358,71370,0.7977900552,0.3973442288,14626,City,63221,Yes,No,0.6389,0.6667,,,"Private, for-profit",0.0095027624,No
485403,High Tech High Graduate School of Education,CA,,,,,,,,,,1,69750,,,45706,City,,,No,,,,,"Private, nonprofit",,No
485519,Lionel University,CA,,,0.3837,29539,31812,,6334,,,,31203,0.377593361,0.4705882353,2213,Suburb,,Yes,No,0.3686,0.6667,,,"Private, for-profit",0.0705394191,No
485546,California Intercontinental University,SD,,,0.1024,,,,7404,,,,55890,0.610619469,0.4698795181,1757,City,,Yes,No,0.78,,,,"Private, for-profit",,No
485698,American College of the Building Arts,SC,24,0.6207,0.64,26389,38984,,10500,,,0.8889,67185,,,14882,City,,No,No,0.1986,1,1137,Considered but not required,"Private, nonprofit",,No
485768,Atlantis University,FL,,,0.6129,20767,24866,,15900,,,0.5352,22626,0.2413793103,0.4788732394,3676,City,,Yes,No,0.4944,0.3571,,,"Private, for-profit",,No
485999,Bet Medrash Gadol Ateret Torah,NY,,0.6531,0.5217,4382,16500,,,,,1,39402,,,10906,City,,No,No,0.5824,0.8929,,Neither required nor recommended,"Private, nonprofit",,No
486017,Yeshiva Ohr Yisrael,NY,,1,0.125,10500,18645,,,,,,79317,,,90714,City,,No,No,0.2609,0.25,,Neither required nor recommended,"Private, nonprofit",,No
486026,Yeshiva Sholom Shachna,NY,,0.8696,0.0606,7975,19450,,,,,,78273,,,4913,City,,No,No,0.4766,0.7143,,Neither required nor recommended,"Private, nonprofit",,No
486053,Bethlehem College & Seminary,MN,,,0.5,,,,,,,0.8125,56736,,,10012,City,,Yes,No,0,1,,,"Private, nonprofit",,No
486080,Elmezzi Graduate School of Molecular Medicine,NY,,,,,,,,,,,,,,0,Suburb,,,No,,,,,"Private, nonprofit",,No
486196,Beth Medrash Meor Yitzchok,NY,,0.5212,0.4921,10768,22200,,,,,,45567,,,12021,Suburb,,No,No,0.5344,0.9286,,Neither required nor recommended,"Private, nonprofit",,No
486239,San Ignacio University,FL,,,0.7037,9433,14305,,,,,0.0412,,0.4333333333,,2845,City,,Yes,No,0.0588,0.6667,,,"Private, for-profit",,No
486257,Valor Christian College,OH,,,0.4146,25886,30234,,12270,32212,,0.2941,58653,0.5627906977,0.4463276836,2190,City,,Yes,No,0.5789,0.5,,,"Private, nonprofit",,No
486284,Bethany Global University,MN,,0.9388,0.6119,20833,29638,,11598,34385,,0.0889,44073,0.688172043,0.2183908046,5586,City,,No,No,0.4685,0.561,,Neither required nor recommended,"Private, nonprofit",,No
486354,United International College,FL,,,0.92,,,,,,,,,,,5211,Suburb,,Yes,No,0,0.75,,,"Private, for-profit",,No
486433,Presidio Graduate School,CA,,,,,,,,,,,,,,9001,City,,,No,,,,,"Private, nonprofit",,No
486488,California Jazz Conservatory,CA,,1,0.5,,,,,,,,70506,,,2387,City,,No,No,0.3478,,,Neither required nor recommended,"Private, nonprofit",,No
486840,Kennesaw State University,GA,23,0.6918,0.4806,16972,24618,0.001397233478,14250,47863,35308,0.6411,84681,0.4741253897,0.2693773825,6232,Suburb,79803,No,No,0.3538,0.7874,1120,Considered but not required,Public,0.0033252511,No
486901,Milligan University,TN,25,0.7027,0.6029,21131,49850,,18800,43168,,0.6864,62181,0.6231155779,0.3186528497,9701,Suburb,54832,No,No,0.2344,0.7943,1195,Considered but not required,"Private, nonprofit",,No
486938,Chamberlain University-Nevada,NV,,0.75,0,40925,44446,,16458,84533,45246,0.1017,79884,0.8969863014,0.47309798,5778,City,63402,No,No,0.4268,0.4,,Considered but not required,"Private, for-profit",0.0111780822,No
486947,Chamberlain University-Michigan,MI,,0.8889,,26870,27697,,16458,84533,45246,0.1017,79884,0.8969863014,0.47309798,5669,City,63402,No,No,0.4474,0,,Considered but not required,"Private, for-profit",0.0111780822,No
486956,Chamberlain University-New Jersey,NJ,,0.9,0,36438,41740,,16458,84533,45246,0.1102,73737,0.8969863014,0.47309798,5637,Suburb,63402,No,No,0.3442,0.7143,,Considered but not required,"Private, for-profit",0.0111780822,No
487010,The University of Tennessee Health Science Center,TN,,,,,,,11250,68668,42579,0.6737,113562,0.8888888889,0.2924528302,98272,City,,,No,0.1254,,,,Public,,No
487153,The Chicago School at Xavier University of Louisiana,LA,,,,,,,10250,51817,43786,,83799,0.8325123153,0.4642857143,7432,City,,,No,,,,,"Private, nonprofit",,No
487375,Arizona College of Nursing-Las Vegas,NV,,1,0.75,32603,36044,,9500,32840,22441,0.3261,69858,0.8486707566,0.5442307692,5921,Suburb,55688,No,No,0.5739,0.84,,Neither required nor recommended,"Private, for-profit",0.0071574642,No
487524,Husson University,ME,,0.8643,0.5667,20798,34073,,21500,41554,,1,70839,0.533425224,0.32178932180000003,7031,City,50577,No,No,0.3466,0.7634,1110,Considered but not required,"Private, nonprofit",0.0075809786,No
487603,Northwest University-Center for Online and Extended Education,WA,,,0.3077,26734,30923,,15000,50495,,,,0.6165254237,0.3636363636,4081,Suburb,71872,Yes,No,0.2072,0.7083,,,"Private, nonprofit",,No
487649,California Institute of Advanced Management,CA,,,,,,,,,,0.2,83466,,,1100,Suburb,,,No,,,,,"Private, nonprofit",,No
487746,Yeshiva Zichron Aryeh,NY,,0.6,0,,,,,,,,44973,,,68129,City,,No,No,0.1071,,,Neither required nor recommended,"Private, nonprofit",,No
487861,Felbry College,OH,,0.6466,0.7692,63922,66505,,9500,,,0.75,52479,0.8781512605,0.5128205128,8014,City,,No,No,0.4341,,,Neither required nor recommended,"Private, for-profit",,No
487995,Alhambra Medical University,CA,,,,,,,,,,,45000,,,2398,Suburb,,,No,,,,,"Private, for-profit",,No
488004,Central Yeshiva Beth Joseph,NY,,,,,,,,,,,46665,,,12721,City,,,No,0.3929,,,,"Private, nonprofit",,No
488031,Abraham Lincoln University,CA,,,,24825,31720,,8984,,,,,,,1239,City,,Yes,No,0.4894,1,,,"Private, for-profit",,No
488305,Elim Bible Institute and College,NY,,1,0.697,9641,19182,,9241,,,0.1667,28692,0.4126984127,,9838,Rural,,No,No,0.4737,1,,Neither required nor recommended,"Private, nonprofit",,No
488314,Beth Medrash of Asbury Park,NJ,,0.4231,0,8030,18810,,,,,,61470,,,4281,Suburb,,No,No,0.4433,0.7826,,Neither required nor recommended,"Private, nonprofit",,No
488387,Claremont Lincoln University,CA,,,,,,,,,,0.0222,74997,,,3338,Suburb,,,No,,,,,"Private, nonprofit",,No
488448,Seattle Film Institute,WA,,,0.8889,41429,47496,,12063,,,,49500,,,4792,City,,Yes,No,0.4058,0.7273,,,"Private, for-profit",,No
488527,Arkansas Colleges of Health Education,AR,,,,,,,,,,,,,,17346,City,,,No,,,,,"Private, nonprofit",,No
488554,Burrell College of Osteopathic Medicine,NM,,,,,,,,,,,,,,11510,Suburb,,,No,,,,,"Private, for-profit",,No
488572,California Health Sciences University,CA,,,,,,,,,,1,121572,,,32937,Suburb,,,No,,,,,"Private, for-profit",,No
488679,Indiana Wesleyan University-National & Global,IN,,,0.3722,16767,22117,0.004907621247,14335,51329,38899,1,71001,0.7298892989,0.4741139964,3305,Rural,62930,Yes,No,0.4758,,,,"Private, nonprofit",0.0156457565,No
488721,NationsUniversity,LA,,,,,,,,,,,,,,20,City,,Yes,No,0,,,,"Private, nonprofit",,No
488776,John Patrick University of Health and Applied Sciences,IN,,1,,23304,25028,,18000,,,0.0794,106002,,,3331,City,,No,No,0.175,0.3333,,Neither required nor recommended,"Private, for-profit",,No
488785,University of Saint Katherine,CA,,0.4625,0.4348,33072,48604,,15000,,,0.2439,65052,,,8615,Suburb,,No,No,0.3491,0.5758,,Neither required nor recommended,"Private, nonprofit",,No
488800,Teachers College of San Joaquin,CA,,,,,,,,,,0.0915,99954,,,7185,City,,,No,0,,,,Public,,No
488846,University of the People,CA,,,0.3674,,,,,,,,,,,219,City,,Yes,No,0,0.7939,,,"Private, nonprofit",,No
488907,Wongu University of Oriental Medicine,NV,,,,,,,,,,,,,,6660,City,,,No,,,,,"Private, nonprofit",,No
489335,Institute of Buddhist Studies,CA,,,,,,,,,,,85743,,,39437,City,,,No,,,,,"Private, nonprofit",,No
489344,Chamberlain University-North Carolina,NC,,0.6667,0,21664,27697,,16458,84533,45246,0.1034,79884,0.8969863014,0.47309798,4637,City,63402,No,No,0.3806,0,,Considered but not required,"Private, for-profit",0.0111780822,No
489353,Chamberlain University-California,CA,,0.6,0,,,,16458,84533,45246,0.1124,71892,0.8969863014,0.47309798,7783,City,63402,No,No,0.3166,,,Considered but not required,"Private, for-profit",0.0111780822,No
489779,Purdue University Global,IN,,,0.4762,12267,17994,0.003916858158,11648,32973,31313,0.1349,57051,0.7967492381,0.533063854,1413,City,57805,Yes,No,0.4793,0.25,,,Public,0.0215415071,No
489858,West Coast University-Center for Graduate Studies,CA,,,,,,,24145,96114,45814,0.4286,94446,0.7977900552,0.3973442288,10278,City,63221,,No,,,,,"Private, for-profit",0.0095027624,No
489937,Carolina University,NC,,0.34,0.2923,18866,29965,,11005,30657,25431,0.6889,46170,0.4838709677,0.3266331658,5119,City,55018,No,No,0.4562,0.5641,,Neither required nor recommended,"Private, nonprofit",,No
490045,Presbyterian Theological Seminary in America,CA,,,0.8,,,,,,,,9963,,,1581,Suburb,,Yes,No,0.4722,,,,"Private, nonprofit",,No
490081,America Evangelical University,CA,,,1,24088,26400,,,,,,16767,,,3572,City,,Yes,No,0.549,0.6667,,,"Private, nonprofit",,No
490106,Virginia University of Integrative Medicine,VA,,,,,,,,,,0.2941,50796,,,4128,Suburb,,,No,,,,,"Private, nonprofit",,No
490133,Westcliff University,CA,,0.4513,0.5978,26455,35995,,7500,,,0.0869,67743,,,1536,City,,No,No,0.0209,0.7333,,Neither required nor recommended,"Private, for-profit",,No
490203,Bolivar Technical College,MO,,0.8182,0,,,,11000,,,0.5714,40509,,,12784,Town,,No,No,0.6154,,,Neither required nor recommended,"Private, nonprofit",,No
490230,Reformed University,GA,,0.7342,0.5,,,,,,,,,,,2122,Suburb,,No,No,0,0.75,,Neither required nor recommended,"Private, nonprofit",,No
490276,Yeshiva Shaar Ephraim,NY,,,0.0811,3755,20397,,,,,1,38061,,,11021,Suburb,,Yes,No,0.7333,0.6889,,,"Private, nonprofit",,No
490328,Mechon L'hoyroa,NY,,,,,,,,,,,16713,,,8813,Suburb,,Yes,No,0.8316,,,,"Private, nonprofit",,No
490373,Western Michigan University Homer Stryker M.D. School of Medicine,MI,,,,,,,,,,,,,,116889,City,,,No,,,,,"Private, nonprofit",,No
490513,Bais Medrash Mayan Hatorah,NJ,,0.6667,0.65,11297,18400,,,,,,32607,,,12136,City,,No,No,0.2059,0.2308,,Neither required nor recommended,"Private, nonprofit",,No
490753,Maine Media College,ME,,,,,,,,,,0.65,,,,36829,Town,,,No,0.1,,,,"Private, nonprofit",,No
490805,Purdue University Northwest,IN,23,0.7063,0.4402,8463,16287,,13031,48439,36572,1,87075,0.6164244677,0.430293896,10021,Suburb,61126,No,No,0.277,0.6769,1034,Considered but not required,Public,0.0081108483,No
490878,Platt College-Anaheim,CA,,,0.6182,25680,31348,,15215,38619,31933,0.2037,52983,0.7755666114,0.5471296953,11047,City,60243,Yes,No,0.5981,,,,"Private, for-profit",0.0077390824,No
491057,Yeshiva Kollel Tifereth Elizer,NY,,0.75,0.8571,11588,24728,,,,,0.7895,24642,,,4906,City,,No,No,0.8904,0.4615,,Neither required nor recommended,"Private, nonprofit",,No
491190,The Chicago School at San Diego,CA,,1,,,,,10250,51817,43786,,69966,0.8325123153,0.4642857143,7707,City,,No,No,0.5,,,Considered but not required,"Private, nonprofit",,No
491288,University of Wisconsin-Milwaukee Flex,WI,,0.9231,,,,0.002514142049,15250,45851,29759,0.6,94428,0.56415828,0.3304775104,2729,City,65921,No,No,0.1732,,,Neither required nor recommended,Public,0.0068618481,No
491297,University of Wisconsin-Parkside Flex,WI,,,,,,,14000,42154,28937,0.5,112050,0.5664477009,0.4094707521,1515,Rural,64274,,No,0.1849,,,,Public,0.0075795856,No
491525,Union Bible College,IN,,0.8673,0.3636,7187,15351,,,,,0.3684,11538,,,1584,Suburb,,No,No,0.2647,0.6,,Considered but not required,"Private, nonprofit",,No
491613,Yeshiva Gedolah Tiferes Boruch,NJ,,1,0,7240,15300,,,,,,36423,,,5657,Suburb,,No,No,0.5507,0.8947,,Neither required nor recommended,"Private, nonprofit",,No
491622,Yeshiva Chemdas Hatorah,NJ,,0.75,0.7059,9827,19517,,,,,,34146,,,8056,Suburb,,No,No,0.4691,0.8667,,Neither required nor recommended,"Private, nonprofit",,No
491631,Women's Institute of Torah Seminary and College,MD,,0.9615,1,11230,29600,,,,,,,,,5300,City,,No,No,0.2428,0.96,,Neither required nor recommended,"Private, nonprofit",,No
491710,Yeshiva Gedolah of Cliffwood,NJ,,0.8,0.1053,,,,,,,,60003,,,9795,Suburb,,No,No,0.0938,0.8182,,Neither required nor recommended,"Private, nonprofit",,No
491765,Yeshivas Emek Hatorah,NJ,,1,0.0435,6055,15550,,,,,,61479,,,12413,Rural,,No,No,0.0968,1,,Neither required nor recommended,"Private, nonprofit",,No
491808,Meridian University,CA,,,,,,,,,,0.2553,63324,,,2175,City,,,No,,,,,"Private, for-profit",,No
491914,Yeshiva Gedola Tiferes Yerachmiel,NJ,,0.4262,0.8824,7820,14750,,,,,,45567,,,5096,City,,No,No,0.4326,1,,Neither required nor recommended,"Private, nonprofit",,No
492069,Champion Christian College,AR,,,,15220,20376,,5500,,,0.7,20997,,,2518,City,,Yes,No,0.6111,0.5,,,"Private, nonprofit",,No
492209,Reiss-Davis Graduate School,CA,,,,,,,,,,,56691,,,7141,City,,,No,,,,,"Private, nonprofit",,No
492607,The Chicago School at Dallas,TX,,,,,,,10250,51817,43786,1,71352,0.8325123153,0.4642857143,8877,City,,No,No,,,,Considered but not required,"Private, nonprofit",,No
492689,Texas Tech University Health Sciences Center-El Paso,TX,,,,,,,12500,,,0.7903,107343,,,143347,City,,,No,0.531,,,,Public,,No
492704,Ponce Health Sciences University-Centro Universitario de San Juan,PR,,,,,,,15500,,,0.4444,58032,,,3545,City,,,No,,,,,"Private, for-profit",,No
492759,Chamberlain University-Louisiana,LA,,0.9091,,36972,41617,,16458,84533,45246,0.1034,79884,0.8969863014,0.47309798,5813,Suburb,63402,No,No,0.3616,1,,Considered but not required,"Private, for-profit",0.0111780822,No
492801,Drury University-College of Continuing Professional Studies,MO,,,0.3208,13375,19985,,13000,37508,29369,1,57159,0.6037507562,0.4127630686,7328,City,45736,Yes,No,0.5876,0.375,,,"Private, nonprofit",0.0102843315,No
492962,Indiana Institute of Technology-College of Professional Studies,IN,,,,19086,24563,0.005105513955,12564,29717,32091,,,0.6610447028,0.5330149502,5138,City,60972,Yes,No,0.5261,0.4,,,"Private, nonprofit",0.0135909612,No
493512,San Diego Global Knowledge University,CA,,,,,,,,,,,,,,3782,City,,Yes,No,0.053,1,,,"Private, for-profit",,No
493594,Yeshiva of Ocean,NY,,0.38,0.6667,7784,14550,,,,,,58500,,,4427,Rural,,No,No,0.625,0.8889,,Neither required nor recommended,"Private, nonprofit",,No
493600,Congregation Talmidei Mesivta Tiferes Shmiel Aleksander,NY,,,0.1228,8602,25625,,,,,1,33111,,,11514,City,,Yes,No,0.7765,0.9636,,,"Private, nonprofit",,No
493664,Yeshivat Hechal Shemuel,NY,,1,0.8,5800,18180,,,,,,63747,,,10893,City,,No,No,0.3667,0.875,,Neither required nor recommended,"Private, nonprofit",,No
493673,Professional University Dr. Carlos J. Borrero Rios,PR,,,,,,,,,,,48600,,,3720,City,,Yes,No,,,,,"Private, for-profit",,No
493707,Yeshiva Gedolah of Woodlake Village,NJ,,0.9545,0.5,6841,14650,,,,,,45531,,,13282,Suburb,,No,No,0.3165,0.8333,,Neither required nor recommended,"Private, nonprofit",,No
493716,Yeshiva Gedola Tiferes Yaakov Yitzchok,NJ,,0.5,0.8333,10046,19900,,,,,,32310,,,21202,Suburb,,No,No,0.1912,0.85,,Neither required nor recommended,"Private, nonprofit",,No
493822,College Unbound,RI,,,,19116,26634,,7690,,,,,,,8519,City,,Yes,No,0.5684,0.5714,,,"Private, nonprofit",,No
493895,SANS Technology Institute,MD,,,,,,,,,,0.0062,,,,10365,City,,,No,0,,,,"Private, for-profit",,No
493947,Idaho College of Osteopathic Medicine,ID,,,,,,,,,,1,,,,21408,Suburb,,,No,,,,,"Private, for-profit",,No
493956,Cal Northern School of Law,CA,,,,,,,,,,,,,,2473,City,,,No,,,,,"Private, for-profit",,No
494010,Ponce Health Sciences University-St Louis,MO,,,,,,,15500,,,1,44532,,,28464,City,,,No,,,,,"Private, for-profit",,No
494162,Arizona College of Nursing-Dallas,TX,,1,,33228,39211,,9500,32840,22441,0.2292,67239,0.8486707566,0.5442307692,6965,City,55688,No,No,0.6542,0.6429,,Neither required nor recommended,"Private, for-profit",0.0071574642,No
494278,EDP University of Puerto Rico-Humacao,PR,,0.8488,,8618,16543,,10500,21535,28995,1,21096,0.664742268,0.44092827,3894,Suburb,19799,No,No,0.6214,,,Neither required nor recommended,"Private, nonprofit",0.0065979381,No
494287,EDP University of Puerto Rico-Manati,PR,,0.6636,,7619,14489,,10500,21535,28995,1,21393,0.664742268,0.44092827,4480,Suburb,19799,No,No,0.3705,,,Neither required nor recommended,"Private, nonprofit",0.0065979381,No
494542,Sattler College,MA,,0.5429,,,,,,,,,,,,,City,,No,No,0,0.7857,,Required,"Private, nonprofit",,No
494551,Glasgow Caledonian New York College,NY,,,,,,,,,,,112500,,,39804,City,,,No,,,,,"Private, nonprofit",,No
494597,Faith Theological Seminary and Christian College,FL,,,0.9333,,,,,,,,13500,,,,Suburb,,Yes,No,,0.6923,,,"Private, nonprofit",,No
494603,The Southwestern Baptist Theological Seminary,TX,25,0.5275,0.3556,,,,,,,0.9722,64251,,,6238,City,,No,No,0,0.7949,,Neither required nor recommended,"Private, nonprofit",,No
494630,Christ Mission College,TX,,,0,7157,15142,,,,,,,,,1402,Suburb,,Yes,No,0.5957,0.7143,,,"Private, nonprofit",,No
494685,Urshan College,MO,,0.8387,0.55,13496,16089,,5500,,,,39132,,,1976,Suburb,,No,No,0.3996,0.6905,1035,Required,"Private, nonprofit",,No
494737,Yeshiva Yesoda Hatorah Vetz Chaim,NY,,,0.3462,7356,23824,,,,,1,38997,,,45671,City,,Yes,No,0.8315,0.9722,,,"Private, nonprofit",,No
494807,Ponce Health Sciences University-East,PR,,0.5795,0.7778,17687,28734,,15500,,,0.4,73305,,,2537,City,,No,No,0.8696,0.85,,Considered but not required,"Private, for-profit",,No
495031,Bais Medrash of Dexter Park,NY,,0.9231,0.8571,24711,30590,,,,,,30447,,,10178,Suburb,,No,No,0.2059,0,,Neither required nor recommended,"Private, nonprofit",,No
495059,Oak Valley College,CA,,,0.4348,5805,23575,,,,,,60003,,,3283,Suburb,,Yes,No,0.4468,0.7333,,,"Private, nonprofit",,No
495192,Alder Graduate School of Education,CA,,,,,,,,,,0.1774,95679,,,18922,City,,,No,,,,,"Private, nonprofit",,No
495280,Indian Bible College,AZ,,,1,5068,17263,,,,,,46278,,,21332,City,,Yes,No,0.6563,,,,"Private, nonprofit",,No
495314,Hackensack Meridian School of Medicine,NJ,,,,,,,,,,,,,,11092,Suburb,,,No,,,,,"Private, nonprofit",,No
495420,Arizona College of Nursing-Tampa,FL,,1,,30580,36515,,9500,32840,22441,0.2381,64062,0.8486707566,0.5442307692,7556,City,55688,No,No,0.5311,0.6667,,Neither required nor recommended,"Private, for-profit",0.0071574642,No
495439,Arizona College of Nursing-Fort Lauderdale,FL,,,,35522,42272,,9500,32840,22441,0.1525,69210,0.8486707566,0.5442307692,6675,City,55688,No,No,0.6667,0.7857,,Neither required nor recommended,"Private, for-profit",0.0071574642,No
495448,Arizona College of Nursing-Tucson,AZ,,1,,28789,32730,,9500,32840,22441,0.2,71415,0.8486707566,0.5442307692,7216,City,55688,No,No,0.6415,0.75,,Neither required nor recommended,"Private, for-profit",0.0071574642,No
495457,Arizona College of Nursing-Phoenix,AZ,,1,,34155,38789,,9500,32840,22441,0.3913,67014,0.8486707566,0.5442307692,5078,City,55688,No,No,0.5255,0.8667,,Neither required nor recommended,"Private, for-profit",0.0071574642,No
495916,Pathways College,AZ,,,,,,,,,,,45000,,,15335,City,,No,No,0,,,,"Private, nonprofit",,No
496043,California University of Science and Medicine,CA,,,,,,,,,,1,,,,24811,Suburb,,,No,,,,,"Private, nonprofit",,No
496326,Eagle Gate College-Boise Campus,ID,,,,29546,34345,,20000,36393,28292,0.5333,62676,0.7718446602,0.5258126195,4982,City,64280,Yes,No,0.4866,0.7143,,,"Private, for-profit",,No
496469,Daybreak University,CA,,,,,,,,,,,42912,,,2034,City,,,No,,,,,"Private, nonprofit",,No
496627,California Northstate University,CA,,0.8485,0.8788,,,,,,,0.3252,97533,,,27001,Suburb,,No,No,0,0.9,,Neither required nor recommended,"Private, for-profit",,No
496636,Antigua College International,FL,,,,25650,25822,,,,,1,42471,,,4754,Suburb,,Yes,No,0.7371,,,,"Private, for-profit",,No
496681,Florida Academy of Nursing,FL,,,,15028,,,,,,1,27225,,,5922,Suburb,,No,No,0.662,,,Neither required nor recommended,"Private, for-profit",,No
496706,Lakewood University,OH,,,,,,,,,,,,,,823,Suburb,,Yes,No,0.0549,,,,"Private, nonprofit",,No
497000,Remington College-Online Dallas,TX,,,,21571,28936,0.003720065101,9500,26884,22634,,,0.7714097497,0.5946662943,6299,City,57418,Yes,No,0.8894,0.9556,,,"Private, nonprofit",0.0081247255,No
497037,Abilene Christian University-Undergraduate Online,TX,,1,,12714,19042,,14750,46727,28876,,,0.6118200134,0.2445229682,8009,Suburb,67136,No,No,0.5992,0.4,,Neither required nor recommended,"Private, nonprofit",,No
497107,University of Silicon Andhra,CA,,0.9545,,,,,,,,,,,,2748,City,,No,No,0,,,Neither required nor recommended,"Private, nonprofit",,No
497213,Great Northern University,WA,,1,,31680,32695,,,,,,32670,,,18943,City,,No,No,0.4571,1,,Neither required nor recommended,"Private, nonprofit",,No
497268,Arizona College of Nursing-Salt Lake City,UT,,1,,31831,35805,,9500,32840,22441,0.2703,70362,0.8486707566,0.5442307692,6403,City,55688,No,No,0.4845,0.9375,,Neither required nor recommended,"Private, for-profit",0.0071574642,No
497408,Bridges Christian College,LA,,,,,,,,,,,,,,1607,City,,Yes,No,0.4262,0.5,,,"Private, nonprofit",,No
497453,Jackson Theological Seminary,AR,,,,,,,,,,,10386,,,14293,City,,,No,,,,,"Private, nonprofit",,No
497462,Redeemers University North America,TX,,0.9231,,,,,,,,,,,,527,Rural,,No,No,0.0061,,,Considered but not required,"Private, nonprofit",,No
497480,Reach University,CA,,0.9915,,13305,24225,,,,,0.4706,75843,,,2918,City,,No,No,0.6111,0.6923,,Neither required nor recommended,"Private, nonprofit",,No
497718,Academy for Jewish Religion,NY,,,,,,,,,,,,,,23924,Suburb,,,No,,,,,"Private, nonprofit",,No
497824,Evangel University-College of Online Learning,MO,,0.45,,18354,20433,,17495,39332,27447,,36531,0.5505735141,0.2610571737,2203,City,58696,No,No,0.525,0.7143,,Neither required nor recommended,"Private, nonprofit",,No
498562,Commonwealth University of Pennsylvania,PA,,0.9475,0.5302,18877,25781,,19500,44053,27954,0.8558,98874,0.5715309291,0.3398760331,9733,Town,60832,No,No,0.2934,0.748,1093,Considered but not required,Public,0.0028660139,No
498571,Pennsylvania Western University,PA,,0.9365,0.5103,19352,27618,,16750,38474,30151,0.82,99846,0.566749844,0.3733333333,9634,Town,51671,No,No,0.3686,0.7043,1076,Considered but not required,Public,0.0084217093,No
498809,Yeshiva of Kasho,NY,,,0.1087,9078,19153,,,,,1,32526,,,8755,City,,Yes,No,0.7342,0.8889,,,"Private, nonprofit",,No
498906,Yeshivas Sanz Klauzenburg,NY,,,0.2727,10556,17500,,,,,0.6875,19836,,,12531,City,,Yes,No,0.7476,1,,,"Private, nonprofit",,No
498924,URBE University,FL,,,0.6111,,,,,,,,,,,14182,Suburb,,Yes,No,0,0.8571,,,"Private, for-profit",,No
499495,Gwinnett Institute,FL,,,,31423,,,13000,36705,28429,0.9474,49797,0.9538461538,0.5441860465,4830,Suburb,56942,Yes,No,0.685,,,,"Private, for-profit",,No
